class_code,subject_code,seeded_order,chapter_code,chapter_title,candidate_source_url,source_edition,chapter_source_status,chapter_source_verified,question_type,actual_active_approved_count,minimum_target_count,required_in_current_target_plan,gap_to_required_minimum
6,maths,1,knowing-numbers,संख्याओं की समझ,https://scert.bihar.gov.in/eresources/%E0%A4%97%E0%A4%A3%E0%A4%BF%E0%A4%A4-%E0%A4%AD%E0%A4%BE%E0%A4%97-6-1707973215,UNVERIFIED,NEEDS_REVIEW,false,MCQ,0,1,true,1
6,maths,1,knowing-numbers,संख्याओं की समझ,https://scert.bihar.gov.in/eresources/%E0%A4%97%E0%A4%A3%E0%A4%BF%E0%A4%A4-%E0%A4%AD%E0%A4%BE%E0%A4%97-6-1707973215,UNVERIFIED,NEEDS_REVIEW,false,TRUE_FALSE,0,1,true,1
6,maths,1,knowing-numbers,संख्याओं की समझ,https://scert.bihar.gov.in/eresources/%E0%A4%97%E0%A4%A3%E0%A4%BF%E0%A4%A4-%E0%A4%AD%E0%A4%BE%E0%A4%97-6-1707973215,UNVERIFIED,NEEDS_REVIEW,false,INPUT,0,1,true,1
6,maths,1,knowing-numbers,संख्याओं की समझ,https://scert.bihar.gov.in/eresources/%E0%A4%97%E0%A4%A3%E0%A4%BF%E0%A4%A4-%E0%A4%AD%E0%A4%BE%E0%A4%97-6-1707973215,UNVERIFIED,NEEDS_REVIEW,false,MATCH,0,1,true,1
6,maths,1,knowing-numbers,संख्याओं की समझ,https://scert.bihar.gov.in/eresources/%E0%A4%97%E0%A4%A3%E0%A4%BF%E0%A4%A4-%E0%A4%AD%E0%A4%BE%E0%A4%97-6-1707973215,UNVERIFIED,NEEDS_REVIEW,false,ORDER,0,1,true,1
6,maths,1,knowing-numbers,संख्याओं की समझ,https://scert.bihar.gov.in/eresources/%E0%A4%97%E0%A4%A3%E0%A4%BF%E0%A4%A4-%E0%A4%AD%E0%A4%BE%E0%A4%97-6-1707973215,UNVERIFIED,NEEDS_REVIEW,false,ASSERTION_REASON,0,1,false,0
6,maths,1,knowing-numbers,संख्याओं की समझ,https://scert.bihar.gov.in/eresources/%E0%A4%97%E0%A4%A3%E0%A4%BF%E0%A4%A4-%E0%A4%AD%E0%A4%BE%E0%A4%97-6-1707973215,UNVERIFIED,NEEDS_REVIEW,false,CASE_BASED,0,1,true,1
6,maths,1,knowing-numbers,संख्याओं की समझ,https://scert.bihar.gov.in/eresources/%E0%A4%97%E0%A4%A3%E0%A4%BF%E0%A4%A4-%E0%A4%AD%E0%A4%BE%E0%A4%97-6-1707973215,UNVERIFIED,NEEDS_REVIEW,false,SHORT_ANSWER,0,1,true,1
6,maths,1,knowing-numbers,संख्याओं की समझ,https://scert.bihar.gov.in/eresources/%E0%A4%97%E0%A4%A3%E0%A4%BF%E0%A4%A4-%E0%A4%AD%E0%A4%BE%E0%A4%97-6-1707973215,UNVERIFIED,NEEDS_REVIEW,false,LONG_ANSWER,0,1,true,1
6,maths,1,knowing-numbers,संख्याओं की समझ,https://scert.bihar.gov.in/eresources/%E0%A4%97%E0%A4%A3%E0%A4%BF%E0%A4%A4-%E0%A4%AD%E0%A4%BE%E0%A4%97-6-1707973215,UNVERIFIED,NEEDS_REVIEW,false,NUMERICAL,0,1,true,1
6,maths,1,knowing-numbers,संख्याओं की समझ,https://scert.bihar.gov.in/eresources/%E0%A4%97%E0%A4%A3%E0%A4%BF%E0%A4%A4-%E0%A4%AD%E0%A4%BE%E0%A4%97-6-1707973215,UNVERIFIED,NEEDS_REVIEW,false,DIAGRAM,0,1,false,0
6,maths,1,knowing-numbers,संख्याओं की समझ,https://scert.bihar.gov.in/eresources/%E0%A4%97%E0%A4%A3%E0%A4%BF%E0%A4%A4-%E0%A4%AD%E0%A4%BE%E0%A4%97-6-1707973215,UNVERIFIED,NEEDS_REVIEW,false,MAP,0,1,false,0
6,maths,1,knowing-numbers,संख्याओं की समझ,https://scert.bihar.gov.in/eresources/%E0%A4%97%E0%A4%A3%E0%A4%BF%E0%A4%A4-%E0%A4%AD%E0%A4%BE%E0%A4%97-6-1707973215,UNVERIFIED,NEEDS_REVIEW,false,SOURCE_BASED,0,1,false,0
6,maths,2,whole-numbers,पूर्ण संख्याएँ,https://scert.bihar.gov.in/eresources/%E0%A4%97%E0%A4%A3%E0%A4%BF%E0%A4%A4-%E0%A4%AD%E0%A4%BE%E0%A4%97-6-1707973215,UNVERIFIED,NEEDS_REVIEW,false,MCQ,0,1,true,1
6,maths,2,whole-numbers,पूर्ण संख्याएँ,https://scert.bihar.gov.in/eresources/%E0%A4%97%E0%A4%A3%E0%A4%BF%E0%A4%A4-%E0%A4%AD%E0%A4%BE%E0%A4%97-6-1707973215,UNVERIFIED,NEEDS_REVIEW,false,TRUE_FALSE,0,1,true,1
6,maths,2,whole-numbers,पूर्ण संख्याएँ,https://scert.bihar.gov.in/eresources/%E0%A4%97%E0%A4%A3%E0%A4%BF%E0%A4%A4-%E0%A4%AD%E0%A4%BE%E0%A4%97-6-1707973215,UNVERIFIED,NEEDS_REVIEW,false,INPUT,0,1,true,1
6,maths,2,whole-numbers,पूर्ण संख्याएँ,https://scert.bihar.gov.in/eresources/%E0%A4%97%E0%A4%A3%E0%A4%BF%E0%A4%A4-%E0%A4%AD%E0%A4%BE%E0%A4%97-6-1707973215,UNVERIFIED,NEEDS_REVIEW,false,MATCH,0,1,true,1
6,maths,2,whole-numbers,पूर्ण संख्याएँ,https://scert.bihar.gov.in/eresources/%E0%A4%97%E0%A4%A3%E0%A4%BF%E0%A4%A4-%E0%A4%AD%E0%A4%BE%E0%A4%97-6-1707973215,UNVERIFIED,NEEDS_REVIEW,false,ORDER,0,1,true,1
6,maths,2,whole-numbers,पूर्ण संख्याएँ,https://scert.bihar.gov.in/eresources/%E0%A4%97%E0%A4%A3%E0%A4%BF%E0%A4%A4-%E0%A4%AD%E0%A4%BE%E0%A4%97-6-1707973215,UNVERIFIED,NEEDS_REVIEW,false,ASSERTION_REASON,0,1,false,0
6,maths,2,whole-numbers,पूर्ण संख्याएँ,https://scert.bihar.gov.in/eresources/%E0%A4%97%E0%A4%A3%E0%A4%BF%E0%A4%A4-%E0%A4%AD%E0%A4%BE%E0%A4%97-6-1707973215,UNVERIFIED,NEEDS_REVIEW,false,CASE_BASED,0,1,true,1
6,maths,2,whole-numbers,पूर्ण संख्याएँ,https://scert.bihar.gov.in/eresources/%E0%A4%97%E0%A4%A3%E0%A4%BF%E0%A4%A4-%E0%A4%AD%E0%A4%BE%E0%A4%97-6-1707973215,UNVERIFIED,NEEDS_REVIEW,false,SHORT_ANSWER,0,1,true,1
6,maths,2,whole-numbers,पूर्ण संख्याएँ,https://scert.bihar.gov.in/eresources/%E0%A4%97%E0%A4%A3%E0%A4%BF%E0%A4%A4-%E0%A4%AD%E0%A4%BE%E0%A4%97-6-1707973215,UNVERIFIED,NEEDS_REVIEW,false,LONG_ANSWER,0,1,true,1
6,maths,2,whole-numbers,पूर्ण संख्याएँ,https://scert.bihar.gov.in/eresources/%E0%A4%97%E0%A4%A3%E0%A4%BF%E0%A4%A4-%E0%A4%AD%E0%A4%BE%E0%A4%97-6-1707973215,UNVERIFIED,NEEDS_REVIEW,false,NUMERICAL,0,1,true,1
6,maths,2,whole-numbers,पूर्ण संख्याएँ,https://scert.bihar.gov.in/eresources/%E0%A4%97%E0%A4%A3%E0%A4%BF%E0%A4%A4-%E0%A4%AD%E0%A4%BE%E0%A4%97-6-1707973215,UNVERIFIED,NEEDS_REVIEW,false,DIAGRAM,0,1,false,0
6,maths,2,whole-numbers,पूर्ण संख्याएँ,https://scert.bihar.gov.in/eresources/%E0%A4%97%E0%A4%A3%E0%A4%BF%E0%A4%A4-%E0%A4%AD%E0%A4%BE%E0%A4%97-6-1707973215,UNVERIFIED,NEEDS_REVIEW,false,MAP,0,1,false,0
6,maths,2,whole-numbers,पूर्ण संख्याएँ,https://scert.bihar.gov.in/eresources/%E0%A4%97%E0%A4%A3%E0%A4%BF%E0%A4%A4-%E0%A4%AD%E0%A4%BE%E0%A4%97-6-1707973215,UNVERIFIED,NEEDS_REVIEW,false,SOURCE_BASED,0,1,false,0
6,maths,3,playing-numbers,संख्याओं का खेल,https://scert.bihar.gov.in/eresources/%E0%A4%97%E0%A4%A3%E0%A4%BF%E0%A4%A4-%E0%A4%AD%E0%A4%BE%E0%A4%97-6-1707973215,UNVERIFIED,NEEDS_REVIEW,false,MCQ,0,1,true,1
6,maths,3,playing-numbers,संख्याओं का खेल,https://scert.bihar.gov.in/eresources/%E0%A4%97%E0%A4%A3%E0%A4%BF%E0%A4%A4-%E0%A4%AD%E0%A4%BE%E0%A4%97-6-1707973215,UNVERIFIED,NEEDS_REVIEW,false,TRUE_FALSE,0,1,true,1
6,maths,3,playing-numbers,संख्याओं का खेल,https://scert.bihar.gov.in/eresources/%E0%A4%97%E0%A4%A3%E0%A4%BF%E0%A4%A4-%E0%A4%AD%E0%A4%BE%E0%A4%97-6-1707973215,UNVERIFIED,NEEDS_REVIEW,false,INPUT,0,1,true,1
6,maths,3,playing-numbers,संख्याओं का खेल,https://scert.bihar.gov.in/eresources/%E0%A4%97%E0%A4%A3%E0%A4%BF%E0%A4%A4-%E0%A4%AD%E0%A4%BE%E0%A4%97-6-1707973215,UNVERIFIED,NEEDS_REVIEW,false,MATCH,0,1,true,1
6,maths,3,playing-numbers,संख्याओं का खेल,https://scert.bihar.gov.in/eresources/%E0%A4%97%E0%A4%A3%E0%A4%BF%E0%A4%A4-%E0%A4%AD%E0%A4%BE%E0%A4%97-6-1707973215,UNVERIFIED,NEEDS_REVIEW,false,ORDER,0,1,true,1
6,maths,3,playing-numbers,संख्याओं का खेल,https://scert.bihar.gov.in/eresources/%E0%A4%97%E0%A4%A3%E0%A4%BF%E0%A4%A4-%E0%A4%AD%E0%A4%BE%E0%A4%97-6-1707973215,UNVERIFIED,NEEDS_REVIEW,false,ASSERTION_REASON,0,1,false,0
6,maths,3,playing-numbers,संख्याओं का खेल,https://scert.bihar.gov.in/eresources/%E0%A4%97%E0%A4%A3%E0%A4%BF%E0%A4%A4-%E0%A4%AD%E0%A4%BE%E0%A4%97-6-1707973215,UNVERIFIED,NEEDS_REVIEW,false,CASE_BASED,0,1,true,1
6,maths,3,playing-numbers,संख्याओं का खेल,https://scert.bihar.gov.in/eresources/%E0%A4%97%E0%A4%A3%E0%A4%BF%E0%A4%A4-%E0%A4%AD%E0%A4%BE%E0%A4%97-6-1707973215,UNVERIFIED,NEEDS_REVIEW,false,SHORT_ANSWER,0,1,true,1
6,maths,3,playing-numbers,संख्याओं का खेल,https://scert.bihar.gov.in/eresources/%E0%A4%97%E0%A4%A3%E0%A4%BF%E0%A4%A4-%E0%A4%AD%E0%A4%BE%E0%A4%97-6-1707973215,UNVERIFIED,NEEDS_REVIEW,false,LONG_ANSWER,0,1,true,1
6,maths,3,playing-numbers,संख्याओं का खेल,https://scert.bihar.gov.in/eresources/%E0%A4%97%E0%A4%A3%E0%A4%BF%E0%A4%A4-%E0%A4%AD%E0%A4%BE%E0%A4%97-6-1707973215,UNVERIFIED,NEEDS_REVIEW,false,NUMERICAL,0,1,true,1
6,maths,3,playing-numbers,संख्याओं का खेल,https://scert.bihar.gov.in/eresources/%E0%A4%97%E0%A4%A3%E0%A4%BF%E0%A4%A4-%E0%A4%AD%E0%A4%BE%E0%A4%97-6-1707973215,UNVERIFIED,NEEDS_REVIEW,false,DIAGRAM,0,1,false,0
6,maths,3,playing-numbers,संख्याओं का खेल,https://scert.bihar.gov.in/eresources/%E0%A4%97%E0%A4%A3%E0%A4%BF%E0%A4%A4-%E0%A4%AD%E0%A4%BE%E0%A4%97-6-1707973215,UNVERIFIED,NEEDS_REVIEW,false,MAP,0,1,false,0
6,maths,3,playing-numbers,संख्याओं का खेल,https://scert.bihar.gov.in/eresources/%E0%A4%97%E0%A4%A3%E0%A4%BF%E0%A4%A4-%E0%A4%AD%E0%A4%BE%E0%A4%97-6-1707973215,UNVERIFIED,NEEDS_REVIEW,false,SOURCE_BASED,0,1,false,0
6,maths,4,integers,पूर्णांक,https://scert.bihar.gov.in/eresources/%E0%A4%97%E0%A4%A3%E0%A4%BF%E0%A4%A4-%E0%A4%AD%E0%A4%BE%E0%A4%97-6-1707973215,UNVERIFIED,NEEDS_REVIEW,false,MCQ,0,1,true,1
6,maths,4,integers,पूर्णांक,https://scert.bihar.gov.in/eresources/%E0%A4%97%E0%A4%A3%E0%A4%BF%E0%A4%A4-%E0%A4%AD%E0%A4%BE%E0%A4%97-6-1707973215,UNVERIFIED,NEEDS_REVIEW,false,TRUE_FALSE,0,1,true,1
6,maths,4,integers,पूर्णांक,https://scert.bihar.gov.in/eresources/%E0%A4%97%E0%A4%A3%E0%A4%BF%E0%A4%A4-%E0%A4%AD%E0%A4%BE%E0%A4%97-6-1707973215,UNVERIFIED,NEEDS_REVIEW,false,INPUT,0,1,true,1
6,maths,4,integers,पूर्णांक,https://scert.bihar.gov.in/eresources/%E0%A4%97%E0%A4%A3%E0%A4%BF%E0%A4%A4-%E0%A4%AD%E0%A4%BE%E0%A4%97-6-1707973215,UNVERIFIED,NEEDS_REVIEW,false,MATCH,0,1,true,1
6,maths,4,integers,पूर्णांक,https://scert.bihar.gov.in/eresources/%E0%A4%97%E0%A4%A3%E0%A4%BF%E0%A4%A4-%E0%A4%AD%E0%A4%BE%E0%A4%97-6-1707973215,UNVERIFIED,NEEDS_REVIEW,false,ORDER,0,1,true,1
6,maths,4,integers,पूर्णांक,https://scert.bihar.gov.in/eresources/%E0%A4%97%E0%A4%A3%E0%A4%BF%E0%A4%A4-%E0%A4%AD%E0%A4%BE%E0%A4%97-6-1707973215,UNVERIFIED,NEEDS_REVIEW,false,ASSERTION_REASON,0,1,false,0
6,maths,4,integers,पूर्णांक,https://scert.bihar.gov.in/eresources/%E0%A4%97%E0%A4%A3%E0%A4%BF%E0%A4%A4-%E0%A4%AD%E0%A4%BE%E0%A4%97-6-1707973215,UNVERIFIED,NEEDS_REVIEW,false,CASE_BASED,0,1,true,1
6,maths,4,integers,पूर्णांक,https://scert.bihar.gov.in/eresources/%E0%A4%97%E0%A4%A3%E0%A4%BF%E0%A4%A4-%E0%A4%AD%E0%A4%BE%E0%A4%97-6-1707973215,UNVERIFIED,NEEDS_REVIEW,false,SHORT_ANSWER,0,1,true,1
6,maths,4,integers,पूर्णांक,https://scert.bihar.gov.in/eresources/%E0%A4%97%E0%A4%A3%E0%A4%BF%E0%A4%A4-%E0%A4%AD%E0%A4%BE%E0%A4%97-6-1707973215,UNVERIFIED,NEEDS_REVIEW,false,LONG_ANSWER,0,1,true,1
6,maths,4,integers,पूर्णांक,https://scert.bihar.gov.in/eresources/%E0%A4%97%E0%A4%A3%E0%A4%BF%E0%A4%A4-%E0%A4%AD%E0%A4%BE%E0%A4%97-6-1707973215,UNVERIFIED,NEEDS_REVIEW,false,NUMERICAL,0,1,true,1
6,maths,4,integers,पूर्णांक,https://scert.bihar.gov.in/eresources/%E0%A4%97%E0%A4%A3%E0%A4%BF%E0%A4%A4-%E0%A4%AD%E0%A4%BE%E0%A4%97-6-1707973215,UNVERIFIED,NEEDS_REVIEW,false,DIAGRAM,0,1,false,0
6,maths,4,integers,पूर्णांक,https://scert.bihar.gov.in/eresources/%E0%A4%97%E0%A4%A3%E0%A4%BF%E0%A4%A4-%E0%A4%AD%E0%A4%BE%E0%A4%97-6-1707973215,UNVERIFIED,NEEDS_REVIEW,false,MAP,0,1,false,0
6,maths,4,integers,पूर्णांक,https://scert.bihar.gov.in/eresources/%E0%A4%97%E0%A4%A3%E0%A4%BF%E0%A4%A4-%E0%A4%AD%E0%A4%BE%E0%A4%97-6-1707973215,UNVERIFIED,NEEDS_REVIEW,false,SOURCE_BASED,0,1,false,0
6,maths,5,geometry-basics,आधारभूत ज्यामितीय जानकारियाँ,https://scert.bihar.gov.in/eresources/%E0%A4%97%E0%A4%A3%E0%A4%BF%E0%A4%A4-%E0%A4%AD%E0%A4%BE%E0%A4%97-6-1707973215,UNVERIFIED,NEEDS_REVIEW,false,MCQ,0,1,true,1
6,maths,5,geometry-basics,आधारभूत ज्यामितीय जानकारियाँ,https://scert.bihar.gov.in/eresources/%E0%A4%97%E0%A4%A3%E0%A4%BF%E0%A4%A4-%E0%A4%AD%E0%A4%BE%E0%A4%97-6-1707973215,UNVERIFIED,NEEDS_REVIEW,false,TRUE_FALSE,0,1,true,1
6,maths,5,geometry-basics,आधारभूत ज्यामितीय जानकारियाँ,https://scert.bihar.gov.in/eresources/%E0%A4%97%E0%A4%A3%E0%A4%BF%E0%A4%A4-%E0%A4%AD%E0%A4%BE%E0%A4%97-6-1707973215,UNVERIFIED,NEEDS_REVIEW,false,INPUT,0,1,true,1
6,maths,5,geometry-basics,आधारभूत ज्यामितीय जानकारियाँ,https://scert.bihar.gov.in/eresources/%E0%A4%97%E0%A4%A3%E0%A4%BF%E0%A4%A4-%E0%A4%AD%E0%A4%BE%E0%A4%97-6-1707973215,UNVERIFIED,NEEDS_REVIEW,false,MATCH,0,1,true,1
6,maths,5,geometry-basics,आधारभूत ज्यामितीय जानकारियाँ,https://scert.bihar.gov.in/eresources/%E0%A4%97%E0%A4%A3%E0%A4%BF%E0%A4%A4-%E0%A4%AD%E0%A4%BE%E0%A4%97-6-1707973215,UNVERIFIED,NEEDS_REVIEW,false,ORDER,0,1,true,1
6,maths,5,geometry-basics,आधारभूत ज्यामितीय जानकारियाँ,https://scert.bihar.gov.in/eresources/%E0%A4%97%E0%A4%A3%E0%A4%BF%E0%A4%A4-%E0%A4%AD%E0%A4%BE%E0%A4%97-6-1707973215,UNVERIFIED,NEEDS_REVIEW,false,ASSERTION_REASON,0,1,false,0
6,maths,5,geometry-basics,आधारभूत ज्यामितीय जानकारियाँ,https://scert.bihar.gov.in/eresources/%E0%A4%97%E0%A4%A3%E0%A4%BF%E0%A4%A4-%E0%A4%AD%E0%A4%BE%E0%A4%97-6-1707973215,UNVERIFIED,NEEDS_REVIEW,false,CASE_BASED,0,1,true,1
6,maths,5,geometry-basics,आधारभूत ज्यामितीय जानकारियाँ,https://scert.bihar.gov.in/eresources/%E0%A4%97%E0%A4%A3%E0%A4%BF%E0%A4%A4-%E0%A4%AD%E0%A4%BE%E0%A4%97-6-1707973215,UNVERIFIED,NEEDS_REVIEW,false,SHORT_ANSWER,0,1,true,1
6,maths,5,geometry-basics,आधारभूत ज्यामितीय जानकारियाँ,https://scert.bihar.gov.in/eresources/%E0%A4%97%E0%A4%A3%E0%A4%BF%E0%A4%A4-%E0%A4%AD%E0%A4%BE%E0%A4%97-6-1707973215,UNVERIFIED,NEEDS_REVIEW,false,LONG_ANSWER,0,1,true,1
6,maths,5,geometry-basics,आधारभूत ज्यामितीय जानकारियाँ,https://scert.bihar.gov.in/eresources/%E0%A4%97%E0%A4%A3%E0%A4%BF%E0%A4%A4-%E0%A4%AD%E0%A4%BE%E0%A4%97-6-1707973215,UNVERIFIED,NEEDS_REVIEW,false,NUMERICAL,0,1,true,1
6,maths,5,geometry-basics,आधारभूत ज्यामितीय जानकारियाँ,https://scert.bihar.gov.in/eresources/%E0%A4%97%E0%A4%A3%E0%A4%BF%E0%A4%A4-%E0%A4%AD%E0%A4%BE%E0%A4%97-6-1707973215,UNVERIFIED,NEEDS_REVIEW,false,DIAGRAM,0,1,true,1
6,maths,5,geometry-basics,आधारभूत ज्यामितीय जानकारियाँ,https://scert.bihar.gov.in/eresources/%E0%A4%97%E0%A4%A3%E0%A4%BF%E0%A4%A4-%E0%A4%AD%E0%A4%BE%E0%A4%97-6-1707973215,UNVERIFIED,NEEDS_REVIEW,false,MAP,0,1,false,0
6,maths,5,geometry-basics,आधारभूत ज्यामितीय जानकारियाँ,https://scert.bihar.gov.in/eresources/%E0%A4%97%E0%A4%A3%E0%A4%BF%E0%A4%A4-%E0%A4%AD%E0%A4%BE%E0%A4%97-6-1707973215,UNVERIFIED,NEEDS_REVIEW,false,SOURCE_BASED,0,1,false,0
6,maths,6,elementary-shapes,सरल आकृतियों की समझ,https://scert.bihar.gov.in/eresources/%E0%A4%97%E0%A4%A3%E0%A4%BF%E0%A4%A4-%E0%A4%AD%E0%A4%BE%E0%A4%97-6-1707973215,UNVERIFIED,NEEDS_REVIEW,false,MCQ,0,1,true,1
6,maths,6,elementary-shapes,सरल आकृतियों की समझ,https://scert.bihar.gov.in/eresources/%E0%A4%97%E0%A4%A3%E0%A4%BF%E0%A4%A4-%E0%A4%AD%E0%A4%BE%E0%A4%97-6-1707973215,UNVERIFIED,NEEDS_REVIEW,false,TRUE_FALSE,0,1,true,1
6,maths,6,elementary-shapes,सरल आकृतियों की समझ,https://scert.bihar.gov.in/eresources/%E0%A4%97%E0%A4%A3%E0%A4%BF%E0%A4%A4-%E0%A4%AD%E0%A4%BE%E0%A4%97-6-1707973215,UNVERIFIED,NEEDS_REVIEW,false,INPUT,0,1,true,1
6,maths,6,elementary-shapes,सरल आकृतियों की समझ,https://scert.bihar.gov.in/eresources/%E0%A4%97%E0%A4%A3%E0%A4%BF%E0%A4%A4-%E0%A4%AD%E0%A4%BE%E0%A4%97-6-1707973215,UNVERIFIED,NEEDS_REVIEW,false,MATCH,0,1,true,1
6,maths,6,elementary-shapes,सरल आकृतियों की समझ,https://scert.bihar.gov.in/eresources/%E0%A4%97%E0%A4%A3%E0%A4%BF%E0%A4%A4-%E0%A4%AD%E0%A4%BE%E0%A4%97-6-1707973215,UNVERIFIED,NEEDS_REVIEW,false,ORDER,0,1,true,1
6,maths,6,elementary-shapes,सरल आकृतियों की समझ,https://scert.bihar.gov.in/eresources/%E0%A4%97%E0%A4%A3%E0%A4%BF%E0%A4%A4-%E0%A4%AD%E0%A4%BE%E0%A4%97-6-1707973215,UNVERIFIED,NEEDS_REVIEW,false,ASSERTION_REASON,0,1,false,0
6,maths,6,elementary-shapes,सरल आकृतियों की समझ,https://scert.bihar.gov.in/eresources/%E0%A4%97%E0%A4%A3%E0%A4%BF%E0%A4%A4-%E0%A4%AD%E0%A4%BE%E0%A4%97-6-1707973215,UNVERIFIED,NEEDS_REVIEW,false,CASE_BASED,0,1,true,1
6,maths,6,elementary-shapes,सरल आकृतियों की समझ,https://scert.bihar.gov.in/eresources/%E0%A4%97%E0%A4%A3%E0%A4%BF%E0%A4%A4-%E0%A4%AD%E0%A4%BE%E0%A4%97-6-1707973215,UNVERIFIED,NEEDS_REVIEW,false,SHORT_ANSWER,0,1,true,1
6,maths,6,elementary-shapes,सरल आकृतियों की समझ,https://scert.bihar.gov.in/eresources/%E0%A4%97%E0%A4%A3%E0%A4%BF%E0%A4%A4-%E0%A4%AD%E0%A4%BE%E0%A4%97-6-1707973215,UNVERIFIED,NEEDS_REVIEW,false,LONG_ANSWER,0,1,true,1
6,maths,6,elementary-shapes,सरल आकृतियों की समझ,https://scert.bihar.gov.in/eresources/%E0%A4%97%E0%A4%A3%E0%A4%BF%E0%A4%A4-%E0%A4%AD%E0%A4%BE%E0%A4%97-6-1707973215,UNVERIFIED,NEEDS_REVIEW,false,NUMERICAL,0,1,true,1
6,maths,6,elementary-shapes,सरल आकृतियों की समझ,https://scert.bihar.gov.in/eresources/%E0%A4%97%E0%A4%A3%E0%A4%BF%E0%A4%A4-%E0%A4%AD%E0%A4%BE%E0%A4%97-6-1707973215,UNVERIFIED,NEEDS_REVIEW,false,DIAGRAM,0,1,true,1
6,maths,6,elementary-shapes,सरल आकृतियों की समझ,https://scert.bihar.gov.in/eresources/%E0%A4%97%E0%A4%A3%E0%A4%BF%E0%A4%A4-%E0%A4%AD%E0%A4%BE%E0%A4%97-6-1707973215,UNVERIFIED,NEEDS_REVIEW,false,MAP,0,1,false,0
6,maths,6,elementary-shapes,सरल आकृतियों की समझ,https://scert.bihar.gov.in/eresources/%E0%A4%97%E0%A4%A3%E0%A4%BF%E0%A4%A4-%E0%A4%AD%E0%A4%BE%E0%A4%97-6-1707973215,UNVERIFIED,NEEDS_REVIEW,false,SOURCE_BASED,0,1,false,0
6,maths,7,fractions,भिन्न,https://scert.bihar.gov.in/eresources/%E0%A4%97%E0%A4%A3%E0%A4%BF%E0%A4%A4-%E0%A4%AD%E0%A4%BE%E0%A4%97-6-1707973215,UNVERIFIED,NEEDS_REVIEW,false,MCQ,0,1,true,1
6,maths,7,fractions,भिन्न,https://scert.bihar.gov.in/eresources/%E0%A4%97%E0%A4%A3%E0%A4%BF%E0%A4%A4-%E0%A4%AD%E0%A4%BE%E0%A4%97-6-1707973215,UNVERIFIED,NEEDS_REVIEW,false,TRUE_FALSE,0,1,true,1
6,maths,7,fractions,भिन्न,https://scert.bihar.gov.in/eresources/%E0%A4%97%E0%A4%A3%E0%A4%BF%E0%A4%A4-%E0%A4%AD%E0%A4%BE%E0%A4%97-6-1707973215,UNVERIFIED,NEEDS_REVIEW,false,INPUT,0,1,true,1
6,maths,7,fractions,भिन्न,https://scert.bihar.gov.in/eresources/%E0%A4%97%E0%A4%A3%E0%A4%BF%E0%A4%A4-%E0%A4%AD%E0%A4%BE%E0%A4%97-6-1707973215,UNVERIFIED,NEEDS_REVIEW,false,MATCH,0,1,true,1
6,maths,7,fractions,भिन्न,https://scert.bihar.gov.in/eresources/%E0%A4%97%E0%A4%A3%E0%A4%BF%E0%A4%A4-%E0%A4%AD%E0%A4%BE%E0%A4%97-6-1707973215,UNVERIFIED,NEEDS_REVIEW,false,ORDER,0,1,true,1
6,maths,7,fractions,भिन्न,https://scert.bihar.gov.in/eresources/%E0%A4%97%E0%A4%A3%E0%A4%BF%E0%A4%A4-%E0%A4%AD%E0%A4%BE%E0%A4%97-6-1707973215,UNVERIFIED,NEEDS_REVIEW,false,ASSERTION_REASON,0,1,false,0
6,maths,7,fractions,भिन्न,https://scert.bihar.gov.in/eresources/%E0%A4%97%E0%A4%A3%E0%A4%BF%E0%A4%A4-%E0%A4%AD%E0%A4%BE%E0%A4%97-6-1707973215,UNVERIFIED,NEEDS_REVIEW,false,CASE_BASED,0,1,true,1
6,maths,7,fractions,भिन्न,https://scert.bihar.gov.in/eresources/%E0%A4%97%E0%A4%A3%E0%A4%BF%E0%A4%A4-%E0%A4%AD%E0%A4%BE%E0%A4%97-6-1707973215,UNVERIFIED,NEEDS_REVIEW,false,SHORT_ANSWER,0,1,true,1
6,maths,7,fractions,भिन्न,https://scert.bihar.gov.in/eresources/%E0%A4%97%E0%A4%A3%E0%A4%BF%E0%A4%A4-%E0%A4%AD%E0%A4%BE%E0%A4%97-6-1707973215,UNVERIFIED,NEEDS_REVIEW,false,LONG_ANSWER,0,1,true,1
6,maths,7,fractions,भिन्न,https://scert.bihar.gov.in/eresources/%E0%A4%97%E0%A4%A3%E0%A4%BF%E0%A4%A4-%E0%A4%AD%E0%A4%BE%E0%A4%97-6-1707973215,UNVERIFIED,NEEDS_REVIEW,false,NUMERICAL,0,1,true,1
6,maths,7,fractions,भिन्न,https://scert.bihar.gov.in/eresources/%E0%A4%97%E0%A4%A3%E0%A4%BF%E0%A4%A4-%E0%A4%AD%E0%A4%BE%E0%A4%97-6-1707973215,UNVERIFIED,NEEDS_REVIEW,false,DIAGRAM,0,1,false,0
6,maths,7,fractions,भिन्न,https://scert.bihar.gov.in/eresources/%E0%A4%97%E0%A4%A3%E0%A4%BF%E0%A4%A4-%E0%A4%AD%E0%A4%BE%E0%A4%97-6-1707973215,UNVERIFIED,NEEDS_REVIEW,false,MAP,0,1,false,0
6,maths,7,fractions,भिन्न,https://scert.bihar.gov.in/eresources/%E0%A4%97%E0%A4%A3%E0%A4%BF%E0%A4%A4-%E0%A4%AD%E0%A4%BE%E0%A4%97-6-1707973215,UNVERIFIED,NEEDS_REVIEW,false,SOURCE_BASED,0,1,false,0
6,maths,8,decimals,दशमलव,https://scert.bihar.gov.in/eresources/%E0%A4%97%E0%A4%A3%E0%A4%BF%E0%A4%A4-%E0%A4%AD%E0%A4%BE%E0%A4%97-6-1707973215,UNVERIFIED,NEEDS_REVIEW,false,MCQ,0,1,true,1
6,maths,8,decimals,दशमलव,https://scert.bihar.gov.in/eresources/%E0%A4%97%E0%A4%A3%E0%A4%BF%E0%A4%A4-%E0%A4%AD%E0%A4%BE%E0%A4%97-6-1707973215,UNVERIFIED,NEEDS_REVIEW,false,TRUE_FALSE,0,1,true,1
6,maths,8,decimals,दशमलव,https://scert.bihar.gov.in/eresources/%E0%A4%97%E0%A4%A3%E0%A4%BF%E0%A4%A4-%E0%A4%AD%E0%A4%BE%E0%A4%97-6-1707973215,UNVERIFIED,NEEDS_REVIEW,false,INPUT,0,1,true,1
6,maths,8,decimals,दशमलव,https://scert.bihar.gov.in/eresources/%E0%A4%97%E0%A4%A3%E0%A4%BF%E0%A4%A4-%E0%A4%AD%E0%A4%BE%E0%A4%97-6-1707973215,UNVERIFIED,NEEDS_REVIEW,false,MATCH,0,1,true,1
6,maths,8,decimals,दशमलव,https://scert.bihar.gov.in/eresources/%E0%A4%97%E0%A4%A3%E0%A4%BF%E0%A4%A4-%E0%A4%AD%E0%A4%BE%E0%A4%97-6-1707973215,UNVERIFIED,NEEDS_REVIEW,false,ORDER,0,1,true,1
6,maths,8,decimals,दशमलव,https://scert.bihar.gov.in/eresources/%E0%A4%97%E0%A4%A3%E0%A4%BF%E0%A4%A4-%E0%A4%AD%E0%A4%BE%E0%A4%97-6-1707973215,UNVERIFIED,NEEDS_REVIEW,false,ASSERTION_REASON,0,1,false,0
6,maths,8,decimals,दशमलव,https://scert.bihar.gov.in/eresources/%E0%A4%97%E0%A4%A3%E0%A4%BF%E0%A4%A4-%E0%A4%AD%E0%A4%BE%E0%A4%97-6-1707973215,UNVERIFIED,NEEDS_REVIEW,false,CASE_BASED,0,1,true,1
6,maths,8,decimals,दशमलव,https://scert.bihar.gov.in/eresources/%E0%A4%97%E0%A4%A3%E0%A4%BF%E0%A4%A4-%E0%A4%AD%E0%A4%BE%E0%A4%97-6-1707973215,UNVERIFIED,NEEDS_REVIEW,false,SHORT_ANSWER,0,1,true,1
6,maths,8,decimals,दशमलव,https://scert.bihar.gov.in/eresources/%E0%A4%97%E0%A4%A3%E0%A4%BF%E0%A4%A4-%E0%A4%AD%E0%A4%BE%E0%A4%97-6-1707973215,UNVERIFIED,NEEDS_REVIEW,false,LONG_ANSWER,0,1,true,1
6,maths,8,decimals,दशमलव,https://scert.bihar.gov.in/eresources/%E0%A4%97%E0%A4%A3%E0%A4%BF%E0%A4%A4-%E0%A4%AD%E0%A4%BE%E0%A4%97-6-1707973215,UNVERIFIED,NEEDS_REVIEW,false,NUMERICAL,0,1,true,1
6,maths,8,decimals,दशमलव,https://scert.bihar.gov.in/eresources/%E0%A4%97%E0%A4%A3%E0%A4%BF%E0%A4%A4-%E0%A4%AD%E0%A4%BE%E0%A4%97-6-1707973215,UNVERIFIED,NEEDS_REVIEW,false,DIAGRAM,0,1,false,0
6,maths,8,decimals,दशमलव,https://scert.bihar.gov.in/eresources/%E0%A4%97%E0%A4%A3%E0%A4%BF%E0%A4%A4-%E0%A4%AD%E0%A4%BE%E0%A4%97-6-1707973215,UNVERIFIED,NEEDS_REVIEW,false,MAP,0,1,false,0
6,maths,8,decimals,दशमलव,https://scert.bihar.gov.in/eresources/%E0%A4%97%E0%A4%A3%E0%A4%BF%E0%A4%A4-%E0%A4%AD%E0%A4%BE%E0%A4%97-6-1707973215,UNVERIFIED,NEEDS_REVIEW,false,SOURCE_BASED,0,1,false,0
6,maths,9,data-handling,आँकड़ों का प्रयोग,https://scert.bihar.gov.in/eresources/%E0%A4%97%E0%A4%A3%E0%A4%BF%E0%A4%A4-%E0%A4%AD%E0%A4%BE%E0%A4%97-6-1707973215,UNVERIFIED,NEEDS_REVIEW,false,MCQ,0,1,true,1
6,maths,9,data-handling,आँकड़ों का प्रयोग,https://scert.bihar.gov.in/eresources/%E0%A4%97%E0%A4%A3%E0%A4%BF%E0%A4%A4-%E0%A4%AD%E0%A4%BE%E0%A4%97-6-1707973215,UNVERIFIED,NEEDS_REVIEW,false,TRUE_FALSE,0,1,true,1
6,maths,9,data-handling,आँकड़ों का प्रयोग,https://scert.bihar.gov.in/eresources/%E0%A4%97%E0%A4%A3%E0%A4%BF%E0%A4%A4-%E0%A4%AD%E0%A4%BE%E0%A4%97-6-1707973215,UNVERIFIED,NEEDS_REVIEW,false,INPUT,0,1,true,1
6,maths,9,data-handling,आँकड़ों का प्रयोग,https://scert.bihar.gov.in/eresources/%E0%A4%97%E0%A4%A3%E0%A4%BF%E0%A4%A4-%E0%A4%AD%E0%A4%BE%E0%A4%97-6-1707973215,UNVERIFIED,NEEDS_REVIEW,false,MATCH,0,1,true,1
6,maths,9,data-handling,आँकड़ों का प्रयोग,https://scert.bihar.gov.in/eresources/%E0%A4%97%E0%A4%A3%E0%A4%BF%E0%A4%A4-%E0%A4%AD%E0%A4%BE%E0%A4%97-6-1707973215,UNVERIFIED,NEEDS_REVIEW,false,ORDER,0,1,true,1
6,maths,9,data-handling,आँकड़ों का प्रयोग,https://scert.bihar.gov.in/eresources/%E0%A4%97%E0%A4%A3%E0%A4%BF%E0%A4%A4-%E0%A4%AD%E0%A4%BE%E0%A4%97-6-1707973215,UNVERIFIED,NEEDS_REVIEW,false,ASSERTION_REASON,0,1,false,0
6,maths,9,data-handling,आँकड़ों का प्रयोग,https://scert.bihar.gov.in/eresources/%E0%A4%97%E0%A4%A3%E0%A4%BF%E0%A4%A4-%E0%A4%AD%E0%A4%BE%E0%A4%97-6-1707973215,UNVERIFIED,NEEDS_REVIEW,false,CASE_BASED,0,1,true,1
6,maths,9,data-handling,आँकड़ों का प्रयोग,https://scert.bihar.gov.in/eresources/%E0%A4%97%E0%A4%A3%E0%A4%BF%E0%A4%A4-%E0%A4%AD%E0%A4%BE%E0%A4%97-6-1707973215,UNVERIFIED,NEEDS_REVIEW,false,SHORT_ANSWER,0,1,true,1
6,maths,9,data-handling,आँकड़ों का प्रयोग,https://scert.bihar.gov.in/eresources/%E0%A4%97%E0%A4%A3%E0%A4%BF%E0%A4%A4-%E0%A4%AD%E0%A4%BE%E0%A4%97-6-1707973215,UNVERIFIED,NEEDS_REVIEW,false,LONG_ANSWER,0,1,true,1
6,maths,9,data-handling,आँकड़ों का प्रयोग,https://scert.bihar.gov.in/eresources/%E0%A4%97%E0%A4%A3%E0%A4%BF%E0%A4%A4-%E0%A4%AD%E0%A4%BE%E0%A4%97-6-1707973215,UNVERIFIED,NEEDS_REVIEW,false,NUMERICAL,0,1,true,1
6,maths,9,data-handling,आँकड़ों का प्रयोग,https://scert.bihar.gov.in/eresources/%E0%A4%97%E0%A4%A3%E0%A4%BF%E0%A4%A4-%E0%A4%AD%E0%A4%BE%E0%A4%97-6-1707973215,UNVERIFIED,NEEDS_REVIEW,false,DIAGRAM,0,1,true,1
6,maths,9,data-handling,आँकड़ों का प्रयोग,https://scert.bihar.gov.in/eresources/%E0%A4%97%E0%A4%A3%E0%A4%BF%E0%A4%A4-%E0%A4%AD%E0%A4%BE%E0%A4%97-6-1707973215,UNVERIFIED,NEEDS_REVIEW,false,MAP,0,1,false,0
6,maths,9,data-handling,आँकड़ों का प्रयोग,https://scert.bihar.gov.in/eresources/%E0%A4%97%E0%A4%A3%E0%A4%BF%E0%A4%A4-%E0%A4%AD%E0%A4%BE%E0%A4%97-6-1707973215,UNVERIFIED,NEEDS_REVIEW,false,SOURCE_BASED,0,1,false,0
6,maths,10,ratio-proportion,अनुपात और समानुपात,https://scert.bihar.gov.in/eresources/%E0%A4%97%E0%A4%A3%E0%A4%BF%E0%A4%A4-%E0%A4%AD%E0%A4%BE%E0%A4%97-6-1707973215,UNVERIFIED,NEEDS_REVIEW,false,MCQ,0,1,true,1
6,maths,10,ratio-proportion,अनुपात और समानुपात,https://scert.bihar.gov.in/eresources/%E0%A4%97%E0%A4%A3%E0%A4%BF%E0%A4%A4-%E0%A4%AD%E0%A4%BE%E0%A4%97-6-1707973215,UNVERIFIED,NEEDS_REVIEW,false,TRUE_FALSE,0,1,true,1
6,maths,10,ratio-proportion,अनुपात और समानुपात,https://scert.bihar.gov.in/eresources/%E0%A4%97%E0%A4%A3%E0%A4%BF%E0%A4%A4-%E0%A4%AD%E0%A4%BE%E0%A4%97-6-1707973215,UNVERIFIED,NEEDS_REVIEW,false,INPUT,0,1,true,1
6,maths,10,ratio-proportion,अनुपात और समानुपात,https://scert.bihar.gov.in/eresources/%E0%A4%97%E0%A4%A3%E0%A4%BF%E0%A4%A4-%E0%A4%AD%E0%A4%BE%E0%A4%97-6-1707973215,UNVERIFIED,NEEDS_REVIEW,false,MATCH,0,1,true,1
6,maths,10,ratio-proportion,अनुपात और समानुपात,https://scert.bihar.gov.in/eresources/%E0%A4%97%E0%A4%A3%E0%A4%BF%E0%A4%A4-%E0%A4%AD%E0%A4%BE%E0%A4%97-6-1707973215,UNVERIFIED,NEEDS_REVIEW,false,ORDER,0,1,true,1
6,maths,10,ratio-proportion,अनुपात और समानुपात,https://scert.bihar.gov.in/eresources/%E0%A4%97%E0%A4%A3%E0%A4%BF%E0%A4%A4-%E0%A4%AD%E0%A4%BE%E0%A4%97-6-1707973215,UNVERIFIED,NEEDS_REVIEW,false,ASSERTION_REASON,0,1,false,0
6,maths,10,ratio-proportion,अनुपात और समानुपात,https://scert.bihar.gov.in/eresources/%E0%A4%97%E0%A4%A3%E0%A4%BF%E0%A4%A4-%E0%A4%AD%E0%A4%BE%E0%A4%97-6-1707973215,UNVERIFIED,NEEDS_REVIEW,false,CASE_BASED,0,1,true,1
6,maths,10,ratio-proportion,अनुपात और समानुपात,https://scert.bihar.gov.in/eresources/%E0%A4%97%E0%A4%A3%E0%A4%BF%E0%A4%A4-%E0%A4%AD%E0%A4%BE%E0%A4%97-6-1707973215,UNVERIFIED,NEEDS_REVIEW,false,SHORT_ANSWER,0,1,true,1
6,maths,10,ratio-proportion,अनुपात और समानुपात,https://scert.bihar.gov.in/eresources/%E0%A4%97%E0%A4%A3%E0%A4%BF%E0%A4%A4-%E0%A4%AD%E0%A4%BE%E0%A4%97-6-1707973215,UNVERIFIED,NEEDS_REVIEW,false,LONG_ANSWER,0,1,true,1
6,maths,10,ratio-proportion,अनुपात और समानुपात,https://scert.bihar.gov.in/eresources/%E0%A4%97%E0%A4%A3%E0%A4%BF%E0%A4%A4-%E0%A4%AD%E0%A4%BE%E0%A4%97-6-1707973215,UNVERIFIED,NEEDS_REVIEW,false,NUMERICAL,0,1,true,1
6,maths,10,ratio-proportion,अनुपात और समानुपात,https://scert.bihar.gov.in/eresources/%E0%A4%97%E0%A4%A3%E0%A4%BF%E0%A4%A4-%E0%A4%AD%E0%A4%BE%E0%A4%97-6-1707973215,UNVERIFIED,NEEDS_REVIEW,false,DIAGRAM,0,1,false,0
6,maths,10,ratio-proportion,अनुपात और समानुपात,https://scert.bihar.gov.in/eresources/%E0%A4%97%E0%A4%A3%E0%A4%BF%E0%A4%A4-%E0%A4%AD%E0%A4%BE%E0%A4%97-6-1707973215,UNVERIFIED,NEEDS_REVIEW,false,MAP,0,1,false,0
6,maths,10,ratio-proportion,अनुपात और समानुपात,https://scert.bihar.gov.in/eresources/%E0%A4%97%E0%A4%A3%E0%A4%BF%E0%A4%A4-%E0%A4%AD%E0%A4%BE%E0%A4%97-6-1707973215,UNVERIFIED,NEEDS_REVIEW,false,SOURCE_BASED,0,1,false,0
6,maths,11,unitary-method,ऐकिक नियम,https://scert.bihar.gov.in/eresources/%E0%A4%97%E0%A4%A3%E0%A4%BF%E0%A4%A4-%E0%A4%AD%E0%A4%BE%E0%A4%97-6-1707973215,UNVERIFIED,NEEDS_REVIEW,false,MCQ,0,1,true,1
6,maths,11,unitary-method,ऐकिक नियम,https://scert.bihar.gov.in/eresources/%E0%A4%97%E0%A4%A3%E0%A4%BF%E0%A4%A4-%E0%A4%AD%E0%A4%BE%E0%A4%97-6-1707973215,UNVERIFIED,NEEDS_REVIEW,false,TRUE_FALSE,0,1,true,1
6,maths,11,unitary-method,ऐकिक नियम,https://scert.bihar.gov.in/eresources/%E0%A4%97%E0%A4%A3%E0%A4%BF%E0%A4%A4-%E0%A4%AD%E0%A4%BE%E0%A4%97-6-1707973215,UNVERIFIED,NEEDS_REVIEW,false,INPUT,0,1,true,1
6,maths,11,unitary-method,ऐकिक नियम,https://scert.bihar.gov.in/eresources/%E0%A4%97%E0%A4%A3%E0%A4%BF%E0%A4%A4-%E0%A4%AD%E0%A4%BE%E0%A4%97-6-1707973215,UNVERIFIED,NEEDS_REVIEW,false,MATCH,0,1,true,1
6,maths,11,unitary-method,ऐकिक नियम,https://scert.bihar.gov.in/eresources/%E0%A4%97%E0%A4%A3%E0%A4%BF%E0%A4%A4-%E0%A4%AD%E0%A4%BE%E0%A4%97-6-1707973215,UNVERIFIED,NEEDS_REVIEW,false,ORDER,0,1,true,1
6,maths,11,unitary-method,ऐकिक नियम,https://scert.bihar.gov.in/eresources/%E0%A4%97%E0%A4%A3%E0%A4%BF%E0%A4%A4-%E0%A4%AD%E0%A4%BE%E0%A4%97-6-1707973215,UNVERIFIED,NEEDS_REVIEW,false,ASSERTION_REASON,0,1,false,0
6,maths,11,unitary-method,ऐकिक नियम,https://scert.bihar.gov.in/eresources/%E0%A4%97%E0%A4%A3%E0%A4%BF%E0%A4%A4-%E0%A4%AD%E0%A4%BE%E0%A4%97-6-1707973215,UNVERIFIED,NEEDS_REVIEW,false,CASE_BASED,0,1,true,1
6,maths,11,unitary-method,ऐकिक नियम,https://scert.bihar.gov.in/eresources/%E0%A4%97%E0%A4%A3%E0%A4%BF%E0%A4%A4-%E0%A4%AD%E0%A4%BE%E0%A4%97-6-1707973215,UNVERIFIED,NEEDS_REVIEW,false,SHORT_ANSWER,0,1,true,1
6,maths,11,unitary-method,ऐकिक नियम,https://scert.bihar.gov.in/eresources/%E0%A4%97%E0%A4%A3%E0%A4%BF%E0%A4%A4-%E0%A4%AD%E0%A4%BE%E0%A4%97-6-1707973215,UNVERIFIED,NEEDS_REVIEW,false,LONG_ANSWER,0,1,true,1
6,maths,11,unitary-method,ऐकिक नियम,https://scert.bihar.gov.in/eresources/%E0%A4%97%E0%A4%A3%E0%A4%BF%E0%A4%A4-%E0%A4%AD%E0%A4%BE%E0%A4%97-6-1707973215,UNVERIFIED,NEEDS_REVIEW,false,NUMERICAL,0,1,true,1
6,maths,11,unitary-method,ऐकिक नियम,https://scert.bihar.gov.in/eresources/%E0%A4%97%E0%A4%A3%E0%A4%BF%E0%A4%A4-%E0%A4%AD%E0%A4%BE%E0%A4%97-6-1707973215,UNVERIFIED,NEEDS_REVIEW,false,DIAGRAM,0,1,false,0
6,maths,11,unitary-method,ऐकिक नियम,https://scert.bihar.gov.in/eresources/%E0%A4%97%E0%A4%A3%E0%A4%BF%E0%A4%A4-%E0%A4%AD%E0%A4%BE%E0%A4%97-6-1707973215,UNVERIFIED,NEEDS_REVIEW,false,MAP,0,1,false,0
6,maths,11,unitary-method,ऐकिक नियम,https://scert.bihar.gov.in/eresources/%E0%A4%97%E0%A4%A3%E0%A4%BF%E0%A4%A4-%E0%A4%AD%E0%A4%BE%E0%A4%97-6-1707973215,UNVERIFIED,NEEDS_REVIEW,false,SOURCE_BASED,0,1,false,0
6,maths,12,algebra,बीजगणित,https://scert.bihar.gov.in/eresources/%E0%A4%97%E0%A4%A3%E0%A4%BF%E0%A4%A4-%E0%A4%AD%E0%A4%BE%E0%A4%97-6-1707973215,UNVERIFIED,NEEDS_REVIEW,false,MCQ,0,1,true,1
6,maths,12,algebra,बीजगणित,https://scert.bihar.gov.in/eresources/%E0%A4%97%E0%A4%A3%E0%A4%BF%E0%A4%A4-%E0%A4%AD%E0%A4%BE%E0%A4%97-6-1707973215,UNVERIFIED,NEEDS_REVIEW,false,TRUE_FALSE,0,1,true,1
6,maths,12,algebra,बीजगणित,https://scert.bihar.gov.in/eresources/%E0%A4%97%E0%A4%A3%E0%A4%BF%E0%A4%A4-%E0%A4%AD%E0%A4%BE%E0%A4%97-6-1707973215,UNVERIFIED,NEEDS_REVIEW,false,INPUT,0,1,true,1
6,maths,12,algebra,बीजगणित,https://scert.bihar.gov.in/eresources/%E0%A4%97%E0%A4%A3%E0%A4%BF%E0%A4%A4-%E0%A4%AD%E0%A4%BE%E0%A4%97-6-1707973215,UNVERIFIED,NEEDS_REVIEW,false,MATCH,0,1,true,1
6,maths,12,algebra,बीजगणित,https://scert.bihar.gov.in/eresources/%E0%A4%97%E0%A4%A3%E0%A4%BF%E0%A4%A4-%E0%A4%AD%E0%A4%BE%E0%A4%97-6-1707973215,UNVERIFIED,NEEDS_REVIEW,false,ORDER,0,1,true,1
6,maths,12,algebra,बीजगणित,https://scert.bihar.gov.in/eresources/%E0%A4%97%E0%A4%A3%E0%A4%BF%E0%A4%A4-%E0%A4%AD%E0%A4%BE%E0%A4%97-6-1707973215,UNVERIFIED,NEEDS_REVIEW,false,ASSERTION_REASON,0,1,false,0
6,maths,12,algebra,बीजगणित,https://scert.bihar.gov.in/eresources/%E0%A4%97%E0%A4%A3%E0%A4%BF%E0%A4%A4-%E0%A4%AD%E0%A4%BE%E0%A4%97-6-1707973215,UNVERIFIED,NEEDS_REVIEW,false,CASE_BASED,0,1,true,1
6,maths,12,algebra,बीजगणित,https://scert.bihar.gov.in/eresources/%E0%A4%97%E0%A4%A3%E0%A4%BF%E0%A4%A4-%E0%A4%AD%E0%A4%BE%E0%A4%97-6-1707973215,UNVERIFIED,NEEDS_REVIEW,false,SHORT_ANSWER,0,1,true,1
6,maths,12,algebra,बीजगणित,https://scert.bihar.gov.in/eresources/%E0%A4%97%E0%A4%A3%E0%A4%BF%E0%A4%A4-%E0%A4%AD%E0%A4%BE%E0%A4%97-6-1707973215,UNVERIFIED,NEEDS_REVIEW,false,LONG_ANSWER,0,1,true,1
6,maths,12,algebra,बीजगणित,https://scert.bihar.gov.in/eresources/%E0%A4%97%E0%A4%A3%E0%A4%BF%E0%A4%A4-%E0%A4%AD%E0%A4%BE%E0%A4%97-6-1707973215,UNVERIFIED,NEEDS_REVIEW,false,NUMERICAL,0,1,true,1
6,maths,12,algebra,बीजगणित,https://scert.bihar.gov.in/eresources/%E0%A4%97%E0%A4%A3%E0%A4%BF%E0%A4%A4-%E0%A4%AD%E0%A4%BE%E0%A4%97-6-1707973215,UNVERIFIED,NEEDS_REVIEW,false,DIAGRAM,0,1,false,0
6,maths,12,algebra,बीजगणित,https://scert.bihar.gov.in/eresources/%E0%A4%97%E0%A4%A3%E0%A4%BF%E0%A4%A4-%E0%A4%AD%E0%A4%BE%E0%A4%97-6-1707973215,UNVERIFIED,NEEDS_REVIEW,false,MAP,0,1,false,0
6,maths,12,algebra,बीजगणित,https://scert.bihar.gov.in/eresources/%E0%A4%97%E0%A4%A3%E0%A4%BF%E0%A4%A4-%E0%A4%AD%E0%A4%BE%E0%A4%97-6-1707973215,UNVERIFIED,NEEDS_REVIEW,false,SOURCE_BASED,0,1,false,0
6,maths,13,mensuration,क्षेत्रमिति : परिमिति एवं क्षेत्रफल,https://scert.bihar.gov.in/eresources/%E0%A4%97%E0%A4%A3%E0%A4%BF%E0%A4%A4-%E0%A4%AD%E0%A4%BE%E0%A4%97-6-1707973215,UNVERIFIED,NEEDS_REVIEW,false,MCQ,0,1,true,1
6,maths,13,mensuration,क्षेत्रमिति : परिमिति एवं क्षेत्रफल,https://scert.bihar.gov.in/eresources/%E0%A4%97%E0%A4%A3%E0%A4%BF%E0%A4%A4-%E0%A4%AD%E0%A4%BE%E0%A4%97-6-1707973215,UNVERIFIED,NEEDS_REVIEW,false,TRUE_FALSE,0,1,true,1
6,maths,13,mensuration,क्षेत्रमिति : परिमिति एवं क्षेत्रफल,https://scert.bihar.gov.in/eresources/%E0%A4%97%E0%A4%A3%E0%A4%BF%E0%A4%A4-%E0%A4%AD%E0%A4%BE%E0%A4%97-6-1707973215,UNVERIFIED,NEEDS_REVIEW,false,INPUT,0,1,true,1
6,maths,13,mensuration,क्षेत्रमिति : परिमिति एवं क्षेत्रफल,https://scert.bihar.gov.in/eresources/%E0%A4%97%E0%A4%A3%E0%A4%BF%E0%A4%A4-%E0%A4%AD%E0%A4%BE%E0%A4%97-6-1707973215,UNVERIFIED,NEEDS_REVIEW,false,MATCH,0,1,true,1
6,maths,13,mensuration,क्षेत्रमिति : परिमिति एवं क्षेत्रफल,https://scert.bihar.gov.in/eresources/%E0%A4%97%E0%A4%A3%E0%A4%BF%E0%A4%A4-%E0%A4%AD%E0%A4%BE%E0%A4%97-6-1707973215,UNVERIFIED,NEEDS_REVIEW,false,ORDER,0,1,true,1
6,maths,13,mensuration,क्षेत्रमिति : परिमिति एवं क्षेत्रफल,https://scert.bihar.gov.in/eresources/%E0%A4%97%E0%A4%A3%E0%A4%BF%E0%A4%A4-%E0%A4%AD%E0%A4%BE%E0%A4%97-6-1707973215,UNVERIFIED,NEEDS_REVIEW,false,ASSERTION_REASON,0,1,false,0
6,maths,13,mensuration,क्षेत्रमिति : परिमिति एवं क्षेत्रफल,https://scert.bihar.gov.in/eresources/%E0%A4%97%E0%A4%A3%E0%A4%BF%E0%A4%A4-%E0%A4%AD%E0%A4%BE%E0%A4%97-6-1707973215,UNVERIFIED,NEEDS_REVIEW,false,CASE_BASED,0,1,true,1
6,maths,13,mensuration,क्षेत्रमिति : परिमिति एवं क्षेत्रफल,https://scert.bihar.gov.in/eresources/%E0%A4%97%E0%A4%A3%E0%A4%BF%E0%A4%A4-%E0%A4%AD%E0%A4%BE%E0%A4%97-6-1707973215,UNVERIFIED,NEEDS_REVIEW,false,SHORT_ANSWER,0,1,true,1
6,maths,13,mensuration,क्षेत्रमिति : परिमिति एवं क्षेत्रफल,https://scert.bihar.gov.in/eresources/%E0%A4%97%E0%A4%A3%E0%A4%BF%E0%A4%A4-%E0%A4%AD%E0%A4%BE%E0%A4%97-6-1707973215,UNVERIFIED,NEEDS_REVIEW,false,LONG_ANSWER,0,1,true,1
6,maths,13,mensuration,क्षेत्रमिति : परिमिति एवं क्षेत्रफल,https://scert.bihar.gov.in/eresources/%E0%A4%97%E0%A4%A3%E0%A4%BF%E0%A4%A4-%E0%A4%AD%E0%A4%BE%E0%A4%97-6-1707973215,UNVERIFIED,NEEDS_REVIEW,false,NUMERICAL,0,1,true,1
6,maths,13,mensuration,क्षेत्रमिति : परिमिति एवं क्षेत्रफल,https://scert.bihar.gov.in/eresources/%E0%A4%97%E0%A4%A3%E0%A4%BF%E0%A4%A4-%E0%A4%AD%E0%A4%BE%E0%A4%97-6-1707973215,UNVERIFIED,NEEDS_REVIEW,false,DIAGRAM,0,1,true,1
6,maths,13,mensuration,क्षेत्रमिति : परिमिति एवं क्षेत्रफल,https://scert.bihar.gov.in/eresources/%E0%A4%97%E0%A4%A3%E0%A4%BF%E0%A4%A4-%E0%A4%AD%E0%A4%BE%E0%A4%97-6-1707973215,UNVERIFIED,NEEDS_REVIEW,false,MAP,0,1,false,0
6,maths,13,mensuration,क्षेत्रमिति : परिमिति एवं क्षेत्रफल,https://scert.bihar.gov.in/eresources/%E0%A4%97%E0%A4%A3%E0%A4%BF%E0%A4%A4-%E0%A4%AD%E0%A4%BE%E0%A4%97-6-1707973215,UNVERIFIED,NEEDS_REVIEW,false,SOURCE_BASED,0,1,false,0
6,maths,14,symmetry,सममिति,https://scert.bihar.gov.in/eresources/%E0%A4%97%E0%A4%A3%E0%A4%BF%E0%A4%A4-%E0%A4%AD%E0%A4%BE%E0%A4%97-6-1707973215,UNVERIFIED,NEEDS_REVIEW,false,MCQ,0,1,true,1
6,maths,14,symmetry,सममिति,https://scert.bihar.gov.in/eresources/%E0%A4%97%E0%A4%A3%E0%A4%BF%E0%A4%A4-%E0%A4%AD%E0%A4%BE%E0%A4%97-6-1707973215,UNVERIFIED,NEEDS_REVIEW,false,TRUE_FALSE,0,1,true,1
6,maths,14,symmetry,सममिति,https://scert.bihar.gov.in/eresources/%E0%A4%97%E0%A4%A3%E0%A4%BF%E0%A4%A4-%E0%A4%AD%E0%A4%BE%E0%A4%97-6-1707973215,UNVERIFIED,NEEDS_REVIEW,false,INPUT,0,1,true,1
6,maths,14,symmetry,सममिति,https://scert.bihar.gov.in/eresources/%E0%A4%97%E0%A4%A3%E0%A4%BF%E0%A4%A4-%E0%A4%AD%E0%A4%BE%E0%A4%97-6-1707973215,UNVERIFIED,NEEDS_REVIEW,false,MATCH,0,1,true,1
6,maths,14,symmetry,सममिति,https://scert.bihar.gov.in/eresources/%E0%A4%97%E0%A4%A3%E0%A4%BF%E0%A4%A4-%E0%A4%AD%E0%A4%BE%E0%A4%97-6-1707973215,UNVERIFIED,NEEDS_REVIEW,false,ORDER,0,1,true,1
6,maths,14,symmetry,सममिति,https://scert.bihar.gov.in/eresources/%E0%A4%97%E0%A4%A3%E0%A4%BF%E0%A4%A4-%E0%A4%AD%E0%A4%BE%E0%A4%97-6-1707973215,UNVERIFIED,NEEDS_REVIEW,false,ASSERTION_REASON,0,1,false,0
6,maths,14,symmetry,सममिति,https://scert.bihar.gov.in/eresources/%E0%A4%97%E0%A4%A3%E0%A4%BF%E0%A4%A4-%E0%A4%AD%E0%A4%BE%E0%A4%97-6-1707973215,UNVERIFIED,NEEDS_REVIEW,false,CASE_BASED,0,1,true,1
6,maths,14,symmetry,सममिति,https://scert.bihar.gov.in/eresources/%E0%A4%97%E0%A4%A3%E0%A4%BF%E0%A4%A4-%E0%A4%AD%E0%A4%BE%E0%A4%97-6-1707973215,UNVERIFIED,NEEDS_REVIEW,false,SHORT_ANSWER,0,1,true,1
6,maths,14,symmetry,सममिति,https://scert.bihar.gov.in/eresources/%E0%A4%97%E0%A4%A3%E0%A4%BF%E0%A4%A4-%E0%A4%AD%E0%A4%BE%E0%A4%97-6-1707973215,UNVERIFIED,NEEDS_REVIEW,false,LONG_ANSWER,0,1,true,1
6,maths,14,symmetry,सममिति,https://scert.bihar.gov.in/eresources/%E0%A4%97%E0%A4%A3%E0%A4%BF%E0%A4%A4-%E0%A4%AD%E0%A4%BE%E0%A4%97-6-1707973215,UNVERIFIED,NEEDS_REVIEW,false,NUMERICAL,0,1,true,1
6,maths,14,symmetry,सममिति,https://scert.bihar.gov.in/eresources/%E0%A4%97%E0%A4%A3%E0%A4%BF%E0%A4%A4-%E0%A4%AD%E0%A4%BE%E0%A4%97-6-1707973215,UNVERIFIED,NEEDS_REVIEW,false,DIAGRAM,0,1,true,1
6,maths,14,symmetry,सममिति,https://scert.bihar.gov.in/eresources/%E0%A4%97%E0%A4%A3%E0%A4%BF%E0%A4%A4-%E0%A4%AD%E0%A4%BE%E0%A4%97-6-1707973215,UNVERIFIED,NEEDS_REVIEW,false,MAP,0,1,false,0
6,maths,14,symmetry,सममिति,https://scert.bihar.gov.in/eresources/%E0%A4%97%E0%A4%A3%E0%A4%BF%E0%A4%A4-%E0%A4%AD%E0%A4%BE%E0%A4%97-6-1707973215,UNVERIFIED,NEEDS_REVIEW,false,SOURCE_BASED,0,1,false,0
6,maths,15,practical-geometry,प्रायोगिक ज्यामिति,https://scert.bihar.gov.in/eresources/%E0%A4%97%E0%A4%A3%E0%A4%BF%E0%A4%A4-%E0%A4%AD%E0%A4%BE%E0%A4%97-6-1707973215,UNVERIFIED,NEEDS_REVIEW,false,MCQ,0,1,true,1
6,maths,15,practical-geometry,प्रायोगिक ज्यामिति,https://scert.bihar.gov.in/eresources/%E0%A4%97%E0%A4%A3%E0%A4%BF%E0%A4%A4-%E0%A4%AD%E0%A4%BE%E0%A4%97-6-1707973215,UNVERIFIED,NEEDS_REVIEW,false,TRUE_FALSE,0,1,true,1
6,maths,15,practical-geometry,प्रायोगिक ज्यामिति,https://scert.bihar.gov.in/eresources/%E0%A4%97%E0%A4%A3%E0%A4%BF%E0%A4%A4-%E0%A4%AD%E0%A4%BE%E0%A4%97-6-1707973215,UNVERIFIED,NEEDS_REVIEW,false,INPUT,0,1,true,1
6,maths,15,practical-geometry,प्रायोगिक ज्यामिति,https://scert.bihar.gov.in/eresources/%E0%A4%97%E0%A4%A3%E0%A4%BF%E0%A4%A4-%E0%A4%AD%E0%A4%BE%E0%A4%97-6-1707973215,UNVERIFIED,NEEDS_REVIEW,false,MATCH,0,1,true,1
6,maths,15,practical-geometry,प्रायोगिक ज्यामिति,https://scert.bihar.gov.in/eresources/%E0%A4%97%E0%A4%A3%E0%A4%BF%E0%A4%A4-%E0%A4%AD%E0%A4%BE%E0%A4%97-6-1707973215,UNVERIFIED,NEEDS_REVIEW,false,ORDER,0,1,true,1
6,maths,15,practical-geometry,प्रायोगिक ज्यामिति,https://scert.bihar.gov.in/eresources/%E0%A4%97%E0%A4%A3%E0%A4%BF%E0%A4%A4-%E0%A4%AD%E0%A4%BE%E0%A4%97-6-1707973215,UNVERIFIED,NEEDS_REVIEW,false,ASSERTION_REASON,0,1,false,0
6,maths,15,practical-geometry,प्रायोगिक ज्यामिति,https://scert.bihar.gov.in/eresources/%E0%A4%97%E0%A4%A3%E0%A4%BF%E0%A4%A4-%E0%A4%AD%E0%A4%BE%E0%A4%97-6-1707973215,UNVERIFIED,NEEDS_REVIEW,false,CASE_BASED,0,1,true,1
6,maths,15,practical-geometry,प्रायोगिक ज्यामिति,https://scert.bihar.gov.in/eresources/%E0%A4%97%E0%A4%A3%E0%A4%BF%E0%A4%A4-%E0%A4%AD%E0%A4%BE%E0%A4%97-6-1707973215,UNVERIFIED,NEEDS_REVIEW,false,SHORT_ANSWER,0,1,true,1
6,maths,15,practical-geometry,प्रायोगिक ज्यामिति,https://scert.bihar.gov.in/eresources/%E0%A4%97%E0%A4%A3%E0%A4%BF%E0%A4%A4-%E0%A4%AD%E0%A4%BE%E0%A4%97-6-1707973215,UNVERIFIED,NEEDS_REVIEW,false,LONG_ANSWER,0,1,true,1
6,maths,15,practical-geometry,प्रायोगिक ज्यामिति,https://scert.bihar.gov.in/eresources/%E0%A4%97%E0%A4%A3%E0%A4%BF%E0%A4%A4-%E0%A4%AD%E0%A4%BE%E0%A4%97-6-1707973215,UNVERIFIED,NEEDS_REVIEW,false,NUMERICAL,0,1,true,1
6,maths,15,practical-geometry,प्रायोगिक ज्यामिति,https://scert.bihar.gov.in/eresources/%E0%A4%97%E0%A4%A3%E0%A4%BF%E0%A4%A4-%E0%A4%AD%E0%A4%BE%E0%A4%97-6-1707973215,UNVERIFIED,NEEDS_REVIEW,false,DIAGRAM,0,1,true,1
6,maths,15,practical-geometry,प्रायोगिक ज्यामिति,https://scert.bihar.gov.in/eresources/%E0%A4%97%E0%A4%A3%E0%A4%BF%E0%A4%A4-%E0%A4%AD%E0%A4%BE%E0%A4%97-6-1707973215,UNVERIFIED,NEEDS_REVIEW,false,MAP,0,1,false,0
6,maths,15,practical-geometry,प्रायोगिक ज्यामिति,https://scert.bihar.gov.in/eresources/%E0%A4%97%E0%A4%A3%E0%A4%BF%E0%A4%A4-%E0%A4%AD%E0%A4%BE%E0%A4%97-6-1707973215,UNVERIFIED,NEEDS_REVIEW,false,SOURCE_BASED,0,1,false,0
7,maths,1,integers,पूर्णांक की समझ,https://scert.bihar.gov.in/eresources/%E0%A4%97%E0%A4%A3%E0%A4%BF%E0%A4%A4-%E0%A4%AD%E0%A4%BE%E0%A4%97-7-1708060463,UNVERIFIED,NEEDS_REVIEW,false,MCQ,0,1,true,1
7,maths,1,integers,पूर्णांक की समझ,https://scert.bihar.gov.in/eresources/%E0%A4%97%E0%A4%A3%E0%A4%BF%E0%A4%A4-%E0%A4%AD%E0%A4%BE%E0%A4%97-7-1708060463,UNVERIFIED,NEEDS_REVIEW,false,TRUE_FALSE,0,1,true,1
7,maths,1,integers,पूर्णांक की समझ,https://scert.bihar.gov.in/eresources/%E0%A4%97%E0%A4%A3%E0%A4%BF%E0%A4%A4-%E0%A4%AD%E0%A4%BE%E0%A4%97-7-1708060463,UNVERIFIED,NEEDS_REVIEW,false,INPUT,0,1,true,1
7,maths,1,integers,पूर्णांक की समझ,https://scert.bihar.gov.in/eresources/%E0%A4%97%E0%A4%A3%E0%A4%BF%E0%A4%A4-%E0%A4%AD%E0%A4%BE%E0%A4%97-7-1708060463,UNVERIFIED,NEEDS_REVIEW,false,MATCH,0,1,true,1
7,maths,1,integers,पूर्णांक की समझ,https://scert.bihar.gov.in/eresources/%E0%A4%97%E0%A4%A3%E0%A4%BF%E0%A4%A4-%E0%A4%AD%E0%A4%BE%E0%A4%97-7-1708060463,UNVERIFIED,NEEDS_REVIEW,false,ORDER,0,1,true,1
7,maths,1,integers,पूर्णांक की समझ,https://scert.bihar.gov.in/eresources/%E0%A4%97%E0%A4%A3%E0%A4%BF%E0%A4%A4-%E0%A4%AD%E0%A4%BE%E0%A4%97-7-1708060463,UNVERIFIED,NEEDS_REVIEW,false,ASSERTION_REASON,0,1,false,0
7,maths,1,integers,पूर्णांक की समझ,https://scert.bihar.gov.in/eresources/%E0%A4%97%E0%A4%A3%E0%A4%BF%E0%A4%A4-%E0%A4%AD%E0%A4%BE%E0%A4%97-7-1708060463,UNVERIFIED,NEEDS_REVIEW,false,CASE_BASED,0,1,true,1
7,maths,1,integers,पूर्णांक की समझ,https://scert.bihar.gov.in/eresources/%E0%A4%97%E0%A4%A3%E0%A4%BF%E0%A4%A4-%E0%A4%AD%E0%A4%BE%E0%A4%97-7-1708060463,UNVERIFIED,NEEDS_REVIEW,false,SHORT_ANSWER,0,1,true,1
7,maths,1,integers,पूर्णांक की समझ,https://scert.bihar.gov.in/eresources/%E0%A4%97%E0%A4%A3%E0%A4%BF%E0%A4%A4-%E0%A4%AD%E0%A4%BE%E0%A4%97-7-1708060463,UNVERIFIED,NEEDS_REVIEW,false,LONG_ANSWER,0,1,true,1
7,maths,1,integers,पूर्णांक की समझ,https://scert.bihar.gov.in/eresources/%E0%A4%97%E0%A4%A3%E0%A4%BF%E0%A4%A4-%E0%A4%AD%E0%A4%BE%E0%A4%97-7-1708060463,UNVERIFIED,NEEDS_REVIEW,false,NUMERICAL,0,1,true,1
7,maths,1,integers,पूर्णांक की समझ,https://scert.bihar.gov.in/eresources/%E0%A4%97%E0%A4%A3%E0%A4%BF%E0%A4%A4-%E0%A4%AD%E0%A4%BE%E0%A4%97-7-1708060463,UNVERIFIED,NEEDS_REVIEW,false,DIAGRAM,0,1,false,0
7,maths,1,integers,पूर्णांक की समझ,https://scert.bihar.gov.in/eresources/%E0%A4%97%E0%A4%A3%E0%A4%BF%E0%A4%A4-%E0%A4%AD%E0%A4%BE%E0%A4%97-7-1708060463,UNVERIFIED,NEEDS_REVIEW,false,MAP,0,1,false,0
7,maths,1,integers,पूर्णांक की समझ,https://scert.bihar.gov.in/eresources/%E0%A4%97%E0%A4%A3%E0%A4%BF%E0%A4%A4-%E0%A4%AD%E0%A4%BE%E0%A4%97-7-1708060463,UNVERIFIED,NEEDS_REVIEW,false,SOURCE_BASED,0,1,false,0
7,maths,2,fractions-decimals,भिन्न संख्याएँ,https://scert.bihar.gov.in/eresources/%E0%A4%97%E0%A4%A3%E0%A4%BF%E0%A4%A4-%E0%A4%AD%E0%A4%BE%E0%A4%97-7-1708060463,UNVERIFIED,NEEDS_REVIEW,false,MCQ,0,1,true,1
7,maths,2,fractions-decimals,भिन्न संख्याएँ,https://scert.bihar.gov.in/eresources/%E0%A4%97%E0%A4%A3%E0%A4%BF%E0%A4%A4-%E0%A4%AD%E0%A4%BE%E0%A4%97-7-1708060463,UNVERIFIED,NEEDS_REVIEW,false,TRUE_FALSE,0,1,true,1
7,maths,2,fractions-decimals,भिन्न संख्याएँ,https://scert.bihar.gov.in/eresources/%E0%A4%97%E0%A4%A3%E0%A4%BF%E0%A4%A4-%E0%A4%AD%E0%A4%BE%E0%A4%97-7-1708060463,UNVERIFIED,NEEDS_REVIEW,false,INPUT,0,1,true,1
7,maths,2,fractions-decimals,भिन्न संख्याएँ,https://scert.bihar.gov.in/eresources/%E0%A4%97%E0%A4%A3%E0%A4%BF%E0%A4%A4-%E0%A4%AD%E0%A4%BE%E0%A4%97-7-1708060463,UNVERIFIED,NEEDS_REVIEW,false,MATCH,0,1,true,1
7,maths,2,fractions-decimals,भिन्न संख्याएँ,https://scert.bihar.gov.in/eresources/%E0%A4%97%E0%A4%A3%E0%A4%BF%E0%A4%A4-%E0%A4%AD%E0%A4%BE%E0%A4%97-7-1708060463,UNVERIFIED,NEEDS_REVIEW,false,ORDER,0,1,true,1
7,maths,2,fractions-decimals,भिन्न संख्याएँ,https://scert.bihar.gov.in/eresources/%E0%A4%97%E0%A4%A3%E0%A4%BF%E0%A4%A4-%E0%A4%AD%E0%A4%BE%E0%A4%97-7-1708060463,UNVERIFIED,NEEDS_REVIEW,false,ASSERTION_REASON,0,1,false,0
7,maths,2,fractions-decimals,भिन्न संख्याएँ,https://scert.bihar.gov.in/eresources/%E0%A4%97%E0%A4%A3%E0%A4%BF%E0%A4%A4-%E0%A4%AD%E0%A4%BE%E0%A4%97-7-1708060463,UNVERIFIED,NEEDS_REVIEW,false,CASE_BASED,0,1,true,1
7,maths,2,fractions-decimals,भिन्न संख्याएँ,https://scert.bihar.gov.in/eresources/%E0%A4%97%E0%A4%A3%E0%A4%BF%E0%A4%A4-%E0%A4%AD%E0%A4%BE%E0%A4%97-7-1708060463,UNVERIFIED,NEEDS_REVIEW,false,SHORT_ANSWER,0,1,true,1
7,maths,2,fractions-decimals,भिन्न संख्याएँ,https://scert.bihar.gov.in/eresources/%E0%A4%97%E0%A4%A3%E0%A4%BF%E0%A4%A4-%E0%A4%AD%E0%A4%BE%E0%A4%97-7-1708060463,UNVERIFIED,NEEDS_REVIEW,false,LONG_ANSWER,0,1,true,1
7,maths,2,fractions-decimals,भिन्न संख्याएँ,https://scert.bihar.gov.in/eresources/%E0%A4%97%E0%A4%A3%E0%A4%BF%E0%A4%A4-%E0%A4%AD%E0%A4%BE%E0%A4%97-7-1708060463,UNVERIFIED,NEEDS_REVIEW,false,NUMERICAL,0,1,true,1
7,maths,2,fractions-decimals,भिन्न संख्याएँ,https://scert.bihar.gov.in/eresources/%E0%A4%97%E0%A4%A3%E0%A4%BF%E0%A4%A4-%E0%A4%AD%E0%A4%BE%E0%A4%97-7-1708060463,UNVERIFIED,NEEDS_REVIEW,false,DIAGRAM,0,1,false,0
7,maths,2,fractions-decimals,भिन्न संख्याएँ,https://scert.bihar.gov.in/eresources/%E0%A4%97%E0%A4%A3%E0%A4%BF%E0%A4%A4-%E0%A4%AD%E0%A4%BE%E0%A4%97-7-1708060463,UNVERIFIED,NEEDS_REVIEW,false,MAP,0,1,false,0
7,maths,2,fractions-decimals,भिन्न संख्याएँ,https://scert.bihar.gov.in/eresources/%E0%A4%97%E0%A4%A3%E0%A4%BF%E0%A4%A4-%E0%A4%AD%E0%A4%BE%E0%A4%97-7-1708060463,UNVERIFIED,NEEDS_REVIEW,false,SOURCE_BASED,0,1,false,0
7,maths,3,decimals,दशमलव भिन्न,https://scert.bihar.gov.in/eresources/%E0%A4%97%E0%A4%A3%E0%A4%BF%E0%A4%A4-%E0%A4%AD%E0%A4%BE%E0%A4%97-7-1708060463,UNVERIFIED,NEEDS_REVIEW,false,MCQ,0,1,true,1
7,maths,3,decimals,दशमलव भिन्न,https://scert.bihar.gov.in/eresources/%E0%A4%97%E0%A4%A3%E0%A4%BF%E0%A4%A4-%E0%A4%AD%E0%A4%BE%E0%A4%97-7-1708060463,UNVERIFIED,NEEDS_REVIEW,false,TRUE_FALSE,0,1,true,1
7,maths,3,decimals,दशमलव भिन्न,https://scert.bihar.gov.in/eresources/%E0%A4%97%E0%A4%A3%E0%A4%BF%E0%A4%A4-%E0%A4%AD%E0%A4%BE%E0%A4%97-7-1708060463,UNVERIFIED,NEEDS_REVIEW,false,INPUT,0,1,true,1
7,maths,3,decimals,दशमलव भिन्न,https://scert.bihar.gov.in/eresources/%E0%A4%97%E0%A4%A3%E0%A4%BF%E0%A4%A4-%E0%A4%AD%E0%A4%BE%E0%A4%97-7-1708060463,UNVERIFIED,NEEDS_REVIEW,false,MATCH,0,1,true,1
7,maths,3,decimals,दशमलव भिन्न,https://scert.bihar.gov.in/eresources/%E0%A4%97%E0%A4%A3%E0%A4%BF%E0%A4%A4-%E0%A4%AD%E0%A4%BE%E0%A4%97-7-1708060463,UNVERIFIED,NEEDS_REVIEW,false,ORDER,0,1,true,1
7,maths,3,decimals,दशमलव भिन्न,https://scert.bihar.gov.in/eresources/%E0%A4%97%E0%A4%A3%E0%A4%BF%E0%A4%A4-%E0%A4%AD%E0%A4%BE%E0%A4%97-7-1708060463,UNVERIFIED,NEEDS_REVIEW,false,ASSERTION_REASON,0,1,false,0
7,maths,3,decimals,दशमलव भिन्न,https://scert.bihar.gov.in/eresources/%E0%A4%97%E0%A4%A3%E0%A4%BF%E0%A4%A4-%E0%A4%AD%E0%A4%BE%E0%A4%97-7-1708060463,UNVERIFIED,NEEDS_REVIEW,false,CASE_BASED,0,1,true,1
7,maths,3,decimals,दशमलव भिन्न,https://scert.bihar.gov.in/eresources/%E0%A4%97%E0%A4%A3%E0%A4%BF%E0%A4%A4-%E0%A4%AD%E0%A4%BE%E0%A4%97-7-1708060463,UNVERIFIED,NEEDS_REVIEW,false,SHORT_ANSWER,0,1,true,1
7,maths,3,decimals,दशमलव भिन्न,https://scert.bihar.gov.in/eresources/%E0%A4%97%E0%A4%A3%E0%A4%BF%E0%A4%A4-%E0%A4%AD%E0%A4%BE%E0%A4%97-7-1708060463,UNVERIFIED,NEEDS_REVIEW,false,LONG_ANSWER,0,1,true,1
7,maths,3,decimals,दशमलव भिन्न,https://scert.bihar.gov.in/eresources/%E0%A4%97%E0%A4%A3%E0%A4%BF%E0%A4%A4-%E0%A4%AD%E0%A4%BE%E0%A4%97-7-1708060463,UNVERIFIED,NEEDS_REVIEW,false,NUMERICAL,0,1,true,1
7,maths,3,decimals,दशमलव भिन्न,https://scert.bihar.gov.in/eresources/%E0%A4%97%E0%A4%A3%E0%A4%BF%E0%A4%A4-%E0%A4%AD%E0%A4%BE%E0%A4%97-7-1708060463,UNVERIFIED,NEEDS_REVIEW,false,DIAGRAM,0,1,false,0
7,maths,3,decimals,दशमलव भिन्न,https://scert.bihar.gov.in/eresources/%E0%A4%97%E0%A4%A3%E0%A4%BF%E0%A4%A4-%E0%A4%AD%E0%A4%BE%E0%A4%97-7-1708060463,UNVERIFIED,NEEDS_REVIEW,false,MAP,0,1,false,0
7,maths,3,decimals,दशमलव भिन्न,https://scert.bihar.gov.in/eresources/%E0%A4%97%E0%A4%A3%E0%A4%BF%E0%A4%A4-%E0%A4%AD%E0%A4%BE%E0%A4%97-7-1708060463,UNVERIFIED,NEEDS_REVIEW,false,SOURCE_BASED,0,1,false,0
7,maths,4,data-handling,आँकड़ों का प्रबंधन,https://scert.bihar.gov.in/eresources/%E0%A4%97%E0%A4%A3%E0%A4%BF%E0%A4%A4-%E0%A4%AD%E0%A4%BE%E0%A4%97-7-1708060463,UNVERIFIED,NEEDS_REVIEW,false,MCQ,0,1,true,1
7,maths,4,data-handling,आँकड़ों का प्रबंधन,https://scert.bihar.gov.in/eresources/%E0%A4%97%E0%A4%A3%E0%A4%BF%E0%A4%A4-%E0%A4%AD%E0%A4%BE%E0%A4%97-7-1708060463,UNVERIFIED,NEEDS_REVIEW,false,TRUE_FALSE,0,1,true,1
7,maths,4,data-handling,आँकड़ों का प्रबंधन,https://scert.bihar.gov.in/eresources/%E0%A4%97%E0%A4%A3%E0%A4%BF%E0%A4%A4-%E0%A4%AD%E0%A4%BE%E0%A4%97-7-1708060463,UNVERIFIED,NEEDS_REVIEW,false,INPUT,0,1,true,1
7,maths,4,data-handling,आँकड़ों का प्रबंधन,https://scert.bihar.gov.in/eresources/%E0%A4%97%E0%A4%A3%E0%A4%BF%E0%A4%A4-%E0%A4%AD%E0%A4%BE%E0%A4%97-7-1708060463,UNVERIFIED,NEEDS_REVIEW,false,MATCH,0,1,true,1
7,maths,4,data-handling,आँकड़ों का प्रबंधन,https://scert.bihar.gov.in/eresources/%E0%A4%97%E0%A4%A3%E0%A4%BF%E0%A4%A4-%E0%A4%AD%E0%A4%BE%E0%A4%97-7-1708060463,UNVERIFIED,NEEDS_REVIEW,false,ORDER,0,1,true,1
7,maths,4,data-handling,आँकड़ों का प्रबंधन,https://scert.bihar.gov.in/eresources/%E0%A4%97%E0%A4%A3%E0%A4%BF%E0%A4%A4-%E0%A4%AD%E0%A4%BE%E0%A4%97-7-1708060463,UNVERIFIED,NEEDS_REVIEW,false,ASSERTION_REASON,0,1,false,0
7,maths,4,data-handling,आँकड़ों का प्रबंधन,https://scert.bihar.gov.in/eresources/%E0%A4%97%E0%A4%A3%E0%A4%BF%E0%A4%A4-%E0%A4%AD%E0%A4%BE%E0%A4%97-7-1708060463,UNVERIFIED,NEEDS_REVIEW,false,CASE_BASED,0,1,true,1
7,maths,4,data-handling,आँकड़ों का प्रबंधन,https://scert.bihar.gov.in/eresources/%E0%A4%97%E0%A4%A3%E0%A4%BF%E0%A4%A4-%E0%A4%AD%E0%A4%BE%E0%A4%97-7-1708060463,UNVERIFIED,NEEDS_REVIEW,false,SHORT_ANSWER,0,1,true,1
7,maths,4,data-handling,आँकड़ों का प्रबंधन,https://scert.bihar.gov.in/eresources/%E0%A4%97%E0%A4%A3%E0%A4%BF%E0%A4%A4-%E0%A4%AD%E0%A4%BE%E0%A4%97-7-1708060463,UNVERIFIED,NEEDS_REVIEW,false,LONG_ANSWER,0,1,true,1
7,maths,4,data-handling,आँकड़ों का प्रबंधन,https://scert.bihar.gov.in/eresources/%E0%A4%97%E0%A4%A3%E0%A4%BF%E0%A4%A4-%E0%A4%AD%E0%A4%BE%E0%A4%97-7-1708060463,UNVERIFIED,NEEDS_REVIEW,false,NUMERICAL,0,1,true,1
7,maths,4,data-handling,आँकड़ों का प्रबंधन,https://scert.bihar.gov.in/eresources/%E0%A4%97%E0%A4%A3%E0%A4%BF%E0%A4%A4-%E0%A4%AD%E0%A4%BE%E0%A4%97-7-1708060463,UNVERIFIED,NEEDS_REVIEW,false,DIAGRAM,0,1,true,1
7,maths,4,data-handling,आँकड़ों का प्रबंधन,https://scert.bihar.gov.in/eresources/%E0%A4%97%E0%A4%A3%E0%A4%BF%E0%A4%A4-%E0%A4%AD%E0%A4%BE%E0%A4%97-7-1708060463,UNVERIFIED,NEEDS_REVIEW,false,MAP,0,1,false,0
7,maths,4,data-handling,आँकड़ों का प्रबंधन,https://scert.bihar.gov.in/eresources/%E0%A4%97%E0%A4%A3%E0%A4%BF%E0%A4%A4-%E0%A4%AD%E0%A4%BE%E0%A4%97-7-1708060463,UNVERIFIED,NEEDS_REVIEW,false,SOURCE_BASED,0,1,false,0
7,maths,5,lines-angles,ज्यामितीय आकृतियों की समझ,https://scert.bihar.gov.in/eresources/%E0%A4%97%E0%A4%A3%E0%A4%BF%E0%A4%A4-%E0%A4%AD%E0%A4%BE%E0%A4%97-7-1708060463,UNVERIFIED,NEEDS_REVIEW,false,MCQ,0,1,true,1
7,maths,5,lines-angles,ज्यामितीय आकृतियों की समझ,https://scert.bihar.gov.in/eresources/%E0%A4%97%E0%A4%A3%E0%A4%BF%E0%A4%A4-%E0%A4%AD%E0%A4%BE%E0%A4%97-7-1708060463,UNVERIFIED,NEEDS_REVIEW,false,TRUE_FALSE,0,1,true,1
7,maths,5,lines-angles,ज्यामितीय आकृतियों की समझ,https://scert.bihar.gov.in/eresources/%E0%A4%97%E0%A4%A3%E0%A4%BF%E0%A4%A4-%E0%A4%AD%E0%A4%BE%E0%A4%97-7-1708060463,UNVERIFIED,NEEDS_REVIEW,false,INPUT,0,1,true,1
7,maths,5,lines-angles,ज्यामितीय आकृतियों की समझ,https://scert.bihar.gov.in/eresources/%E0%A4%97%E0%A4%A3%E0%A4%BF%E0%A4%A4-%E0%A4%AD%E0%A4%BE%E0%A4%97-7-1708060463,UNVERIFIED,NEEDS_REVIEW,false,MATCH,0,1,true,1
7,maths,5,lines-angles,ज्यामितीय आकृतियों की समझ,https://scert.bihar.gov.in/eresources/%E0%A4%97%E0%A4%A3%E0%A4%BF%E0%A4%A4-%E0%A4%AD%E0%A4%BE%E0%A4%97-7-1708060463,UNVERIFIED,NEEDS_REVIEW,false,ORDER,0,1,true,1
7,maths,5,lines-angles,ज्यामितीय आकृतियों की समझ,https://scert.bihar.gov.in/eresources/%E0%A4%97%E0%A4%A3%E0%A4%BF%E0%A4%A4-%E0%A4%AD%E0%A4%BE%E0%A4%97-7-1708060463,UNVERIFIED,NEEDS_REVIEW,false,ASSERTION_REASON,0,1,false,0
7,maths,5,lines-angles,ज्यामितीय आकृतियों की समझ,https://scert.bihar.gov.in/eresources/%E0%A4%97%E0%A4%A3%E0%A4%BF%E0%A4%A4-%E0%A4%AD%E0%A4%BE%E0%A4%97-7-1708060463,UNVERIFIED,NEEDS_REVIEW,false,CASE_BASED,0,1,true,1
7,maths,5,lines-angles,ज्यामितीय आकृतियों की समझ,https://scert.bihar.gov.in/eresources/%E0%A4%97%E0%A4%A3%E0%A4%BF%E0%A4%A4-%E0%A4%AD%E0%A4%BE%E0%A4%97-7-1708060463,UNVERIFIED,NEEDS_REVIEW,false,SHORT_ANSWER,0,1,true,1
7,maths,5,lines-angles,ज्यामितीय आकृतियों की समझ,https://scert.bihar.gov.in/eresources/%E0%A4%97%E0%A4%A3%E0%A4%BF%E0%A4%A4-%E0%A4%AD%E0%A4%BE%E0%A4%97-7-1708060463,UNVERIFIED,NEEDS_REVIEW,false,LONG_ANSWER,0,1,true,1
7,maths,5,lines-angles,ज्यामितीय आकृतियों की समझ,https://scert.bihar.gov.in/eresources/%E0%A4%97%E0%A4%A3%E0%A4%BF%E0%A4%A4-%E0%A4%AD%E0%A4%BE%E0%A4%97-7-1708060463,UNVERIFIED,NEEDS_REVIEW,false,NUMERICAL,0,1,true,1
7,maths,5,lines-angles,ज्यामितीय आकृतियों की समझ,https://scert.bihar.gov.in/eresources/%E0%A4%97%E0%A4%A3%E0%A4%BF%E0%A4%A4-%E0%A4%AD%E0%A4%BE%E0%A4%97-7-1708060463,UNVERIFIED,NEEDS_REVIEW,false,DIAGRAM,0,1,true,1
7,maths,5,lines-angles,ज्यामितीय आकृतियों की समझ,https://scert.bihar.gov.in/eresources/%E0%A4%97%E0%A4%A3%E0%A4%BF%E0%A4%A4-%E0%A4%AD%E0%A4%BE%E0%A4%97-7-1708060463,UNVERIFIED,NEEDS_REVIEW,false,MAP,0,1,false,0
7,maths,5,lines-angles,ज्यामितीय आकृतियों की समझ,https://scert.bihar.gov.in/eresources/%E0%A4%97%E0%A4%A3%E0%A4%BF%E0%A4%A4-%E0%A4%AD%E0%A4%BE%E0%A4%97-7-1708060463,UNVERIFIED,NEEDS_REVIEW,false,SOURCE_BASED,0,1,false,0
7,maths,6,triangles,त्रिभुज और उसके गुण,https://scert.bihar.gov.in/eresources/%E0%A4%97%E0%A4%A3%E0%A4%BF%E0%A4%A4-%E0%A4%AD%E0%A4%BE%E0%A4%97-7-1708060463,UNVERIFIED,NEEDS_REVIEW,false,MCQ,0,1,true,1
7,maths,6,triangles,त्रिभुज और उसके गुण,https://scert.bihar.gov.in/eresources/%E0%A4%97%E0%A4%A3%E0%A4%BF%E0%A4%A4-%E0%A4%AD%E0%A4%BE%E0%A4%97-7-1708060463,UNVERIFIED,NEEDS_REVIEW,false,TRUE_FALSE,0,1,true,1
7,maths,6,triangles,त्रिभुज और उसके गुण,https://scert.bihar.gov.in/eresources/%E0%A4%97%E0%A4%A3%E0%A4%BF%E0%A4%A4-%E0%A4%AD%E0%A4%BE%E0%A4%97-7-1708060463,UNVERIFIED,NEEDS_REVIEW,false,INPUT,0,1,true,1
7,maths,6,triangles,त्रिभुज और उसके गुण,https://scert.bihar.gov.in/eresources/%E0%A4%97%E0%A4%A3%E0%A4%BF%E0%A4%A4-%E0%A4%AD%E0%A4%BE%E0%A4%97-7-1708060463,UNVERIFIED,NEEDS_REVIEW,false,MATCH,0,1,true,1
7,maths,6,triangles,त्रिभुज और उसके गुण,https://scert.bihar.gov.in/eresources/%E0%A4%97%E0%A4%A3%E0%A4%BF%E0%A4%A4-%E0%A4%AD%E0%A4%BE%E0%A4%97-7-1708060463,UNVERIFIED,NEEDS_REVIEW,false,ORDER,0,1,true,1
7,maths,6,triangles,त्रिभुज और उसके गुण,https://scert.bihar.gov.in/eresources/%E0%A4%97%E0%A4%A3%E0%A4%BF%E0%A4%A4-%E0%A4%AD%E0%A4%BE%E0%A4%97-7-1708060463,UNVERIFIED,NEEDS_REVIEW,false,ASSERTION_REASON,0,1,false,0
7,maths,6,triangles,त्रिभुज और उसके गुण,https://scert.bihar.gov.in/eresources/%E0%A4%97%E0%A4%A3%E0%A4%BF%E0%A4%A4-%E0%A4%AD%E0%A4%BE%E0%A4%97-7-1708060463,UNVERIFIED,NEEDS_REVIEW,false,CASE_BASED,0,1,true,1
7,maths,6,triangles,त्रिभुज और उसके गुण,https://scert.bihar.gov.in/eresources/%E0%A4%97%E0%A4%A3%E0%A4%BF%E0%A4%A4-%E0%A4%AD%E0%A4%BE%E0%A4%97-7-1708060463,UNVERIFIED,NEEDS_REVIEW,false,SHORT_ANSWER,0,1,true,1
7,maths,6,triangles,त्रिभुज और उसके गुण,https://scert.bihar.gov.in/eresources/%E0%A4%97%E0%A4%A3%E0%A4%BF%E0%A4%A4-%E0%A4%AD%E0%A4%BE%E0%A4%97-7-1708060463,UNVERIFIED,NEEDS_REVIEW,false,LONG_ANSWER,0,1,true,1
7,maths,6,triangles,त्रिभुज और उसके गुण,https://scert.bihar.gov.in/eresources/%E0%A4%97%E0%A4%A3%E0%A4%BF%E0%A4%A4-%E0%A4%AD%E0%A4%BE%E0%A4%97-7-1708060463,UNVERIFIED,NEEDS_REVIEW,false,NUMERICAL,0,1,true,1
7,maths,6,triangles,त्रिभुज और उसके गुण,https://scert.bihar.gov.in/eresources/%E0%A4%97%E0%A4%A3%E0%A4%BF%E0%A4%A4-%E0%A4%AD%E0%A4%BE%E0%A4%97-7-1708060463,UNVERIFIED,NEEDS_REVIEW,false,DIAGRAM,0,1,true,1
7,maths,6,triangles,त्रिभुज और उसके गुण,https://scert.bihar.gov.in/eresources/%E0%A4%97%E0%A4%A3%E0%A4%BF%E0%A4%A4-%E0%A4%AD%E0%A4%BE%E0%A4%97-7-1708060463,UNVERIFIED,NEEDS_REVIEW,false,MAP,0,1,false,0
7,maths,6,triangles,त्रिभुज और उसके गुण,https://scert.bihar.gov.in/eresources/%E0%A4%97%E0%A4%A3%E0%A4%BF%E0%A4%A4-%E0%A4%AD%E0%A4%BE%E0%A4%97-7-1708060463,UNVERIFIED,NEEDS_REVIEW,false,SOURCE_BASED,0,1,false,0
7,maths,7,congruence,सर्वांगसमता,https://scert.bihar.gov.in/eresources/%E0%A4%97%E0%A4%A3%E0%A4%BF%E0%A4%A4-%E0%A4%AD%E0%A4%BE%E0%A4%97-7-1708060463,UNVERIFIED,NEEDS_REVIEW,false,MCQ,0,1,true,1
7,maths,7,congruence,सर्वांगसमता,https://scert.bihar.gov.in/eresources/%E0%A4%97%E0%A4%A3%E0%A4%BF%E0%A4%A4-%E0%A4%AD%E0%A4%BE%E0%A4%97-7-1708060463,UNVERIFIED,NEEDS_REVIEW,false,TRUE_FALSE,0,1,true,1
7,maths,7,congruence,सर्वांगसमता,https://scert.bihar.gov.in/eresources/%E0%A4%97%E0%A4%A3%E0%A4%BF%E0%A4%A4-%E0%A4%AD%E0%A4%BE%E0%A4%97-7-1708060463,UNVERIFIED,NEEDS_REVIEW,false,INPUT,0,1,true,1
7,maths,7,congruence,सर्वांगसमता,https://scert.bihar.gov.in/eresources/%E0%A4%97%E0%A4%A3%E0%A4%BF%E0%A4%A4-%E0%A4%AD%E0%A4%BE%E0%A4%97-7-1708060463,UNVERIFIED,NEEDS_REVIEW,false,MATCH,0,1,true,1
7,maths,7,congruence,सर्वांगसमता,https://scert.bihar.gov.in/eresources/%E0%A4%97%E0%A4%A3%E0%A4%BF%E0%A4%A4-%E0%A4%AD%E0%A4%BE%E0%A4%97-7-1708060463,UNVERIFIED,NEEDS_REVIEW,false,ORDER,0,1,true,1
7,maths,7,congruence,सर्वांगसमता,https://scert.bihar.gov.in/eresources/%E0%A4%97%E0%A4%A3%E0%A4%BF%E0%A4%A4-%E0%A4%AD%E0%A4%BE%E0%A4%97-7-1708060463,UNVERIFIED,NEEDS_REVIEW,false,ASSERTION_REASON,0,1,false,0
7,maths,7,congruence,सर्वांगसमता,https://scert.bihar.gov.in/eresources/%E0%A4%97%E0%A4%A3%E0%A4%BF%E0%A4%A4-%E0%A4%AD%E0%A4%BE%E0%A4%97-7-1708060463,UNVERIFIED,NEEDS_REVIEW,false,CASE_BASED,0,1,true,1
7,maths,7,congruence,सर्वांगसमता,https://scert.bihar.gov.in/eresources/%E0%A4%97%E0%A4%A3%E0%A4%BF%E0%A4%A4-%E0%A4%AD%E0%A4%BE%E0%A4%97-7-1708060463,UNVERIFIED,NEEDS_REVIEW,false,SHORT_ANSWER,0,1,true,1
7,maths,7,congruence,सर्वांगसमता,https://scert.bihar.gov.in/eresources/%E0%A4%97%E0%A4%A3%E0%A4%BF%E0%A4%A4-%E0%A4%AD%E0%A4%BE%E0%A4%97-7-1708060463,UNVERIFIED,NEEDS_REVIEW,false,LONG_ANSWER,0,1,true,1
7,maths,7,congruence,सर्वांगसमता,https://scert.bihar.gov.in/eresources/%E0%A4%97%E0%A4%A3%E0%A4%BF%E0%A4%A4-%E0%A4%AD%E0%A4%BE%E0%A4%97-7-1708060463,UNVERIFIED,NEEDS_REVIEW,false,NUMERICAL,0,1,true,1
7,maths,7,congruence,सर्वांगसमता,https://scert.bihar.gov.in/eresources/%E0%A4%97%E0%A4%A3%E0%A4%BF%E0%A4%A4-%E0%A4%AD%E0%A4%BE%E0%A4%97-7-1708060463,UNVERIFIED,NEEDS_REVIEW,false,DIAGRAM,0,1,true,1
7,maths,7,congruence,सर्वांगसमता,https://scert.bihar.gov.in/eresources/%E0%A4%97%E0%A4%A3%E0%A4%BF%E0%A4%A4-%E0%A4%AD%E0%A4%BE%E0%A4%97-7-1708060463,UNVERIFIED,NEEDS_REVIEW,false,MAP,0,1,false,0
7,maths,7,congruence,सर्वांगसमता,https://scert.bihar.gov.in/eresources/%E0%A4%97%E0%A4%A3%E0%A4%BF%E0%A4%A4-%E0%A4%AD%E0%A4%BE%E0%A4%97-7-1708060463,UNVERIFIED,NEEDS_REVIEW,false,SOURCE_BASED,0,1,false,0
7,maths,8,exponents-powers,घातांक,https://scert.bihar.gov.in/eresources/%E0%A4%97%E0%A4%A3%E0%A4%BF%E0%A4%A4-%E0%A4%AD%E0%A4%BE%E0%A4%97-7-1708060463,UNVERIFIED,NEEDS_REVIEW,false,MCQ,0,1,true,1
7,maths,8,exponents-powers,घातांक,https://scert.bihar.gov.in/eresources/%E0%A4%97%E0%A4%A3%E0%A4%BF%E0%A4%A4-%E0%A4%AD%E0%A4%BE%E0%A4%97-7-1708060463,UNVERIFIED,NEEDS_REVIEW,false,TRUE_FALSE,0,1,true,1
7,maths,8,exponents-powers,घातांक,https://scert.bihar.gov.in/eresources/%E0%A4%97%E0%A4%A3%E0%A4%BF%E0%A4%A4-%E0%A4%AD%E0%A4%BE%E0%A4%97-7-1708060463,UNVERIFIED,NEEDS_REVIEW,false,INPUT,0,1,true,1
7,maths,8,exponents-powers,घातांक,https://scert.bihar.gov.in/eresources/%E0%A4%97%E0%A4%A3%E0%A4%BF%E0%A4%A4-%E0%A4%AD%E0%A4%BE%E0%A4%97-7-1708060463,UNVERIFIED,NEEDS_REVIEW,false,MATCH,0,1,true,1
7,maths,8,exponents-powers,घातांक,https://scert.bihar.gov.in/eresources/%E0%A4%97%E0%A4%A3%E0%A4%BF%E0%A4%A4-%E0%A4%AD%E0%A4%BE%E0%A4%97-7-1708060463,UNVERIFIED,NEEDS_REVIEW,false,ORDER,0,1,true,1
7,maths,8,exponents-powers,घातांक,https://scert.bihar.gov.in/eresources/%E0%A4%97%E0%A4%A3%E0%A4%BF%E0%A4%A4-%E0%A4%AD%E0%A4%BE%E0%A4%97-7-1708060463,UNVERIFIED,NEEDS_REVIEW,false,ASSERTION_REASON,0,1,false,0
7,maths,8,exponents-powers,घातांक,https://scert.bihar.gov.in/eresources/%E0%A4%97%E0%A4%A3%E0%A4%BF%E0%A4%A4-%E0%A4%AD%E0%A4%BE%E0%A4%97-7-1708060463,UNVERIFIED,NEEDS_REVIEW,false,CASE_BASED,0,1,true,1
7,maths,8,exponents-powers,घातांक,https://scert.bihar.gov.in/eresources/%E0%A4%97%E0%A4%A3%E0%A4%BF%E0%A4%A4-%E0%A4%AD%E0%A4%BE%E0%A4%97-7-1708060463,UNVERIFIED,NEEDS_REVIEW,false,SHORT_ANSWER,0,1,true,1
7,maths,8,exponents-powers,घातांक,https://scert.bihar.gov.in/eresources/%E0%A4%97%E0%A4%A3%E0%A4%BF%E0%A4%A4-%E0%A4%AD%E0%A4%BE%E0%A4%97-7-1708060463,UNVERIFIED,NEEDS_REVIEW,false,LONG_ANSWER,0,1,true,1
7,maths,8,exponents-powers,घातांक,https://scert.bihar.gov.in/eresources/%E0%A4%97%E0%A4%A3%E0%A4%BF%E0%A4%A4-%E0%A4%AD%E0%A4%BE%E0%A4%97-7-1708060463,UNVERIFIED,NEEDS_REVIEW,false,NUMERICAL,0,1,true,1
7,maths,8,exponents-powers,घातांक,https://scert.bihar.gov.in/eresources/%E0%A4%97%E0%A4%A3%E0%A4%BF%E0%A4%A4-%E0%A4%AD%E0%A4%BE%E0%A4%97-7-1708060463,UNVERIFIED,NEEDS_REVIEW,false,DIAGRAM,0,1,false,0
7,maths,8,exponents-powers,घातांक,https://scert.bihar.gov.in/eresources/%E0%A4%97%E0%A4%A3%E0%A4%BF%E0%A4%A4-%E0%A4%AD%E0%A4%BE%E0%A4%97-7-1708060463,UNVERIFIED,NEEDS_REVIEW,false,MAP,0,1,false,0
7,maths,8,exponents-powers,घातांक,https://scert.bihar.gov.in/eresources/%E0%A4%97%E0%A4%A3%E0%A4%BF%E0%A4%A4-%E0%A4%AD%E0%A4%BE%E0%A4%97-7-1708060463,UNVERIFIED,NEEDS_REVIEW,false,SOURCE_BASED,0,1,false,0
7,maths,9,algebraic-expressions,बीजीय व्यंजक,https://scert.bihar.gov.in/eresources/%E0%A4%97%E0%A4%A3%E0%A4%BF%E0%A4%A4-%E0%A4%AD%E0%A4%BE%E0%A4%97-7-1708060463,UNVERIFIED,NEEDS_REVIEW,false,MCQ,1,1,true,0
7,maths,9,algebraic-expressions,बीजीय व्यंजक,https://scert.bihar.gov.in/eresources/%E0%A4%97%E0%A4%A3%E0%A4%BF%E0%A4%A4-%E0%A4%AD%E0%A4%BE%E0%A4%97-7-1708060463,UNVERIFIED,NEEDS_REVIEW,false,TRUE_FALSE,1,1,true,0
7,maths,9,algebraic-expressions,बीजीय व्यंजक,https://scert.bihar.gov.in/eresources/%E0%A4%97%E0%A4%A3%E0%A4%BF%E0%A4%A4-%E0%A4%AD%E0%A4%BE%E0%A4%97-7-1708060463,UNVERIFIED,NEEDS_REVIEW,false,INPUT,0,1,true,1
7,maths,9,algebraic-expressions,बीजीय व्यंजक,https://scert.bihar.gov.in/eresources/%E0%A4%97%E0%A4%A3%E0%A4%BF%E0%A4%A4-%E0%A4%AD%E0%A4%BE%E0%A4%97-7-1708060463,UNVERIFIED,NEEDS_REVIEW,false,MATCH,0,1,true,1
7,maths,9,algebraic-expressions,बीजीय व्यंजक,https://scert.bihar.gov.in/eresources/%E0%A4%97%E0%A4%A3%E0%A4%BF%E0%A4%A4-%E0%A4%AD%E0%A4%BE%E0%A4%97-7-1708060463,UNVERIFIED,NEEDS_REVIEW,false,ORDER,0,1,true,1
7,maths,9,algebraic-expressions,बीजीय व्यंजक,https://scert.bihar.gov.in/eresources/%E0%A4%97%E0%A4%A3%E0%A4%BF%E0%A4%A4-%E0%A4%AD%E0%A4%BE%E0%A4%97-7-1708060463,UNVERIFIED,NEEDS_REVIEW,false,ASSERTION_REASON,0,1,false,0
7,maths,9,algebraic-expressions,बीजीय व्यंजक,https://scert.bihar.gov.in/eresources/%E0%A4%97%E0%A4%A3%E0%A4%BF%E0%A4%A4-%E0%A4%AD%E0%A4%BE%E0%A4%97-7-1708060463,UNVERIFIED,NEEDS_REVIEW,false,CASE_BASED,0,1,true,1
7,maths,9,algebraic-expressions,बीजीय व्यंजक,https://scert.bihar.gov.in/eresources/%E0%A4%97%E0%A4%A3%E0%A4%BF%E0%A4%A4-%E0%A4%AD%E0%A4%BE%E0%A4%97-7-1708060463,UNVERIFIED,NEEDS_REVIEW,false,SHORT_ANSWER,0,1,true,1
7,maths,9,algebraic-expressions,बीजीय व्यंजक,https://scert.bihar.gov.in/eresources/%E0%A4%97%E0%A4%A3%E0%A4%BF%E0%A4%A4-%E0%A4%AD%E0%A4%BE%E0%A4%97-7-1708060463,UNVERIFIED,NEEDS_REVIEW,false,LONG_ANSWER,0,1,true,1
7,maths,9,algebraic-expressions,बीजीय व्यंजक,https://scert.bihar.gov.in/eresources/%E0%A4%97%E0%A4%A3%E0%A4%BF%E0%A4%A4-%E0%A4%AD%E0%A4%BE%E0%A4%97-7-1708060463,UNVERIFIED,NEEDS_REVIEW,false,NUMERICAL,0,1,true,1
7,maths,9,algebraic-expressions,बीजीय व्यंजक,https://scert.bihar.gov.in/eresources/%E0%A4%97%E0%A4%A3%E0%A4%BF%E0%A4%A4-%E0%A4%AD%E0%A4%BE%E0%A4%97-7-1708060463,UNVERIFIED,NEEDS_REVIEW,false,DIAGRAM,0,1,false,0
7,maths,9,algebraic-expressions,बीजीय व्यंजक,https://scert.bihar.gov.in/eresources/%E0%A4%97%E0%A4%A3%E0%A4%BF%E0%A4%A4-%E0%A4%AD%E0%A4%BE%E0%A4%97-7-1708060463,UNVERIFIED,NEEDS_REVIEW,false,MAP,0,1,false,0
7,maths,9,algebraic-expressions,बीजीय व्यंजक,https://scert.bihar.gov.in/eresources/%E0%A4%97%E0%A4%A3%E0%A4%BF%E0%A4%A4-%E0%A4%AD%E0%A4%BE%E0%A4%97-7-1708060463,UNVERIFIED,NEEDS_REVIEW,false,SOURCE_BASED,0,1,false,0
7,maths,10,comparing-quantities,राशियों की तुलना,https://scert.bihar.gov.in/eresources/%E0%A4%97%E0%A4%A3%E0%A4%BF%E0%A4%A4-%E0%A4%AD%E0%A4%BE%E0%A4%97-7-1708060463,UNVERIFIED,NEEDS_REVIEW,false,MCQ,0,1,true,1
7,maths,10,comparing-quantities,राशियों की तुलना,https://scert.bihar.gov.in/eresources/%E0%A4%97%E0%A4%A3%E0%A4%BF%E0%A4%A4-%E0%A4%AD%E0%A4%BE%E0%A4%97-7-1708060463,UNVERIFIED,NEEDS_REVIEW,false,TRUE_FALSE,0,1,true,1
7,maths,10,comparing-quantities,राशियों की तुलना,https://scert.bihar.gov.in/eresources/%E0%A4%97%E0%A4%A3%E0%A4%BF%E0%A4%A4-%E0%A4%AD%E0%A4%BE%E0%A4%97-7-1708060463,UNVERIFIED,NEEDS_REVIEW,false,INPUT,0,1,true,1
7,maths,10,comparing-quantities,राशियों की तुलना,https://scert.bihar.gov.in/eresources/%E0%A4%97%E0%A4%A3%E0%A4%BF%E0%A4%A4-%E0%A4%AD%E0%A4%BE%E0%A4%97-7-1708060463,UNVERIFIED,NEEDS_REVIEW,false,MATCH,0,1,true,1
7,maths,10,comparing-quantities,राशियों की तुलना,https://scert.bihar.gov.in/eresources/%E0%A4%97%E0%A4%A3%E0%A4%BF%E0%A4%A4-%E0%A4%AD%E0%A4%BE%E0%A4%97-7-1708060463,UNVERIFIED,NEEDS_REVIEW,false,ORDER,0,1,true,1
7,maths,10,comparing-quantities,राशियों की तुलना,https://scert.bihar.gov.in/eresources/%E0%A4%97%E0%A4%A3%E0%A4%BF%E0%A4%A4-%E0%A4%AD%E0%A4%BE%E0%A4%97-7-1708060463,UNVERIFIED,NEEDS_REVIEW,false,ASSERTION_REASON,0,1,false,0
7,maths,10,comparing-quantities,राशियों की तुलना,https://scert.bihar.gov.in/eresources/%E0%A4%97%E0%A4%A3%E0%A4%BF%E0%A4%A4-%E0%A4%AD%E0%A4%BE%E0%A4%97-7-1708060463,UNVERIFIED,NEEDS_REVIEW,false,CASE_BASED,0,1,true,1
7,maths,10,comparing-quantities,राशियों की तुलना,https://scert.bihar.gov.in/eresources/%E0%A4%97%E0%A4%A3%E0%A4%BF%E0%A4%A4-%E0%A4%AD%E0%A4%BE%E0%A4%97-7-1708060463,UNVERIFIED,NEEDS_REVIEW,false,SHORT_ANSWER,0,1,true,1
7,maths,10,comparing-quantities,राशियों की तुलना,https://scert.bihar.gov.in/eresources/%E0%A4%97%E0%A4%A3%E0%A4%BF%E0%A4%A4-%E0%A4%AD%E0%A4%BE%E0%A4%97-7-1708060463,UNVERIFIED,NEEDS_REVIEW,false,LONG_ANSWER,0,1,true,1
7,maths,10,comparing-quantities,राशियों की तुलना,https://scert.bihar.gov.in/eresources/%E0%A4%97%E0%A4%A3%E0%A4%BF%E0%A4%A4-%E0%A4%AD%E0%A4%BE%E0%A4%97-7-1708060463,UNVERIFIED,NEEDS_REVIEW,false,NUMERICAL,0,1,true,1
7,maths,10,comparing-quantities,राशियों की तुलना,https://scert.bihar.gov.in/eresources/%E0%A4%97%E0%A4%A3%E0%A4%BF%E0%A4%A4-%E0%A4%AD%E0%A4%BE%E0%A4%97-7-1708060463,UNVERIFIED,NEEDS_REVIEW,false,DIAGRAM,0,1,false,0
7,maths,10,comparing-quantities,राशियों की तुलना,https://scert.bihar.gov.in/eresources/%E0%A4%97%E0%A4%A3%E0%A4%BF%E0%A4%A4-%E0%A4%AD%E0%A4%BE%E0%A4%97-7-1708060463,UNVERIFIED,NEEDS_REVIEW,false,MAP,0,1,false,0
7,maths,10,comparing-quantities,राशियों की तुलना,https://scert.bihar.gov.in/eresources/%E0%A4%97%E0%A4%A3%E0%A4%BF%E0%A4%A4-%E0%A4%AD%E0%A4%BE%E0%A4%97-7-1708060463,UNVERIFIED,NEEDS_REVIEW,false,SOURCE_BASED,0,1,false,0
7,maths,11,simple-equations,सरल समीकरण,https://scert.bihar.gov.in/eresources/%E0%A4%97%E0%A4%A3%E0%A4%BF%E0%A4%A4-%E0%A4%AD%E0%A4%BE%E0%A4%97-7-1708060463,UNVERIFIED,NEEDS_REVIEW,false,MCQ,2,1,true,0
7,maths,11,simple-equations,सरल समीकरण,https://scert.bihar.gov.in/eresources/%E0%A4%97%E0%A4%A3%E0%A4%BF%E0%A4%A4-%E0%A4%AD%E0%A4%BE%E0%A4%97-7-1708060463,UNVERIFIED,NEEDS_REVIEW,false,TRUE_FALSE,0,1,true,1
7,maths,11,simple-equations,सरल समीकरण,https://scert.bihar.gov.in/eresources/%E0%A4%97%E0%A4%A3%E0%A4%BF%E0%A4%A4-%E0%A4%AD%E0%A4%BE%E0%A4%97-7-1708060463,UNVERIFIED,NEEDS_REVIEW,false,INPUT,0,1,true,1
7,maths,11,simple-equations,सरल समीकरण,https://scert.bihar.gov.in/eresources/%E0%A4%97%E0%A4%A3%E0%A4%BF%E0%A4%A4-%E0%A4%AD%E0%A4%BE%E0%A4%97-7-1708060463,UNVERIFIED,NEEDS_REVIEW,false,MATCH,0,1,true,1
7,maths,11,simple-equations,सरल समीकरण,https://scert.bihar.gov.in/eresources/%E0%A4%97%E0%A4%A3%E0%A4%BF%E0%A4%A4-%E0%A4%AD%E0%A4%BE%E0%A4%97-7-1708060463,UNVERIFIED,NEEDS_REVIEW,false,ORDER,0,1,true,1
7,maths,11,simple-equations,सरल समीकरण,https://scert.bihar.gov.in/eresources/%E0%A4%97%E0%A4%A3%E0%A4%BF%E0%A4%A4-%E0%A4%AD%E0%A4%BE%E0%A4%97-7-1708060463,UNVERIFIED,NEEDS_REVIEW,false,ASSERTION_REASON,0,1,false,0
7,maths,11,simple-equations,सरल समीकरण,https://scert.bihar.gov.in/eresources/%E0%A4%97%E0%A4%A3%E0%A4%BF%E0%A4%A4-%E0%A4%AD%E0%A4%BE%E0%A4%97-7-1708060463,UNVERIFIED,NEEDS_REVIEW,false,CASE_BASED,0,1,true,1
7,maths,11,simple-equations,सरल समीकरण,https://scert.bihar.gov.in/eresources/%E0%A4%97%E0%A4%A3%E0%A4%BF%E0%A4%A4-%E0%A4%AD%E0%A4%BE%E0%A4%97-7-1708060463,UNVERIFIED,NEEDS_REVIEW,false,SHORT_ANSWER,0,1,true,1
7,maths,11,simple-equations,सरल समीकरण,https://scert.bihar.gov.in/eresources/%E0%A4%97%E0%A4%A3%E0%A4%BF%E0%A4%A4-%E0%A4%AD%E0%A4%BE%E0%A4%97-7-1708060463,UNVERIFIED,NEEDS_REVIEW,false,LONG_ANSWER,0,1,true,1
7,maths,11,simple-equations,सरल समीकरण,https://scert.bihar.gov.in/eresources/%E0%A4%97%E0%A4%A3%E0%A4%BF%E0%A4%A4-%E0%A4%AD%E0%A4%BE%E0%A4%97-7-1708060463,UNVERIFIED,NEEDS_REVIEW,false,NUMERICAL,0,1,true,1
7,maths,11,simple-equations,सरल समीकरण,https://scert.bihar.gov.in/eresources/%E0%A4%97%E0%A4%A3%E0%A4%BF%E0%A4%A4-%E0%A4%AD%E0%A4%BE%E0%A4%97-7-1708060463,UNVERIFIED,NEEDS_REVIEW,false,DIAGRAM,0,1,false,0
7,maths,11,simple-equations,सरल समीकरण,https://scert.bihar.gov.in/eresources/%E0%A4%97%E0%A4%A3%E0%A4%BF%E0%A4%A4-%E0%A4%AD%E0%A4%BE%E0%A4%97-7-1708060463,UNVERIFIED,NEEDS_REVIEW,false,MAP,0,1,false,0
7,maths,11,simple-equations,सरल समीकरण,https://scert.bihar.gov.in/eresources/%E0%A4%97%E0%A4%A3%E0%A4%BF%E0%A4%A4-%E0%A4%AD%E0%A4%BE%E0%A4%97-7-1708060463,UNVERIFIED,NEEDS_REVIEW,false,SOURCE_BASED,0,1,false,0
7,maths,12,rational-numbers,परिमेय संख्याएँ,https://scert.bihar.gov.in/eresources/%E0%A4%97%E0%A4%A3%E0%A4%BF%E0%A4%A4-%E0%A4%AD%E0%A4%BE%E0%A4%97-7-1708060463,UNVERIFIED,NEEDS_REVIEW,false,MCQ,0,1,true,1
7,maths,12,rational-numbers,परिमेय संख्याएँ,https://scert.bihar.gov.in/eresources/%E0%A4%97%E0%A4%A3%E0%A4%BF%E0%A4%A4-%E0%A4%AD%E0%A4%BE%E0%A4%97-7-1708060463,UNVERIFIED,NEEDS_REVIEW,false,TRUE_FALSE,0,1,true,1
7,maths,12,rational-numbers,परिमेय संख्याएँ,https://scert.bihar.gov.in/eresources/%E0%A4%97%E0%A4%A3%E0%A4%BF%E0%A4%A4-%E0%A4%AD%E0%A4%BE%E0%A4%97-7-1708060463,UNVERIFIED,NEEDS_REVIEW,false,INPUT,0,1,true,1
7,maths,12,rational-numbers,परिमेय संख्याएँ,https://scert.bihar.gov.in/eresources/%E0%A4%97%E0%A4%A3%E0%A4%BF%E0%A4%A4-%E0%A4%AD%E0%A4%BE%E0%A4%97-7-1708060463,UNVERIFIED,NEEDS_REVIEW,false,MATCH,0,1,true,1
7,maths,12,rational-numbers,परिमेय संख्याएँ,https://scert.bihar.gov.in/eresources/%E0%A4%97%E0%A4%A3%E0%A4%BF%E0%A4%A4-%E0%A4%AD%E0%A4%BE%E0%A4%97-7-1708060463,UNVERIFIED,NEEDS_REVIEW,false,ORDER,0,1,true,1
7,maths,12,rational-numbers,परिमेय संख्याएँ,https://scert.bihar.gov.in/eresources/%E0%A4%97%E0%A4%A3%E0%A4%BF%E0%A4%A4-%E0%A4%AD%E0%A4%BE%E0%A4%97-7-1708060463,UNVERIFIED,NEEDS_REVIEW,false,ASSERTION_REASON,0,1,false,0
7,maths,12,rational-numbers,परिमेय संख्याएँ,https://scert.bihar.gov.in/eresources/%E0%A4%97%E0%A4%A3%E0%A4%BF%E0%A4%A4-%E0%A4%AD%E0%A4%BE%E0%A4%97-7-1708060463,UNVERIFIED,NEEDS_REVIEW,false,CASE_BASED,0,1,true,1
7,maths,12,rational-numbers,परिमेय संख्याएँ,https://scert.bihar.gov.in/eresources/%E0%A4%97%E0%A4%A3%E0%A4%BF%E0%A4%A4-%E0%A4%AD%E0%A4%BE%E0%A4%97-7-1708060463,UNVERIFIED,NEEDS_REVIEW,false,SHORT_ANSWER,0,1,true,1
7,maths,12,rational-numbers,परिमेय संख्याएँ,https://scert.bihar.gov.in/eresources/%E0%A4%97%E0%A4%A3%E0%A4%BF%E0%A4%A4-%E0%A4%AD%E0%A4%BE%E0%A4%97-7-1708060463,UNVERIFIED,NEEDS_REVIEW,false,LONG_ANSWER,0,1,true,1
7,maths,12,rational-numbers,परिमेय संख्याएँ,https://scert.bihar.gov.in/eresources/%E0%A4%97%E0%A4%A3%E0%A4%BF%E0%A4%A4-%E0%A4%AD%E0%A4%BE%E0%A4%97-7-1708060463,UNVERIFIED,NEEDS_REVIEW,false,NUMERICAL,0,1,true,1
7,maths,12,rational-numbers,परिमेय संख्याएँ,https://scert.bihar.gov.in/eresources/%E0%A4%97%E0%A4%A3%E0%A4%BF%E0%A4%A4-%E0%A4%AD%E0%A4%BE%E0%A4%97-7-1708060463,UNVERIFIED,NEEDS_REVIEW,false,DIAGRAM,0,1,false,0
7,maths,12,rational-numbers,परिमेय संख्याएँ,https://scert.bihar.gov.in/eresources/%E0%A4%97%E0%A4%A3%E0%A4%BF%E0%A4%A4-%E0%A4%AD%E0%A4%BE%E0%A4%97-7-1708060463,UNVERIFIED,NEEDS_REVIEW,false,MAP,0,1,false,0
7,maths,12,rational-numbers,परिमेय संख्याएँ,https://scert.bihar.gov.in/eresources/%E0%A4%97%E0%A4%A3%E0%A4%BF%E0%A4%A4-%E0%A4%AD%E0%A4%BE%E0%A4%97-7-1708060463,UNVERIFIED,NEEDS_REVIEW,false,SOURCE_BASED,0,1,false,0
7,maths,13,practical-geometry,ज्यामितीय आकृतियों की रचना,https://scert.bihar.gov.in/eresources/%E0%A4%97%E0%A4%A3%E0%A4%BF%E0%A4%A4-%E0%A4%AD%E0%A4%BE%E0%A4%97-7-1708060463,UNVERIFIED,NEEDS_REVIEW,false,MCQ,0,1,true,1
7,maths,13,practical-geometry,ज्यामितीय आकृतियों की रचना,https://scert.bihar.gov.in/eresources/%E0%A4%97%E0%A4%A3%E0%A4%BF%E0%A4%A4-%E0%A4%AD%E0%A4%BE%E0%A4%97-7-1708060463,UNVERIFIED,NEEDS_REVIEW,false,TRUE_FALSE,0,1,true,1
7,maths,13,practical-geometry,ज्यामितीय आकृतियों की रचना,https://scert.bihar.gov.in/eresources/%E0%A4%97%E0%A4%A3%E0%A4%BF%E0%A4%A4-%E0%A4%AD%E0%A4%BE%E0%A4%97-7-1708060463,UNVERIFIED,NEEDS_REVIEW,false,INPUT,0,1,true,1
7,maths,13,practical-geometry,ज्यामितीय आकृतियों की रचना,https://scert.bihar.gov.in/eresources/%E0%A4%97%E0%A4%A3%E0%A4%BF%E0%A4%A4-%E0%A4%AD%E0%A4%BE%E0%A4%97-7-1708060463,UNVERIFIED,NEEDS_REVIEW,false,MATCH,0,1,true,1
7,maths,13,practical-geometry,ज्यामितीय आकृतियों की रचना,https://scert.bihar.gov.in/eresources/%E0%A4%97%E0%A4%A3%E0%A4%BF%E0%A4%A4-%E0%A4%AD%E0%A4%BE%E0%A4%97-7-1708060463,UNVERIFIED,NEEDS_REVIEW,false,ORDER,0,1,true,1
7,maths,13,practical-geometry,ज्यामितीय आकृतियों की रचना,https://scert.bihar.gov.in/eresources/%E0%A4%97%E0%A4%A3%E0%A4%BF%E0%A4%A4-%E0%A4%AD%E0%A4%BE%E0%A4%97-7-1708060463,UNVERIFIED,NEEDS_REVIEW,false,ASSERTION_REASON,0,1,false,0
7,maths,13,practical-geometry,ज्यामितीय आकृतियों की रचना,https://scert.bihar.gov.in/eresources/%E0%A4%97%E0%A4%A3%E0%A4%BF%E0%A4%A4-%E0%A4%AD%E0%A4%BE%E0%A4%97-7-1708060463,UNVERIFIED,NEEDS_REVIEW,false,CASE_BASED,0,1,true,1
7,maths,13,practical-geometry,ज्यामितीय आकृतियों की रचना,https://scert.bihar.gov.in/eresources/%E0%A4%97%E0%A4%A3%E0%A4%BF%E0%A4%A4-%E0%A4%AD%E0%A4%BE%E0%A4%97-7-1708060463,UNVERIFIED,NEEDS_REVIEW,false,SHORT_ANSWER,0,1,true,1
7,maths,13,practical-geometry,ज्यामितीय आकृतियों की रचना,https://scert.bihar.gov.in/eresources/%E0%A4%97%E0%A4%A3%E0%A4%BF%E0%A4%A4-%E0%A4%AD%E0%A4%BE%E0%A4%97-7-1708060463,UNVERIFIED,NEEDS_REVIEW,false,LONG_ANSWER,0,1,true,1
7,maths,13,practical-geometry,ज्यामितीय आकृतियों की रचना,https://scert.bihar.gov.in/eresources/%E0%A4%97%E0%A4%A3%E0%A4%BF%E0%A4%A4-%E0%A4%AD%E0%A4%BE%E0%A4%97-7-1708060463,UNVERIFIED,NEEDS_REVIEW,false,NUMERICAL,0,1,true,1
7,maths,13,practical-geometry,ज्यामितीय आकृतियों की रचना,https://scert.bihar.gov.in/eresources/%E0%A4%97%E0%A4%A3%E0%A4%BF%E0%A4%A4-%E0%A4%AD%E0%A4%BE%E0%A4%97-7-1708060463,UNVERIFIED,NEEDS_REVIEW,false,DIAGRAM,0,1,true,1
7,maths,13,practical-geometry,ज्यामितीय आकृतियों की रचना,https://scert.bihar.gov.in/eresources/%E0%A4%97%E0%A4%A3%E0%A4%BF%E0%A4%A4-%E0%A4%AD%E0%A4%BE%E0%A4%97-7-1708060463,UNVERIFIED,NEEDS_REVIEW,false,MAP,0,1,false,0
7,maths,13,practical-geometry,ज्यामितीय आकृतियों की रचना,https://scert.bihar.gov.in/eresources/%E0%A4%97%E0%A4%A3%E0%A4%BF%E0%A4%A4-%E0%A4%AD%E0%A4%BE%E0%A4%97-7-1708060463,UNVERIFIED,NEEDS_REVIEW,false,SOURCE_BASED,0,1,false,0
7,maths,14,symmetry,सममिति,https://scert.bihar.gov.in/eresources/%E0%A4%97%E0%A4%A3%E0%A4%BF%E0%A4%A4-%E0%A4%AD%E0%A4%BE%E0%A4%97-7-1708060463,UNVERIFIED,NEEDS_REVIEW,false,MCQ,0,1,true,1
7,maths,14,symmetry,सममिति,https://scert.bihar.gov.in/eresources/%E0%A4%97%E0%A4%A3%E0%A4%BF%E0%A4%A4-%E0%A4%AD%E0%A4%BE%E0%A4%97-7-1708060463,UNVERIFIED,NEEDS_REVIEW,false,TRUE_FALSE,0,1,true,1
7,maths,14,symmetry,सममिति,https://scert.bihar.gov.in/eresources/%E0%A4%97%E0%A4%A3%E0%A4%BF%E0%A4%A4-%E0%A4%AD%E0%A4%BE%E0%A4%97-7-1708060463,UNVERIFIED,NEEDS_REVIEW,false,INPUT,0,1,true,1
7,maths,14,symmetry,सममिति,https://scert.bihar.gov.in/eresources/%E0%A4%97%E0%A4%A3%E0%A4%BF%E0%A4%A4-%E0%A4%AD%E0%A4%BE%E0%A4%97-7-1708060463,UNVERIFIED,NEEDS_REVIEW,false,MATCH,0,1,true,1
7,maths,14,symmetry,सममिति,https://scert.bihar.gov.in/eresources/%E0%A4%97%E0%A4%A3%E0%A4%BF%E0%A4%A4-%E0%A4%AD%E0%A4%BE%E0%A4%97-7-1708060463,UNVERIFIED,NEEDS_REVIEW,false,ORDER,0,1,true,1
7,maths,14,symmetry,सममिति,https://scert.bihar.gov.in/eresources/%E0%A4%97%E0%A4%A3%E0%A4%BF%E0%A4%A4-%E0%A4%AD%E0%A4%BE%E0%A4%97-7-1708060463,UNVERIFIED,NEEDS_REVIEW,false,ASSERTION_REASON,0,1,false,0
7,maths,14,symmetry,सममिति,https://scert.bihar.gov.in/eresources/%E0%A4%97%E0%A4%A3%E0%A4%BF%E0%A4%A4-%E0%A4%AD%E0%A4%BE%E0%A4%97-7-1708060463,UNVERIFIED,NEEDS_REVIEW,false,CASE_BASED,0,1,true,1
7,maths,14,symmetry,सममिति,https://scert.bihar.gov.in/eresources/%E0%A4%97%E0%A4%A3%E0%A4%BF%E0%A4%A4-%E0%A4%AD%E0%A4%BE%E0%A4%97-7-1708060463,UNVERIFIED,NEEDS_REVIEW,false,SHORT_ANSWER,0,1,true,1
7,maths,14,symmetry,सममिति,https://scert.bihar.gov.in/eresources/%E0%A4%97%E0%A4%A3%E0%A4%BF%E0%A4%A4-%E0%A4%AD%E0%A4%BE%E0%A4%97-7-1708060463,UNVERIFIED,NEEDS_REVIEW,false,LONG_ANSWER,0,1,true,1
7,maths,14,symmetry,सममिति,https://scert.bihar.gov.in/eresources/%E0%A4%97%E0%A4%A3%E0%A4%BF%E0%A4%A4-%E0%A4%AD%E0%A4%BE%E0%A4%97-7-1708060463,UNVERIFIED,NEEDS_REVIEW,false,NUMERICAL,0,1,true,1
7,maths,14,symmetry,सममिति,https://scert.bihar.gov.in/eresources/%E0%A4%97%E0%A4%A3%E0%A4%BF%E0%A4%A4-%E0%A4%AD%E0%A4%BE%E0%A4%97-7-1708060463,UNVERIFIED,NEEDS_REVIEW,false,DIAGRAM,0,1,true,1
7,maths,14,symmetry,सममिति,https://scert.bihar.gov.in/eresources/%E0%A4%97%E0%A4%A3%E0%A4%BF%E0%A4%A4-%E0%A4%AD%E0%A4%BE%E0%A4%97-7-1708060463,UNVERIFIED,NEEDS_REVIEW,false,MAP,0,1,false,0
7,maths,14,symmetry,सममिति,https://scert.bihar.gov.in/eresources/%E0%A4%97%E0%A4%A3%E0%A4%BF%E0%A4%A4-%E0%A4%AD%E0%A4%BE%E0%A4%97-7-1708060463,UNVERIFIED,NEEDS_REVIEW,false,SOURCE_BASED,0,1,false,0
7,maths,15,perimeter-area,परिमिति एवं क्षेत्रफल,https://scert.bihar.gov.in/eresources/%E0%A4%97%E0%A4%A3%E0%A4%BF%E0%A4%A4-%E0%A4%AD%E0%A4%BE%E0%A4%97-7-1708060463,UNVERIFIED,NEEDS_REVIEW,false,MCQ,0,1,true,1
7,maths,15,perimeter-area,परिमिति एवं क्षेत्रफल,https://scert.bihar.gov.in/eresources/%E0%A4%97%E0%A4%A3%E0%A4%BF%E0%A4%A4-%E0%A4%AD%E0%A4%BE%E0%A4%97-7-1708060463,UNVERIFIED,NEEDS_REVIEW,false,TRUE_FALSE,0,1,true,1
7,maths,15,perimeter-area,परिमिति एवं क्षेत्रफल,https://scert.bihar.gov.in/eresources/%E0%A4%97%E0%A4%A3%E0%A4%BF%E0%A4%A4-%E0%A4%AD%E0%A4%BE%E0%A4%97-7-1708060463,UNVERIFIED,NEEDS_REVIEW,false,INPUT,0,1,true,1
7,maths,15,perimeter-area,परिमिति एवं क्षेत्रफल,https://scert.bihar.gov.in/eresources/%E0%A4%97%E0%A4%A3%E0%A4%BF%E0%A4%A4-%E0%A4%AD%E0%A4%BE%E0%A4%97-7-1708060463,UNVERIFIED,NEEDS_REVIEW,false,MATCH,0,1,true,1
7,maths,15,perimeter-area,परिमिति एवं क्षेत्रफल,https://scert.bihar.gov.in/eresources/%E0%A4%97%E0%A4%A3%E0%A4%BF%E0%A4%A4-%E0%A4%AD%E0%A4%BE%E0%A4%97-7-1708060463,UNVERIFIED,NEEDS_REVIEW,false,ORDER,0,1,true,1
7,maths,15,perimeter-area,परिमिति एवं क्षेत्रफल,https://scert.bihar.gov.in/eresources/%E0%A4%97%E0%A4%A3%E0%A4%BF%E0%A4%A4-%E0%A4%AD%E0%A4%BE%E0%A4%97-7-1708060463,UNVERIFIED,NEEDS_REVIEW,false,ASSERTION_REASON,0,1,false,0
7,maths,15,perimeter-area,परिमिति एवं क्षेत्रफल,https://scert.bihar.gov.in/eresources/%E0%A4%97%E0%A4%A3%E0%A4%BF%E0%A4%A4-%E0%A4%AD%E0%A4%BE%E0%A4%97-7-1708060463,UNVERIFIED,NEEDS_REVIEW,false,CASE_BASED,0,1,true,1
7,maths,15,perimeter-area,परिमिति एवं क्षेत्रफल,https://scert.bihar.gov.in/eresources/%E0%A4%97%E0%A4%A3%E0%A4%BF%E0%A4%A4-%E0%A4%AD%E0%A4%BE%E0%A4%97-7-1708060463,UNVERIFIED,NEEDS_REVIEW,false,SHORT_ANSWER,0,1,true,1
7,maths,15,perimeter-area,परिमिति एवं क्षेत्रफल,https://scert.bihar.gov.in/eresources/%E0%A4%97%E0%A4%A3%E0%A4%BF%E0%A4%A4-%E0%A4%AD%E0%A4%BE%E0%A4%97-7-1708060463,UNVERIFIED,NEEDS_REVIEW,false,LONG_ANSWER,0,1,true,1
7,maths,15,perimeter-area,परिमिति एवं क्षेत्रफल,https://scert.bihar.gov.in/eresources/%E0%A4%97%E0%A4%A3%E0%A4%BF%E0%A4%A4-%E0%A4%AD%E0%A4%BE%E0%A4%97-7-1708060463,UNVERIFIED,NEEDS_REVIEW,false,NUMERICAL,0,1,true,1
7,maths,15,perimeter-area,परिमिति एवं क्षेत्रफल,https://scert.bihar.gov.in/eresources/%E0%A4%97%E0%A4%A3%E0%A4%BF%E0%A4%A4-%E0%A4%AD%E0%A4%BE%E0%A4%97-7-1708060463,UNVERIFIED,NEEDS_REVIEW,false,DIAGRAM,0,1,true,1
7,maths,15,perimeter-area,परिमिति एवं क्षेत्रफल,https://scert.bihar.gov.in/eresources/%E0%A4%97%E0%A4%A3%E0%A4%BF%E0%A4%A4-%E0%A4%AD%E0%A4%BE%E0%A4%97-7-1708060463,UNVERIFIED,NEEDS_REVIEW,false,MAP,0,1,false,0
7,maths,15,perimeter-area,परिमिति एवं क्षेत्रफल,https://scert.bihar.gov.in/eresources/%E0%A4%97%E0%A4%A3%E0%A4%BF%E0%A4%A4-%E0%A4%AD%E0%A4%BE%E0%A4%97-7-1708060463,UNVERIFIED,NEEDS_REVIEW,false,SOURCE_BASED,0,1,false,0
7,maths,16,solid-shapes,त्रिविमीय आकृतियों का द्विविमीय निरूपण,https://scert.bihar.gov.in/eresources/%E0%A4%97%E0%A4%A3%E0%A4%BF%E0%A4%A4-%E0%A4%AD%E0%A4%BE%E0%A4%97-7-1708060463,UNVERIFIED,NEEDS_REVIEW,false,MCQ,0,1,true,1
7,maths,16,solid-shapes,त्रिविमीय आकृतियों का द्विविमीय निरूपण,https://scert.bihar.gov.in/eresources/%E0%A4%97%E0%A4%A3%E0%A4%BF%E0%A4%A4-%E0%A4%AD%E0%A4%BE%E0%A4%97-7-1708060463,UNVERIFIED,NEEDS_REVIEW,false,TRUE_FALSE,0,1,true,1
7,maths,16,solid-shapes,त्रिविमीय आकृतियों का द्विविमीय निरूपण,https://scert.bihar.gov.in/eresources/%E0%A4%97%E0%A4%A3%E0%A4%BF%E0%A4%A4-%E0%A4%AD%E0%A4%BE%E0%A4%97-7-1708060463,UNVERIFIED,NEEDS_REVIEW,false,INPUT,0,1,true,1
7,maths,16,solid-shapes,त्रिविमीय आकृतियों का द्विविमीय निरूपण,https://scert.bihar.gov.in/eresources/%E0%A4%97%E0%A4%A3%E0%A4%BF%E0%A4%A4-%E0%A4%AD%E0%A4%BE%E0%A4%97-7-1708060463,UNVERIFIED,NEEDS_REVIEW,false,MATCH,0,1,true,1
7,maths,16,solid-shapes,त्रिविमीय आकृतियों का द्विविमीय निरूपण,https://scert.bihar.gov.in/eresources/%E0%A4%97%E0%A4%A3%E0%A4%BF%E0%A4%A4-%E0%A4%AD%E0%A4%BE%E0%A4%97-7-1708060463,UNVERIFIED,NEEDS_REVIEW,false,ORDER,0,1,true,1
7,maths,16,solid-shapes,त्रिविमीय आकृतियों का द्विविमीय निरूपण,https://scert.bihar.gov.in/eresources/%E0%A4%97%E0%A4%A3%E0%A4%BF%E0%A4%A4-%E0%A4%AD%E0%A4%BE%E0%A4%97-7-1708060463,UNVERIFIED,NEEDS_REVIEW,false,ASSERTION_REASON,0,1,false,0
7,maths,16,solid-shapes,त्रिविमीय आकृतियों का द्विविमीय निरूपण,https://scert.bihar.gov.in/eresources/%E0%A4%97%E0%A4%A3%E0%A4%BF%E0%A4%A4-%E0%A4%AD%E0%A4%BE%E0%A4%97-7-1708060463,UNVERIFIED,NEEDS_REVIEW,false,CASE_BASED,0,1,true,1
7,maths,16,solid-shapes,त्रिविमीय आकृतियों का द्विविमीय निरूपण,https://scert.bihar.gov.in/eresources/%E0%A4%97%E0%A4%A3%E0%A4%BF%E0%A4%A4-%E0%A4%AD%E0%A4%BE%E0%A4%97-7-1708060463,UNVERIFIED,NEEDS_REVIEW,false,SHORT_ANSWER,0,1,true,1
7,maths,16,solid-shapes,त्रिविमीय आकृतियों का द्विविमीय निरूपण,https://scert.bihar.gov.in/eresources/%E0%A4%97%E0%A4%A3%E0%A4%BF%E0%A4%A4-%E0%A4%AD%E0%A4%BE%E0%A4%97-7-1708060463,UNVERIFIED,NEEDS_REVIEW,false,LONG_ANSWER,0,1,true,1
7,maths,16,solid-shapes,त्रिविमीय आकृतियों का द्विविमीय निरूपण,https://scert.bihar.gov.in/eresources/%E0%A4%97%E0%A4%A3%E0%A4%BF%E0%A4%A4-%E0%A4%AD%E0%A4%BE%E0%A4%97-7-1708060463,UNVERIFIED,NEEDS_REVIEW,false,NUMERICAL,0,1,true,1
7,maths,16,solid-shapes,त्रिविमीय आकृतियों का द्विविमीय निरूपण,https://scert.bihar.gov.in/eresources/%E0%A4%97%E0%A4%A3%E0%A4%BF%E0%A4%A4-%E0%A4%AD%E0%A4%BE%E0%A4%97-7-1708060463,UNVERIFIED,NEEDS_REVIEW,false,DIAGRAM,0,1,true,1
7,maths,16,solid-shapes,त्रिविमीय आकृतियों का द्विविमीय निरूपण,https://scert.bihar.gov.in/eresources/%E0%A4%97%E0%A4%A3%E0%A4%BF%E0%A4%A4-%E0%A4%AD%E0%A4%BE%E0%A4%97-7-1708060463,UNVERIFIED,NEEDS_REVIEW,false,MAP,0,1,false,0
7,maths,16,solid-shapes,त्रिविमीय आकृतियों का द्विविमीय निरूपण,https://scert.bihar.gov.in/eresources/%E0%A4%97%E0%A4%A3%E0%A4%BF%E0%A4%A4-%E0%A4%AD%E0%A4%BE%E0%A4%97-7-1708060463,UNVERIFIED,NEEDS_REVIEW,false,SOURCE_BASED,0,1,false,0
8,maths,1,rational-numbers,परिमेय संख्याएँ,https://scert.bihar.gov.in/eresources/%E0%A4%97%E0%A4%A3%E0%A4%BF%E0%A4%A4-%E0%A4%AD%E0%A4%BE%E0%A4%97-8-1708403831,UNVERIFIED,NEEDS_REVIEW,false,MCQ,0,1,true,1
8,maths,1,rational-numbers,परिमेय संख्याएँ,https://scert.bihar.gov.in/eresources/%E0%A4%97%E0%A4%A3%E0%A4%BF%E0%A4%A4-%E0%A4%AD%E0%A4%BE%E0%A4%97-8-1708403831,UNVERIFIED,NEEDS_REVIEW,false,TRUE_FALSE,0,1,true,1
8,maths,1,rational-numbers,परिमेय संख्याएँ,https://scert.bihar.gov.in/eresources/%E0%A4%97%E0%A4%A3%E0%A4%BF%E0%A4%A4-%E0%A4%AD%E0%A4%BE%E0%A4%97-8-1708403831,UNVERIFIED,NEEDS_REVIEW,false,INPUT,0,1,true,1
8,maths,1,rational-numbers,परिमेय संख्याएँ,https://scert.bihar.gov.in/eresources/%E0%A4%97%E0%A4%A3%E0%A4%BF%E0%A4%A4-%E0%A4%AD%E0%A4%BE%E0%A4%97-8-1708403831,UNVERIFIED,NEEDS_REVIEW,false,MATCH,0,1,true,1
8,maths,1,rational-numbers,परिमेय संख्याएँ,https://scert.bihar.gov.in/eresources/%E0%A4%97%E0%A4%A3%E0%A4%BF%E0%A4%A4-%E0%A4%AD%E0%A4%BE%E0%A4%97-8-1708403831,UNVERIFIED,NEEDS_REVIEW,false,ORDER,0,1,true,1
8,maths,1,rational-numbers,परिमेय संख्याएँ,https://scert.bihar.gov.in/eresources/%E0%A4%97%E0%A4%A3%E0%A4%BF%E0%A4%A4-%E0%A4%AD%E0%A4%BE%E0%A4%97-8-1708403831,UNVERIFIED,NEEDS_REVIEW,false,ASSERTION_REASON,0,1,false,0
8,maths,1,rational-numbers,परिमेय संख्याएँ,https://scert.bihar.gov.in/eresources/%E0%A4%97%E0%A4%A3%E0%A4%BF%E0%A4%A4-%E0%A4%AD%E0%A4%BE%E0%A4%97-8-1708403831,UNVERIFIED,NEEDS_REVIEW,false,CASE_BASED,0,1,true,1
8,maths,1,rational-numbers,परिमेय संख्याएँ,https://scert.bihar.gov.in/eresources/%E0%A4%97%E0%A4%A3%E0%A4%BF%E0%A4%A4-%E0%A4%AD%E0%A4%BE%E0%A4%97-8-1708403831,UNVERIFIED,NEEDS_REVIEW,false,SHORT_ANSWER,0,1,true,1
8,maths,1,rational-numbers,परिमेय संख्याएँ,https://scert.bihar.gov.in/eresources/%E0%A4%97%E0%A4%A3%E0%A4%BF%E0%A4%A4-%E0%A4%AD%E0%A4%BE%E0%A4%97-8-1708403831,UNVERIFIED,NEEDS_REVIEW,false,LONG_ANSWER,0,1,true,1
8,maths,1,rational-numbers,परिमेय संख्याएँ,https://scert.bihar.gov.in/eresources/%E0%A4%97%E0%A4%A3%E0%A4%BF%E0%A4%A4-%E0%A4%AD%E0%A4%BE%E0%A4%97-8-1708403831,UNVERIFIED,NEEDS_REVIEW,false,NUMERICAL,0,1,true,1
8,maths,1,rational-numbers,परिमेय संख्याएँ,https://scert.bihar.gov.in/eresources/%E0%A4%97%E0%A4%A3%E0%A4%BF%E0%A4%A4-%E0%A4%AD%E0%A4%BE%E0%A4%97-8-1708403831,UNVERIFIED,NEEDS_REVIEW,false,DIAGRAM,0,1,false,0
8,maths,1,rational-numbers,परिमेय संख्याएँ,https://scert.bihar.gov.in/eresources/%E0%A4%97%E0%A4%A3%E0%A4%BF%E0%A4%A4-%E0%A4%AD%E0%A4%BE%E0%A4%97-8-1708403831,UNVERIFIED,NEEDS_REVIEW,false,MAP,0,1,false,0
8,maths,1,rational-numbers,परिमेय संख्याएँ,https://scert.bihar.gov.in/eresources/%E0%A4%97%E0%A4%A3%E0%A4%BF%E0%A4%A4-%E0%A4%AD%E0%A4%BE%E0%A4%97-8-1708403831,UNVERIFIED,NEEDS_REVIEW,false,SOURCE_BASED,0,1,false,0
8,maths,2,linear-equations,एक चर वाले रैखिक समीकरण,https://scert.bihar.gov.in/eresources/%E0%A4%97%E0%A4%A3%E0%A4%BF%E0%A4%A4-%E0%A4%AD%E0%A4%BE%E0%A4%97-8-1708403831,UNVERIFIED,NEEDS_REVIEW,false,MCQ,0,1,true,1
8,maths,2,linear-equations,एक चर वाले रैखिक समीकरण,https://scert.bihar.gov.in/eresources/%E0%A4%97%E0%A4%A3%E0%A4%BF%E0%A4%A4-%E0%A4%AD%E0%A4%BE%E0%A4%97-8-1708403831,UNVERIFIED,NEEDS_REVIEW,false,TRUE_FALSE,0,1,true,1
8,maths,2,linear-equations,एक चर वाले रैखिक समीकरण,https://scert.bihar.gov.in/eresources/%E0%A4%97%E0%A4%A3%E0%A4%BF%E0%A4%A4-%E0%A4%AD%E0%A4%BE%E0%A4%97-8-1708403831,UNVERIFIED,NEEDS_REVIEW,false,INPUT,0,1,true,1
8,maths,2,linear-equations,एक चर वाले रैखिक समीकरण,https://scert.bihar.gov.in/eresources/%E0%A4%97%E0%A4%A3%E0%A4%BF%E0%A4%A4-%E0%A4%AD%E0%A4%BE%E0%A4%97-8-1708403831,UNVERIFIED,NEEDS_REVIEW,false,MATCH,0,1,true,1
8,maths,2,linear-equations,एक चर वाले रैखिक समीकरण,https://scert.bihar.gov.in/eresources/%E0%A4%97%E0%A4%A3%E0%A4%BF%E0%A4%A4-%E0%A4%AD%E0%A4%BE%E0%A4%97-8-1708403831,UNVERIFIED,NEEDS_REVIEW,false,ORDER,0,1,true,1
8,maths,2,linear-equations,एक चर वाले रैखिक समीकरण,https://scert.bihar.gov.in/eresources/%E0%A4%97%E0%A4%A3%E0%A4%BF%E0%A4%A4-%E0%A4%AD%E0%A4%BE%E0%A4%97-8-1708403831,UNVERIFIED,NEEDS_REVIEW,false,ASSERTION_REASON,0,1,false,0
8,maths,2,linear-equations,एक चर वाले रैखिक समीकरण,https://scert.bihar.gov.in/eresources/%E0%A4%97%E0%A4%A3%E0%A4%BF%E0%A4%A4-%E0%A4%AD%E0%A4%BE%E0%A4%97-8-1708403831,UNVERIFIED,NEEDS_REVIEW,false,CASE_BASED,0,1,true,1
8,maths,2,linear-equations,एक चर वाले रैखिक समीकरण,https://scert.bihar.gov.in/eresources/%E0%A4%97%E0%A4%A3%E0%A4%BF%E0%A4%A4-%E0%A4%AD%E0%A4%BE%E0%A4%97-8-1708403831,UNVERIFIED,NEEDS_REVIEW,false,SHORT_ANSWER,0,1,true,1
8,maths,2,linear-equations,एक चर वाले रैखिक समीकरण,https://scert.bihar.gov.in/eresources/%E0%A4%97%E0%A4%A3%E0%A4%BF%E0%A4%A4-%E0%A4%AD%E0%A4%BE%E0%A4%97-8-1708403831,UNVERIFIED,NEEDS_REVIEW,false,LONG_ANSWER,0,1,true,1
8,maths,2,linear-equations,एक चर वाले रैखिक समीकरण,https://scert.bihar.gov.in/eresources/%E0%A4%97%E0%A4%A3%E0%A4%BF%E0%A4%A4-%E0%A4%AD%E0%A4%BE%E0%A4%97-8-1708403831,UNVERIFIED,NEEDS_REVIEW,false,NUMERICAL,0,1,true,1
8,maths,2,linear-equations,एक चर वाले रैखिक समीकरण,https://scert.bihar.gov.in/eresources/%E0%A4%97%E0%A4%A3%E0%A4%BF%E0%A4%A4-%E0%A4%AD%E0%A4%BE%E0%A4%97-8-1708403831,UNVERIFIED,NEEDS_REVIEW,false,DIAGRAM,0,1,false,0
8,maths,2,linear-equations,एक चर वाले रैखिक समीकरण,https://scert.bihar.gov.in/eresources/%E0%A4%97%E0%A4%A3%E0%A4%BF%E0%A4%A4-%E0%A4%AD%E0%A4%BE%E0%A4%97-8-1708403831,UNVERIFIED,NEEDS_REVIEW,false,MAP,0,1,false,0
8,maths,2,linear-equations,एक चर वाले रैखिक समीकरण,https://scert.bihar.gov.in/eresources/%E0%A4%97%E0%A4%A3%E0%A4%BF%E0%A4%A4-%E0%A4%AD%E0%A4%BE%E0%A4%97-8-1708403831,UNVERIFIED,NEEDS_REVIEW,false,SOURCE_BASED,0,1,false,0
8,maths,3,quadrilaterals,ज्यामितीय आकृतियों की समझ,https://scert.bihar.gov.in/eresources/%E0%A4%97%E0%A4%A3%E0%A4%BF%E0%A4%A4-%E0%A4%AD%E0%A4%BE%E0%A4%97-8-1708403831,UNVERIFIED,NEEDS_REVIEW,false,MCQ,0,1,true,1
8,maths,3,quadrilaterals,ज्यामितीय आकृतियों की समझ,https://scert.bihar.gov.in/eresources/%E0%A4%97%E0%A4%A3%E0%A4%BF%E0%A4%A4-%E0%A4%AD%E0%A4%BE%E0%A4%97-8-1708403831,UNVERIFIED,NEEDS_REVIEW,false,TRUE_FALSE,0,1,true,1
8,maths,3,quadrilaterals,ज्यामितीय आकृतियों की समझ,https://scert.bihar.gov.in/eresources/%E0%A4%97%E0%A4%A3%E0%A4%BF%E0%A4%A4-%E0%A4%AD%E0%A4%BE%E0%A4%97-8-1708403831,UNVERIFIED,NEEDS_REVIEW,false,INPUT,0,1,true,1
8,maths,3,quadrilaterals,ज्यामितीय आकृतियों की समझ,https://scert.bihar.gov.in/eresources/%E0%A4%97%E0%A4%A3%E0%A4%BF%E0%A4%A4-%E0%A4%AD%E0%A4%BE%E0%A4%97-8-1708403831,UNVERIFIED,NEEDS_REVIEW,false,MATCH,0,1,true,1
8,maths,3,quadrilaterals,ज्यामितीय आकृतियों की समझ,https://scert.bihar.gov.in/eresources/%E0%A4%97%E0%A4%A3%E0%A4%BF%E0%A4%A4-%E0%A4%AD%E0%A4%BE%E0%A4%97-8-1708403831,UNVERIFIED,NEEDS_REVIEW,false,ORDER,0,1,true,1
8,maths,3,quadrilaterals,ज्यामितीय आकृतियों की समझ,https://scert.bihar.gov.in/eresources/%E0%A4%97%E0%A4%A3%E0%A4%BF%E0%A4%A4-%E0%A4%AD%E0%A4%BE%E0%A4%97-8-1708403831,UNVERIFIED,NEEDS_REVIEW,false,ASSERTION_REASON,0,1,false,0
8,maths,3,quadrilaterals,ज्यामितीय आकृतियों की समझ,https://scert.bihar.gov.in/eresources/%E0%A4%97%E0%A4%A3%E0%A4%BF%E0%A4%A4-%E0%A4%AD%E0%A4%BE%E0%A4%97-8-1708403831,UNVERIFIED,NEEDS_REVIEW,false,CASE_BASED,0,1,true,1
8,maths,3,quadrilaterals,ज्यामितीय आकृतियों की समझ,https://scert.bihar.gov.in/eresources/%E0%A4%97%E0%A4%A3%E0%A4%BF%E0%A4%A4-%E0%A4%AD%E0%A4%BE%E0%A4%97-8-1708403831,UNVERIFIED,NEEDS_REVIEW,false,SHORT_ANSWER,0,1,true,1
8,maths,3,quadrilaterals,ज्यामितीय आकृतियों की समझ,https://scert.bihar.gov.in/eresources/%E0%A4%97%E0%A4%A3%E0%A4%BF%E0%A4%A4-%E0%A4%AD%E0%A4%BE%E0%A4%97-8-1708403831,UNVERIFIED,NEEDS_REVIEW,false,LONG_ANSWER,0,1,true,1
8,maths,3,quadrilaterals,ज्यामितीय आकृतियों की समझ,https://scert.bihar.gov.in/eresources/%E0%A4%97%E0%A4%A3%E0%A4%BF%E0%A4%A4-%E0%A4%AD%E0%A4%BE%E0%A4%97-8-1708403831,UNVERIFIED,NEEDS_REVIEW,false,NUMERICAL,0,1,true,1
8,maths,3,quadrilaterals,ज्यामितीय आकृतियों की समझ,https://scert.bihar.gov.in/eresources/%E0%A4%97%E0%A4%A3%E0%A4%BF%E0%A4%A4-%E0%A4%AD%E0%A4%BE%E0%A4%97-8-1708403831,UNVERIFIED,NEEDS_REVIEW,false,DIAGRAM,0,1,true,1
8,maths,3,quadrilaterals,ज्यामितीय आकृतियों की समझ,https://scert.bihar.gov.in/eresources/%E0%A4%97%E0%A4%A3%E0%A4%BF%E0%A4%A4-%E0%A4%AD%E0%A4%BE%E0%A4%97-8-1708403831,UNVERIFIED,NEEDS_REVIEW,false,MAP,0,1,false,0
8,maths,3,quadrilaterals,ज्यामितीय आकृतियों की समझ,https://scert.bihar.gov.in/eresources/%E0%A4%97%E0%A4%A3%E0%A4%BF%E0%A4%A4-%E0%A4%AD%E0%A4%BE%E0%A4%97-8-1708403831,UNVERIFIED,NEEDS_REVIEW,false,SOURCE_BASED,0,1,false,0
8,maths,4,data-handling,आँकड़ों का प्रबंधन,https://scert.bihar.gov.in/eresources/%E0%A4%97%E0%A4%A3%E0%A4%BF%E0%A4%A4-%E0%A4%AD%E0%A4%BE%E0%A4%97-8-1708403831,UNVERIFIED,NEEDS_REVIEW,false,MCQ,0,1,true,1
8,maths,4,data-handling,आँकड़ों का प्रबंधन,https://scert.bihar.gov.in/eresources/%E0%A4%97%E0%A4%A3%E0%A4%BF%E0%A4%A4-%E0%A4%AD%E0%A4%BE%E0%A4%97-8-1708403831,UNVERIFIED,NEEDS_REVIEW,false,TRUE_FALSE,0,1,true,1
8,maths,4,data-handling,आँकड़ों का प्रबंधन,https://scert.bihar.gov.in/eresources/%E0%A4%97%E0%A4%A3%E0%A4%BF%E0%A4%A4-%E0%A4%AD%E0%A4%BE%E0%A4%97-8-1708403831,UNVERIFIED,NEEDS_REVIEW,false,INPUT,0,1,true,1
8,maths,4,data-handling,आँकड़ों का प्रबंधन,https://scert.bihar.gov.in/eresources/%E0%A4%97%E0%A4%A3%E0%A4%BF%E0%A4%A4-%E0%A4%AD%E0%A4%BE%E0%A4%97-8-1708403831,UNVERIFIED,NEEDS_REVIEW,false,MATCH,0,1,true,1
8,maths,4,data-handling,आँकड़ों का प्रबंधन,https://scert.bihar.gov.in/eresources/%E0%A4%97%E0%A4%A3%E0%A4%BF%E0%A4%A4-%E0%A4%AD%E0%A4%BE%E0%A4%97-8-1708403831,UNVERIFIED,NEEDS_REVIEW,false,ORDER,0,1,true,1
8,maths,4,data-handling,आँकड़ों का प्रबंधन,https://scert.bihar.gov.in/eresources/%E0%A4%97%E0%A4%A3%E0%A4%BF%E0%A4%A4-%E0%A4%AD%E0%A4%BE%E0%A4%97-8-1708403831,UNVERIFIED,NEEDS_REVIEW,false,ASSERTION_REASON,0,1,false,0
8,maths,4,data-handling,आँकड़ों का प्रबंधन,https://scert.bihar.gov.in/eresources/%E0%A4%97%E0%A4%A3%E0%A4%BF%E0%A4%A4-%E0%A4%AD%E0%A4%BE%E0%A4%97-8-1708403831,UNVERIFIED,NEEDS_REVIEW,false,CASE_BASED,0,1,true,1
8,maths,4,data-handling,आँकड़ों का प्रबंधन,https://scert.bihar.gov.in/eresources/%E0%A4%97%E0%A4%A3%E0%A4%BF%E0%A4%A4-%E0%A4%AD%E0%A4%BE%E0%A4%97-8-1708403831,UNVERIFIED,NEEDS_REVIEW,false,SHORT_ANSWER,0,1,true,1
8,maths,4,data-handling,आँकड़ों का प्रबंधन,https://scert.bihar.gov.in/eresources/%E0%A4%97%E0%A4%A3%E0%A4%BF%E0%A4%A4-%E0%A4%AD%E0%A4%BE%E0%A4%97-8-1708403831,UNVERIFIED,NEEDS_REVIEW,false,LONG_ANSWER,0,1,true,1
8,maths,4,data-handling,आँकड़ों का प्रबंधन,https://scert.bihar.gov.in/eresources/%E0%A4%97%E0%A4%A3%E0%A4%BF%E0%A4%A4-%E0%A4%AD%E0%A4%BE%E0%A4%97-8-1708403831,UNVERIFIED,NEEDS_REVIEW,false,NUMERICAL,0,1,true,1
8,maths,4,data-handling,आँकड़ों का प्रबंधन,https://scert.bihar.gov.in/eresources/%E0%A4%97%E0%A4%A3%E0%A4%BF%E0%A4%A4-%E0%A4%AD%E0%A4%BE%E0%A4%97-8-1708403831,UNVERIFIED,NEEDS_REVIEW,false,DIAGRAM,0,1,true,1
8,maths,4,data-handling,आँकड़ों का प्रबंधन,https://scert.bihar.gov.in/eresources/%E0%A4%97%E0%A4%A3%E0%A4%BF%E0%A4%A4-%E0%A4%AD%E0%A4%BE%E0%A4%97-8-1708403831,UNVERIFIED,NEEDS_REVIEW,false,MAP,0,1,false,0
8,maths,4,data-handling,आँकड़ों का प्रबंधन,https://scert.bihar.gov.in/eresources/%E0%A4%97%E0%A4%A3%E0%A4%BF%E0%A4%A4-%E0%A4%AD%E0%A4%BE%E0%A4%97-8-1708403831,UNVERIFIED,NEEDS_REVIEW,false,SOURCE_BASED,0,1,false,0
8,maths,5,squares-roots,वर्ग और वर्गमूल,https://scert.bihar.gov.in/eresources/%E0%A4%97%E0%A4%A3%E0%A4%BF%E0%A4%A4-%E0%A4%AD%E0%A4%BE%E0%A4%97-8-1708403831,UNVERIFIED,NEEDS_REVIEW,false,MCQ,0,1,true,1
8,maths,5,squares-roots,वर्ग और वर्गमूल,https://scert.bihar.gov.in/eresources/%E0%A4%97%E0%A4%A3%E0%A4%BF%E0%A4%A4-%E0%A4%AD%E0%A4%BE%E0%A4%97-8-1708403831,UNVERIFIED,NEEDS_REVIEW,false,TRUE_FALSE,0,1,true,1
8,maths,5,squares-roots,वर्ग और वर्गमूल,https://scert.bihar.gov.in/eresources/%E0%A4%97%E0%A4%A3%E0%A4%BF%E0%A4%A4-%E0%A4%AD%E0%A4%BE%E0%A4%97-8-1708403831,UNVERIFIED,NEEDS_REVIEW,false,INPUT,0,1,true,1
8,maths,5,squares-roots,वर्ग और वर्गमूल,https://scert.bihar.gov.in/eresources/%E0%A4%97%E0%A4%A3%E0%A4%BF%E0%A4%A4-%E0%A4%AD%E0%A4%BE%E0%A4%97-8-1708403831,UNVERIFIED,NEEDS_REVIEW,false,MATCH,0,1,true,1
8,maths,5,squares-roots,वर्ग और वर्गमूल,https://scert.bihar.gov.in/eresources/%E0%A4%97%E0%A4%A3%E0%A4%BF%E0%A4%A4-%E0%A4%AD%E0%A4%BE%E0%A4%97-8-1708403831,UNVERIFIED,NEEDS_REVIEW,false,ORDER,0,1,true,1
8,maths,5,squares-roots,वर्ग और वर्गमूल,https://scert.bihar.gov.in/eresources/%E0%A4%97%E0%A4%A3%E0%A4%BF%E0%A4%A4-%E0%A4%AD%E0%A4%BE%E0%A4%97-8-1708403831,UNVERIFIED,NEEDS_REVIEW,false,ASSERTION_REASON,0,1,false,0
8,maths,5,squares-roots,वर्ग और वर्गमूल,https://scert.bihar.gov.in/eresources/%E0%A4%97%E0%A4%A3%E0%A4%BF%E0%A4%A4-%E0%A4%AD%E0%A4%BE%E0%A4%97-8-1708403831,UNVERIFIED,NEEDS_REVIEW,false,CASE_BASED,0,1,true,1
8,maths,5,squares-roots,वर्ग और वर्गमूल,https://scert.bihar.gov.in/eresources/%E0%A4%97%E0%A4%A3%E0%A4%BF%E0%A4%A4-%E0%A4%AD%E0%A4%BE%E0%A4%97-8-1708403831,UNVERIFIED,NEEDS_REVIEW,false,SHORT_ANSWER,0,1,true,1
8,maths,5,squares-roots,वर्ग और वर्गमूल,https://scert.bihar.gov.in/eresources/%E0%A4%97%E0%A4%A3%E0%A4%BF%E0%A4%A4-%E0%A4%AD%E0%A4%BE%E0%A4%97-8-1708403831,UNVERIFIED,NEEDS_REVIEW,false,LONG_ANSWER,0,1,true,1
8,maths,5,squares-roots,वर्ग और वर्गमूल,https://scert.bihar.gov.in/eresources/%E0%A4%97%E0%A4%A3%E0%A4%BF%E0%A4%A4-%E0%A4%AD%E0%A4%BE%E0%A4%97-8-1708403831,UNVERIFIED,NEEDS_REVIEW,false,NUMERICAL,0,1,true,1
8,maths,5,squares-roots,वर्ग और वर्गमूल,https://scert.bihar.gov.in/eresources/%E0%A4%97%E0%A4%A3%E0%A4%BF%E0%A4%A4-%E0%A4%AD%E0%A4%BE%E0%A4%97-8-1708403831,UNVERIFIED,NEEDS_REVIEW,false,DIAGRAM,0,1,true,1
8,maths,5,squares-roots,वर्ग और वर्गमूल,https://scert.bihar.gov.in/eresources/%E0%A4%97%E0%A4%A3%E0%A4%BF%E0%A4%A4-%E0%A4%AD%E0%A4%BE%E0%A4%97-8-1708403831,UNVERIFIED,NEEDS_REVIEW,false,MAP,0,1,false,0
8,maths,5,squares-roots,वर्ग और वर्गमूल,https://scert.bihar.gov.in/eresources/%E0%A4%97%E0%A4%A3%E0%A4%BF%E0%A4%A4-%E0%A4%AD%E0%A4%BE%E0%A4%97-8-1708403831,UNVERIFIED,NEEDS_REVIEW,false,SOURCE_BASED,0,1,false,0
8,maths,6,cubes-roots,घन और घनमूल,https://scert.bihar.gov.in/eresources/%E0%A4%97%E0%A4%A3%E0%A4%BF%E0%A4%A4-%E0%A4%AD%E0%A4%BE%E0%A4%97-8-1708403831,UNVERIFIED,NEEDS_REVIEW,false,MCQ,0,1,true,1
8,maths,6,cubes-roots,घन और घनमूल,https://scert.bihar.gov.in/eresources/%E0%A4%97%E0%A4%A3%E0%A4%BF%E0%A4%A4-%E0%A4%AD%E0%A4%BE%E0%A4%97-8-1708403831,UNVERIFIED,NEEDS_REVIEW,false,TRUE_FALSE,0,1,true,1
8,maths,6,cubes-roots,घन और घनमूल,https://scert.bihar.gov.in/eresources/%E0%A4%97%E0%A4%A3%E0%A4%BF%E0%A4%A4-%E0%A4%AD%E0%A4%BE%E0%A4%97-8-1708403831,UNVERIFIED,NEEDS_REVIEW,false,INPUT,0,1,true,1
8,maths,6,cubes-roots,घन और घनमूल,https://scert.bihar.gov.in/eresources/%E0%A4%97%E0%A4%A3%E0%A4%BF%E0%A4%A4-%E0%A4%AD%E0%A4%BE%E0%A4%97-8-1708403831,UNVERIFIED,NEEDS_REVIEW,false,MATCH,0,1,true,1
8,maths,6,cubes-roots,घन और घनमूल,https://scert.bihar.gov.in/eresources/%E0%A4%97%E0%A4%A3%E0%A4%BF%E0%A4%A4-%E0%A4%AD%E0%A4%BE%E0%A4%97-8-1708403831,UNVERIFIED,NEEDS_REVIEW,false,ORDER,0,1,true,1
8,maths,6,cubes-roots,घन और घनमूल,https://scert.bihar.gov.in/eresources/%E0%A4%97%E0%A4%A3%E0%A4%BF%E0%A4%A4-%E0%A4%AD%E0%A4%BE%E0%A4%97-8-1708403831,UNVERIFIED,NEEDS_REVIEW,false,ASSERTION_REASON,0,1,false,0
8,maths,6,cubes-roots,घन और घनमूल,https://scert.bihar.gov.in/eresources/%E0%A4%97%E0%A4%A3%E0%A4%BF%E0%A4%A4-%E0%A4%AD%E0%A4%BE%E0%A4%97-8-1708403831,UNVERIFIED,NEEDS_REVIEW,false,CASE_BASED,0,1,true,1
8,maths,6,cubes-roots,घन और घनमूल,https://scert.bihar.gov.in/eresources/%E0%A4%97%E0%A4%A3%E0%A4%BF%E0%A4%A4-%E0%A4%AD%E0%A4%BE%E0%A4%97-8-1708403831,UNVERIFIED,NEEDS_REVIEW,false,SHORT_ANSWER,0,1,true,1
8,maths,6,cubes-roots,घन और घनमूल,https://scert.bihar.gov.in/eresources/%E0%A4%97%E0%A4%A3%E0%A4%BF%E0%A4%A4-%E0%A4%AD%E0%A4%BE%E0%A4%97-8-1708403831,UNVERIFIED,NEEDS_REVIEW,false,LONG_ANSWER,0,1,true,1
8,maths,6,cubes-roots,घन और घनमूल,https://scert.bihar.gov.in/eresources/%E0%A4%97%E0%A4%A3%E0%A4%BF%E0%A4%A4-%E0%A4%AD%E0%A4%BE%E0%A4%97-8-1708403831,UNVERIFIED,NEEDS_REVIEW,false,NUMERICAL,0,1,true,1
8,maths,6,cubes-roots,घन और घनमूल,https://scert.bihar.gov.in/eresources/%E0%A4%97%E0%A4%A3%E0%A4%BF%E0%A4%A4-%E0%A4%AD%E0%A4%BE%E0%A4%97-8-1708403831,UNVERIFIED,NEEDS_REVIEW,false,DIAGRAM,0,1,true,1
8,maths,6,cubes-roots,घन और घनमूल,https://scert.bihar.gov.in/eresources/%E0%A4%97%E0%A4%A3%E0%A4%BF%E0%A4%A4-%E0%A4%AD%E0%A4%BE%E0%A4%97-8-1708403831,UNVERIFIED,NEEDS_REVIEW,false,MAP,0,1,false,0
8,maths,6,cubes-roots,घन और घनमूल,https://scert.bihar.gov.in/eresources/%E0%A4%97%E0%A4%A3%E0%A4%BF%E0%A4%A4-%E0%A4%AD%E0%A4%BE%E0%A4%97-8-1708403831,UNVERIFIED,NEEDS_REVIEW,false,SOURCE_BASED,0,1,false,0
8,maths,7,practical-geometry,ज्यामितीय आकृतियों की रचना,https://scert.bihar.gov.in/eresources/%E0%A4%97%E0%A4%A3%E0%A4%BF%E0%A4%A4-%E0%A4%AD%E0%A4%BE%E0%A4%97-8-1708403831,UNVERIFIED,NEEDS_REVIEW,false,MCQ,0,1,true,1
8,maths,7,practical-geometry,ज्यामितीय आकृतियों की रचना,https://scert.bihar.gov.in/eresources/%E0%A4%97%E0%A4%A3%E0%A4%BF%E0%A4%A4-%E0%A4%AD%E0%A4%BE%E0%A4%97-8-1708403831,UNVERIFIED,NEEDS_REVIEW,false,TRUE_FALSE,0,1,true,1
8,maths,7,practical-geometry,ज्यामितीय आकृतियों की रचना,https://scert.bihar.gov.in/eresources/%E0%A4%97%E0%A4%A3%E0%A4%BF%E0%A4%A4-%E0%A4%AD%E0%A4%BE%E0%A4%97-8-1708403831,UNVERIFIED,NEEDS_REVIEW,false,INPUT,0,1,true,1
8,maths,7,practical-geometry,ज्यामितीय आकृतियों की रचना,https://scert.bihar.gov.in/eresources/%E0%A4%97%E0%A4%A3%E0%A4%BF%E0%A4%A4-%E0%A4%AD%E0%A4%BE%E0%A4%97-8-1708403831,UNVERIFIED,NEEDS_REVIEW,false,MATCH,0,1,true,1
8,maths,7,practical-geometry,ज्यामितीय आकृतियों की रचना,https://scert.bihar.gov.in/eresources/%E0%A4%97%E0%A4%A3%E0%A4%BF%E0%A4%A4-%E0%A4%AD%E0%A4%BE%E0%A4%97-8-1708403831,UNVERIFIED,NEEDS_REVIEW,false,ORDER,0,1,true,1
8,maths,7,practical-geometry,ज्यामितीय आकृतियों की रचना,https://scert.bihar.gov.in/eresources/%E0%A4%97%E0%A4%A3%E0%A4%BF%E0%A4%A4-%E0%A4%AD%E0%A4%BE%E0%A4%97-8-1708403831,UNVERIFIED,NEEDS_REVIEW,false,ASSERTION_REASON,0,1,false,0
8,maths,7,practical-geometry,ज्यामितीय आकृतियों की रचना,https://scert.bihar.gov.in/eresources/%E0%A4%97%E0%A4%A3%E0%A4%BF%E0%A4%A4-%E0%A4%AD%E0%A4%BE%E0%A4%97-8-1708403831,UNVERIFIED,NEEDS_REVIEW,false,CASE_BASED,0,1,true,1
8,maths,7,practical-geometry,ज्यामितीय आकृतियों की रचना,https://scert.bihar.gov.in/eresources/%E0%A4%97%E0%A4%A3%E0%A4%BF%E0%A4%A4-%E0%A4%AD%E0%A4%BE%E0%A4%97-8-1708403831,UNVERIFIED,NEEDS_REVIEW,false,SHORT_ANSWER,0,1,true,1
8,maths,7,practical-geometry,ज्यामितीय आकृतियों की रचना,https://scert.bihar.gov.in/eresources/%E0%A4%97%E0%A4%A3%E0%A4%BF%E0%A4%A4-%E0%A4%AD%E0%A4%BE%E0%A4%97-8-1708403831,UNVERIFIED,NEEDS_REVIEW,false,LONG_ANSWER,0,1,true,1
8,maths,7,practical-geometry,ज्यामितीय आकृतियों की रचना,https://scert.bihar.gov.in/eresources/%E0%A4%97%E0%A4%A3%E0%A4%BF%E0%A4%A4-%E0%A4%AD%E0%A4%BE%E0%A4%97-8-1708403831,UNVERIFIED,NEEDS_REVIEW,false,NUMERICAL,0,1,true,1
8,maths,7,practical-geometry,ज्यामितीय आकृतियों की रचना,https://scert.bihar.gov.in/eresources/%E0%A4%97%E0%A4%A3%E0%A4%BF%E0%A4%A4-%E0%A4%AD%E0%A4%BE%E0%A4%97-8-1708403831,UNVERIFIED,NEEDS_REVIEW,false,DIAGRAM,0,1,true,1
8,maths,7,practical-geometry,ज्यामितीय आकृतियों की रचना,https://scert.bihar.gov.in/eresources/%E0%A4%97%E0%A4%A3%E0%A4%BF%E0%A4%A4-%E0%A4%AD%E0%A4%BE%E0%A4%97-8-1708403831,UNVERIFIED,NEEDS_REVIEW,false,MAP,0,1,false,0
8,maths,7,practical-geometry,ज्यामितीय आकृतियों की रचना,https://scert.bihar.gov.in/eresources/%E0%A4%97%E0%A4%A3%E0%A4%BF%E0%A4%A4-%E0%A4%AD%E0%A4%BE%E0%A4%97-8-1708403831,UNVERIFIED,NEEDS_REVIEW,false,SOURCE_BASED,0,1,false,0
8,maths,8,comparing-quantities,राशियों की तुलना,https://scert.bihar.gov.in/eresources/%E0%A4%97%E0%A4%A3%E0%A4%BF%E0%A4%A4-%E0%A4%AD%E0%A4%BE%E0%A4%97-8-1708403831,UNVERIFIED,NEEDS_REVIEW,false,MCQ,0,1,true,1
8,maths,8,comparing-quantities,राशियों की तुलना,https://scert.bihar.gov.in/eresources/%E0%A4%97%E0%A4%A3%E0%A4%BF%E0%A4%A4-%E0%A4%AD%E0%A4%BE%E0%A4%97-8-1708403831,UNVERIFIED,NEEDS_REVIEW,false,TRUE_FALSE,0,1,true,1
8,maths,8,comparing-quantities,राशियों की तुलना,https://scert.bihar.gov.in/eresources/%E0%A4%97%E0%A4%A3%E0%A4%BF%E0%A4%A4-%E0%A4%AD%E0%A4%BE%E0%A4%97-8-1708403831,UNVERIFIED,NEEDS_REVIEW,false,INPUT,0,1,true,1
8,maths,8,comparing-quantities,राशियों की तुलना,https://scert.bihar.gov.in/eresources/%E0%A4%97%E0%A4%A3%E0%A4%BF%E0%A4%A4-%E0%A4%AD%E0%A4%BE%E0%A4%97-8-1708403831,UNVERIFIED,NEEDS_REVIEW,false,MATCH,0,1,true,1
8,maths,8,comparing-quantities,राशियों की तुलना,https://scert.bihar.gov.in/eresources/%E0%A4%97%E0%A4%A3%E0%A4%BF%E0%A4%A4-%E0%A4%AD%E0%A4%BE%E0%A4%97-8-1708403831,UNVERIFIED,NEEDS_REVIEW,false,ORDER,0,1,true,1
8,maths,8,comparing-quantities,राशियों की तुलना,https://scert.bihar.gov.in/eresources/%E0%A4%97%E0%A4%A3%E0%A4%BF%E0%A4%A4-%E0%A4%AD%E0%A4%BE%E0%A4%97-8-1708403831,UNVERIFIED,NEEDS_REVIEW,false,ASSERTION_REASON,0,1,false,0
8,maths,8,comparing-quantities,राशियों की तुलना,https://scert.bihar.gov.in/eresources/%E0%A4%97%E0%A4%A3%E0%A4%BF%E0%A4%A4-%E0%A4%AD%E0%A4%BE%E0%A4%97-8-1708403831,UNVERIFIED,NEEDS_REVIEW,false,CASE_BASED,0,1,true,1
8,maths,8,comparing-quantities,राशियों की तुलना,https://scert.bihar.gov.in/eresources/%E0%A4%97%E0%A4%A3%E0%A4%BF%E0%A4%A4-%E0%A4%AD%E0%A4%BE%E0%A4%97-8-1708403831,UNVERIFIED,NEEDS_REVIEW,false,SHORT_ANSWER,0,1,true,1
8,maths,8,comparing-quantities,राशियों की तुलना,https://scert.bihar.gov.in/eresources/%E0%A4%97%E0%A4%A3%E0%A4%BF%E0%A4%A4-%E0%A4%AD%E0%A4%BE%E0%A4%97-8-1708403831,UNVERIFIED,NEEDS_REVIEW,false,LONG_ANSWER,0,1,true,1
8,maths,8,comparing-quantities,राशियों की तुलना,https://scert.bihar.gov.in/eresources/%E0%A4%97%E0%A4%A3%E0%A4%BF%E0%A4%A4-%E0%A4%AD%E0%A4%BE%E0%A4%97-8-1708403831,UNVERIFIED,NEEDS_REVIEW,false,NUMERICAL,0,1,true,1
8,maths,8,comparing-quantities,राशियों की तुलना,https://scert.bihar.gov.in/eresources/%E0%A4%97%E0%A4%A3%E0%A4%BF%E0%A4%A4-%E0%A4%AD%E0%A4%BE%E0%A4%97-8-1708403831,UNVERIFIED,NEEDS_REVIEW,false,DIAGRAM,0,1,false,0
8,maths,8,comparing-quantities,राशियों की तुलना,https://scert.bihar.gov.in/eresources/%E0%A4%97%E0%A4%A3%E0%A4%BF%E0%A4%A4-%E0%A4%AD%E0%A4%BE%E0%A4%97-8-1708403831,UNVERIFIED,NEEDS_REVIEW,false,MAP,0,1,false,0
8,maths,8,comparing-quantities,राशियों की तुलना,https://scert.bihar.gov.in/eresources/%E0%A4%97%E0%A4%A3%E0%A4%BF%E0%A4%A4-%E0%A4%AD%E0%A4%BE%E0%A4%97-8-1708403831,UNVERIFIED,NEEDS_REVIEW,false,SOURCE_BASED,0,1,false,0
8,maths,9,algebraic-identities,बीजीय व्यंजक,https://scert.bihar.gov.in/eresources/%E0%A4%97%E0%A4%A3%E0%A4%BF%E0%A4%A4-%E0%A4%AD%E0%A4%BE%E0%A4%97-8-1708403831,UNVERIFIED,NEEDS_REVIEW,false,MCQ,0,1,true,1
8,maths,9,algebraic-identities,बीजीय व्यंजक,https://scert.bihar.gov.in/eresources/%E0%A4%97%E0%A4%A3%E0%A4%BF%E0%A4%A4-%E0%A4%AD%E0%A4%BE%E0%A4%97-8-1708403831,UNVERIFIED,NEEDS_REVIEW,false,TRUE_FALSE,0,1,true,1
8,maths,9,algebraic-identities,बीजीय व्यंजक,https://scert.bihar.gov.in/eresources/%E0%A4%97%E0%A4%A3%E0%A4%BF%E0%A4%A4-%E0%A4%AD%E0%A4%BE%E0%A4%97-8-1708403831,UNVERIFIED,NEEDS_REVIEW,false,INPUT,0,1,true,1
8,maths,9,algebraic-identities,बीजीय व्यंजक,https://scert.bihar.gov.in/eresources/%E0%A4%97%E0%A4%A3%E0%A4%BF%E0%A4%A4-%E0%A4%AD%E0%A4%BE%E0%A4%97-8-1708403831,UNVERIFIED,NEEDS_REVIEW,false,MATCH,0,1,true,1
8,maths,9,algebraic-identities,बीजीय व्यंजक,https://scert.bihar.gov.in/eresources/%E0%A4%97%E0%A4%A3%E0%A4%BF%E0%A4%A4-%E0%A4%AD%E0%A4%BE%E0%A4%97-8-1708403831,UNVERIFIED,NEEDS_REVIEW,false,ORDER,0,1,true,1
8,maths,9,algebraic-identities,बीजीय व्यंजक,https://scert.bihar.gov.in/eresources/%E0%A4%97%E0%A4%A3%E0%A4%BF%E0%A4%A4-%E0%A4%AD%E0%A4%BE%E0%A4%97-8-1708403831,UNVERIFIED,NEEDS_REVIEW,false,ASSERTION_REASON,0,1,false,0
8,maths,9,algebraic-identities,बीजीय व्यंजक,https://scert.bihar.gov.in/eresources/%E0%A4%97%E0%A4%A3%E0%A4%BF%E0%A4%A4-%E0%A4%AD%E0%A4%BE%E0%A4%97-8-1708403831,UNVERIFIED,NEEDS_REVIEW,false,CASE_BASED,0,1,true,1
8,maths,9,algebraic-identities,बीजीय व्यंजक,https://scert.bihar.gov.in/eresources/%E0%A4%97%E0%A4%A3%E0%A4%BF%E0%A4%A4-%E0%A4%AD%E0%A4%BE%E0%A4%97-8-1708403831,UNVERIFIED,NEEDS_REVIEW,false,SHORT_ANSWER,0,1,true,1
8,maths,9,algebraic-identities,बीजीय व्यंजक,https://scert.bihar.gov.in/eresources/%E0%A4%97%E0%A4%A3%E0%A4%BF%E0%A4%A4-%E0%A4%AD%E0%A4%BE%E0%A4%97-8-1708403831,UNVERIFIED,NEEDS_REVIEW,false,LONG_ANSWER,0,1,true,1
8,maths,9,algebraic-identities,बीजीय व्यंजक,https://scert.bihar.gov.in/eresources/%E0%A4%97%E0%A4%A3%E0%A4%BF%E0%A4%A4-%E0%A4%AD%E0%A4%BE%E0%A4%97-8-1708403831,UNVERIFIED,NEEDS_REVIEW,false,NUMERICAL,0,1,true,1
8,maths,9,algebraic-identities,बीजीय व्यंजक,https://scert.bihar.gov.in/eresources/%E0%A4%97%E0%A4%A3%E0%A4%BF%E0%A4%A4-%E0%A4%AD%E0%A4%BE%E0%A4%97-8-1708403831,UNVERIFIED,NEEDS_REVIEW,false,DIAGRAM,0,1,true,1
8,maths,9,algebraic-identities,बीजीय व्यंजक,https://scert.bihar.gov.in/eresources/%E0%A4%97%E0%A4%A3%E0%A4%BF%E0%A4%A4-%E0%A4%AD%E0%A4%BE%E0%A4%97-8-1708403831,UNVERIFIED,NEEDS_REVIEW,false,MAP,0,1,false,0
8,maths,9,algebraic-identities,बीजीय व्यंजक,https://scert.bihar.gov.in/eresources/%E0%A4%97%E0%A4%A3%E0%A4%BF%E0%A4%A4-%E0%A4%AD%E0%A4%BE%E0%A4%97-8-1708403831,UNVERIFIED,NEEDS_REVIEW,false,SOURCE_BASED,0,1,false,0
8,maths,10,exponents-powers,घातांक और घात,https://scert.bihar.gov.in/eresources/%E0%A4%97%E0%A4%A3%E0%A4%BF%E0%A4%A4-%E0%A4%AD%E0%A4%BE%E0%A4%97-8-1708403831,UNVERIFIED,NEEDS_REVIEW,false,MCQ,0,1,true,1
8,maths,10,exponents-powers,घातांक और घात,https://scert.bihar.gov.in/eresources/%E0%A4%97%E0%A4%A3%E0%A4%BF%E0%A4%A4-%E0%A4%AD%E0%A4%BE%E0%A4%97-8-1708403831,UNVERIFIED,NEEDS_REVIEW,false,TRUE_FALSE,0,1,true,1
8,maths,10,exponents-powers,घातांक और घात,https://scert.bihar.gov.in/eresources/%E0%A4%97%E0%A4%A3%E0%A4%BF%E0%A4%A4-%E0%A4%AD%E0%A4%BE%E0%A4%97-8-1708403831,UNVERIFIED,NEEDS_REVIEW,false,INPUT,0,1,true,1
8,maths,10,exponents-powers,घातांक और घात,https://scert.bihar.gov.in/eresources/%E0%A4%97%E0%A4%A3%E0%A4%BF%E0%A4%A4-%E0%A4%AD%E0%A4%BE%E0%A4%97-8-1708403831,UNVERIFIED,NEEDS_REVIEW,false,MATCH,0,1,true,1
8,maths,10,exponents-powers,घातांक और घात,https://scert.bihar.gov.in/eresources/%E0%A4%97%E0%A4%A3%E0%A4%BF%E0%A4%A4-%E0%A4%AD%E0%A4%BE%E0%A4%97-8-1708403831,UNVERIFIED,NEEDS_REVIEW,false,ORDER,0,1,true,1
8,maths,10,exponents-powers,घातांक और घात,https://scert.bihar.gov.in/eresources/%E0%A4%97%E0%A4%A3%E0%A4%BF%E0%A4%A4-%E0%A4%AD%E0%A4%BE%E0%A4%97-8-1708403831,UNVERIFIED,NEEDS_REVIEW,false,ASSERTION_REASON,0,1,false,0
8,maths,10,exponents-powers,घातांक और घात,https://scert.bihar.gov.in/eresources/%E0%A4%97%E0%A4%A3%E0%A4%BF%E0%A4%A4-%E0%A4%AD%E0%A4%BE%E0%A4%97-8-1708403831,UNVERIFIED,NEEDS_REVIEW,false,CASE_BASED,0,1,true,1
8,maths,10,exponents-powers,घातांक और घात,https://scert.bihar.gov.in/eresources/%E0%A4%97%E0%A4%A3%E0%A4%BF%E0%A4%A4-%E0%A4%AD%E0%A4%BE%E0%A4%97-8-1708403831,UNVERIFIED,NEEDS_REVIEW,false,SHORT_ANSWER,0,1,true,1
8,maths,10,exponents-powers,घातांक और घात,https://scert.bihar.gov.in/eresources/%E0%A4%97%E0%A4%A3%E0%A4%BF%E0%A4%A4-%E0%A4%AD%E0%A4%BE%E0%A4%97-8-1708403831,UNVERIFIED,NEEDS_REVIEW,false,LONG_ANSWER,0,1,true,1
8,maths,10,exponents-powers,घातांक और घात,https://scert.bihar.gov.in/eresources/%E0%A4%97%E0%A4%A3%E0%A4%BF%E0%A4%A4-%E0%A4%AD%E0%A4%BE%E0%A4%97-8-1708403831,UNVERIFIED,NEEDS_REVIEW,false,NUMERICAL,0,1,true,1
8,maths,10,exponents-powers,घातांक और घात,https://scert.bihar.gov.in/eresources/%E0%A4%97%E0%A4%A3%E0%A4%BF%E0%A4%A4-%E0%A4%AD%E0%A4%BE%E0%A4%97-8-1708403831,UNVERIFIED,NEEDS_REVIEW,false,DIAGRAM,0,1,false,0
8,maths,10,exponents-powers,घातांक और घात,https://scert.bihar.gov.in/eresources/%E0%A4%97%E0%A4%A3%E0%A4%BF%E0%A4%A4-%E0%A4%AD%E0%A4%BE%E0%A4%97-8-1708403831,UNVERIFIED,NEEDS_REVIEW,false,MAP,0,1,false,0
8,maths,10,exponents-powers,घातांक और घात,https://scert.bihar.gov.in/eresources/%E0%A4%97%E0%A4%A3%E0%A4%BF%E0%A4%A4-%E0%A4%AD%E0%A4%BE%E0%A4%97-8-1708403831,UNVERIFIED,NEEDS_REVIEW,false,SOURCE_BASED,0,1,false,0
8,maths,11,direct-inverse-proportion,सीधा और प्रतिलोम समानुपात,https://scert.bihar.gov.in/eresources/%E0%A4%97%E0%A4%A3%E0%A4%BF%E0%A4%A4-%E0%A4%AD%E0%A4%BE%E0%A4%97-8-1708403831,UNVERIFIED,NEEDS_REVIEW,false,MCQ,0,1,true,1
8,maths,11,direct-inverse-proportion,सीधा और प्रतिलोम समानुपात,https://scert.bihar.gov.in/eresources/%E0%A4%97%E0%A4%A3%E0%A4%BF%E0%A4%A4-%E0%A4%AD%E0%A4%BE%E0%A4%97-8-1708403831,UNVERIFIED,NEEDS_REVIEW,false,TRUE_FALSE,0,1,true,1
8,maths,11,direct-inverse-proportion,सीधा और प्रतिलोम समानुपात,https://scert.bihar.gov.in/eresources/%E0%A4%97%E0%A4%A3%E0%A4%BF%E0%A4%A4-%E0%A4%AD%E0%A4%BE%E0%A4%97-8-1708403831,UNVERIFIED,NEEDS_REVIEW,false,INPUT,0,1,true,1
8,maths,11,direct-inverse-proportion,सीधा और प्रतिलोम समानुपात,https://scert.bihar.gov.in/eresources/%E0%A4%97%E0%A4%A3%E0%A4%BF%E0%A4%A4-%E0%A4%AD%E0%A4%BE%E0%A4%97-8-1708403831,UNVERIFIED,NEEDS_REVIEW,false,MATCH,0,1,true,1
8,maths,11,direct-inverse-proportion,सीधा और प्रतिलोम समानुपात,https://scert.bihar.gov.in/eresources/%E0%A4%97%E0%A4%A3%E0%A4%BF%E0%A4%A4-%E0%A4%AD%E0%A4%BE%E0%A4%97-8-1708403831,UNVERIFIED,NEEDS_REVIEW,false,ORDER,0,1,true,1
8,maths,11,direct-inverse-proportion,सीधा और प्रतिलोम समानुपात,https://scert.bihar.gov.in/eresources/%E0%A4%97%E0%A4%A3%E0%A4%BF%E0%A4%A4-%E0%A4%AD%E0%A4%BE%E0%A4%97-8-1708403831,UNVERIFIED,NEEDS_REVIEW,false,ASSERTION_REASON,0,1,false,0
8,maths,11,direct-inverse-proportion,सीधा और प्रतिलोम समानुपात,https://scert.bihar.gov.in/eresources/%E0%A4%97%E0%A4%A3%E0%A4%BF%E0%A4%A4-%E0%A4%AD%E0%A4%BE%E0%A4%97-8-1708403831,UNVERIFIED,NEEDS_REVIEW,false,CASE_BASED,0,1,true,1
8,maths,11,direct-inverse-proportion,सीधा और प्रतिलोम समानुपात,https://scert.bihar.gov.in/eresources/%E0%A4%97%E0%A4%A3%E0%A4%BF%E0%A4%A4-%E0%A4%AD%E0%A4%BE%E0%A4%97-8-1708403831,UNVERIFIED,NEEDS_REVIEW,false,SHORT_ANSWER,0,1,true,1
8,maths,11,direct-inverse-proportion,सीधा और प्रतिलोम समानुपात,https://scert.bihar.gov.in/eresources/%E0%A4%97%E0%A4%A3%E0%A4%BF%E0%A4%A4-%E0%A4%AD%E0%A4%BE%E0%A4%97-8-1708403831,UNVERIFIED,NEEDS_REVIEW,false,LONG_ANSWER,0,1,true,1
8,maths,11,direct-inverse-proportion,सीधा और प्रतिलोम समानुपात,https://scert.bihar.gov.in/eresources/%E0%A4%97%E0%A4%A3%E0%A4%BF%E0%A4%A4-%E0%A4%AD%E0%A4%BE%E0%A4%97-8-1708403831,UNVERIFIED,NEEDS_REVIEW,false,NUMERICAL,0,1,true,1
8,maths,11,direct-inverse-proportion,सीधा और प्रतिलोम समानुपात,https://scert.bihar.gov.in/eresources/%E0%A4%97%E0%A4%A3%E0%A4%BF%E0%A4%A4-%E0%A4%AD%E0%A4%BE%E0%A4%97-8-1708403831,UNVERIFIED,NEEDS_REVIEW,false,DIAGRAM,0,1,false,0
8,maths,11,direct-inverse-proportion,सीधा और प्रतिलोम समानुपात,https://scert.bihar.gov.in/eresources/%E0%A4%97%E0%A4%A3%E0%A4%BF%E0%A4%A4-%E0%A4%AD%E0%A4%BE%E0%A4%97-8-1708403831,UNVERIFIED,NEEDS_REVIEW,false,MAP,0,1,false,0
8,maths,11,direct-inverse-proportion,सीधा और प्रतिलोम समानुपात,https://scert.bihar.gov.in/eresources/%E0%A4%97%E0%A4%A3%E0%A4%BF%E0%A4%A4-%E0%A4%AD%E0%A4%BE%E0%A4%97-8-1708403831,UNVERIFIED,NEEDS_REVIEW,false,SOURCE_BASED,0,1,false,0
8,maths,12,solid-shapes,ठोस आकारों का चित्रण,https://scert.bihar.gov.in/eresources/%E0%A4%97%E0%A4%A3%E0%A4%BF%E0%A4%A4-%E0%A4%AD%E0%A4%BE%E0%A4%97-8-1708403831,UNVERIFIED,NEEDS_REVIEW,false,MCQ,0,1,true,1
8,maths,12,solid-shapes,ठोस आकारों का चित्रण,https://scert.bihar.gov.in/eresources/%E0%A4%97%E0%A4%A3%E0%A4%BF%E0%A4%A4-%E0%A4%AD%E0%A4%BE%E0%A4%97-8-1708403831,UNVERIFIED,NEEDS_REVIEW,false,TRUE_FALSE,0,1,true,1
8,maths,12,solid-shapes,ठोस आकारों का चित्रण,https://scert.bihar.gov.in/eresources/%E0%A4%97%E0%A4%A3%E0%A4%BF%E0%A4%A4-%E0%A4%AD%E0%A4%BE%E0%A4%97-8-1708403831,UNVERIFIED,NEEDS_REVIEW,false,INPUT,0,1,true,1
8,maths,12,solid-shapes,ठोस आकारों का चित्रण,https://scert.bihar.gov.in/eresources/%E0%A4%97%E0%A4%A3%E0%A4%BF%E0%A4%A4-%E0%A4%AD%E0%A4%BE%E0%A4%97-8-1708403831,UNVERIFIED,NEEDS_REVIEW,false,MATCH,0,1,true,1
8,maths,12,solid-shapes,ठोस आकारों का चित्रण,https://scert.bihar.gov.in/eresources/%E0%A4%97%E0%A4%A3%E0%A4%BF%E0%A4%A4-%E0%A4%AD%E0%A4%BE%E0%A4%97-8-1708403831,UNVERIFIED,NEEDS_REVIEW,false,ORDER,0,1,true,1
8,maths,12,solid-shapes,ठोस आकारों का चित्रण,https://scert.bihar.gov.in/eresources/%E0%A4%97%E0%A4%A3%E0%A4%BF%E0%A4%A4-%E0%A4%AD%E0%A4%BE%E0%A4%97-8-1708403831,UNVERIFIED,NEEDS_REVIEW,false,ASSERTION_REASON,0,1,false,0
8,maths,12,solid-shapes,ठोस आकारों का चित्रण,https://scert.bihar.gov.in/eresources/%E0%A4%97%E0%A4%A3%E0%A4%BF%E0%A4%A4-%E0%A4%AD%E0%A4%BE%E0%A4%97-8-1708403831,UNVERIFIED,NEEDS_REVIEW,false,CASE_BASED,0,1,true,1
8,maths,12,solid-shapes,ठोस आकारों का चित्रण,https://scert.bihar.gov.in/eresources/%E0%A4%97%E0%A4%A3%E0%A4%BF%E0%A4%A4-%E0%A4%AD%E0%A4%BE%E0%A4%97-8-1708403831,UNVERIFIED,NEEDS_REVIEW,false,SHORT_ANSWER,0,1,true,1
8,maths,12,solid-shapes,ठोस आकारों का चित्रण,https://scert.bihar.gov.in/eresources/%E0%A4%97%E0%A4%A3%E0%A4%BF%E0%A4%A4-%E0%A4%AD%E0%A4%BE%E0%A4%97-8-1708403831,UNVERIFIED,NEEDS_REVIEW,false,LONG_ANSWER,0,1,true,1
8,maths,12,solid-shapes,ठोस आकारों का चित्रण,https://scert.bihar.gov.in/eresources/%E0%A4%97%E0%A4%A3%E0%A4%BF%E0%A4%A4-%E0%A4%AD%E0%A4%BE%E0%A4%97-8-1708403831,UNVERIFIED,NEEDS_REVIEW,false,NUMERICAL,0,1,true,1
8,maths,12,solid-shapes,ठोस आकारों का चित्रण,https://scert.bihar.gov.in/eresources/%E0%A4%97%E0%A4%A3%E0%A4%BF%E0%A4%A4-%E0%A4%AD%E0%A4%BE%E0%A4%97-8-1708403831,UNVERIFIED,NEEDS_REVIEW,false,DIAGRAM,0,1,true,1
8,maths,12,solid-shapes,ठोस आकारों का चित्रण,https://scert.bihar.gov.in/eresources/%E0%A4%97%E0%A4%A3%E0%A4%BF%E0%A4%A4-%E0%A4%AD%E0%A4%BE%E0%A4%97-8-1708403831,UNVERIFIED,NEEDS_REVIEW,false,MAP,0,1,false,0
8,maths,12,solid-shapes,ठोस आकारों का चित्रण,https://scert.bihar.gov.in/eresources/%E0%A4%97%E0%A4%A3%E0%A4%BF%E0%A4%A4-%E0%A4%AD%E0%A4%BE%E0%A4%97-8-1708403831,UNVERIFIED,NEEDS_REVIEW,false,SOURCE_BASED,0,1,false,0
8,maths,13,mensuration,क्षेत्रमिति,https://scert.bihar.gov.in/eresources/%E0%A4%97%E0%A4%A3%E0%A4%BF%E0%A4%A4-%E0%A4%AD%E0%A4%BE%E0%A4%97-8-1708403831,UNVERIFIED,NEEDS_REVIEW,false,MCQ,0,1,true,1
8,maths,13,mensuration,क्षेत्रमिति,https://scert.bihar.gov.in/eresources/%E0%A4%97%E0%A4%A3%E0%A4%BF%E0%A4%A4-%E0%A4%AD%E0%A4%BE%E0%A4%97-8-1708403831,UNVERIFIED,NEEDS_REVIEW,false,TRUE_FALSE,0,1,true,1
8,maths,13,mensuration,क्षेत्रमिति,https://scert.bihar.gov.in/eresources/%E0%A4%97%E0%A4%A3%E0%A4%BF%E0%A4%A4-%E0%A4%AD%E0%A4%BE%E0%A4%97-8-1708403831,UNVERIFIED,NEEDS_REVIEW,false,INPUT,0,1,true,1
8,maths,13,mensuration,क्षेत्रमिति,https://scert.bihar.gov.in/eresources/%E0%A4%97%E0%A4%A3%E0%A4%BF%E0%A4%A4-%E0%A4%AD%E0%A4%BE%E0%A4%97-8-1708403831,UNVERIFIED,NEEDS_REVIEW,false,MATCH,0,1,true,1
8,maths,13,mensuration,क्षेत्रमिति,https://scert.bihar.gov.in/eresources/%E0%A4%97%E0%A4%A3%E0%A4%BF%E0%A4%A4-%E0%A4%AD%E0%A4%BE%E0%A4%97-8-1708403831,UNVERIFIED,NEEDS_REVIEW,false,ORDER,0,1,true,1
8,maths,13,mensuration,क्षेत्रमिति,https://scert.bihar.gov.in/eresources/%E0%A4%97%E0%A4%A3%E0%A4%BF%E0%A4%A4-%E0%A4%AD%E0%A4%BE%E0%A4%97-8-1708403831,UNVERIFIED,NEEDS_REVIEW,false,ASSERTION_REASON,0,1,false,0
8,maths,13,mensuration,क्षेत्रमिति,https://scert.bihar.gov.in/eresources/%E0%A4%97%E0%A4%A3%E0%A4%BF%E0%A4%A4-%E0%A4%AD%E0%A4%BE%E0%A4%97-8-1708403831,UNVERIFIED,NEEDS_REVIEW,false,CASE_BASED,0,1,true,1
8,maths,13,mensuration,क्षेत्रमिति,https://scert.bihar.gov.in/eresources/%E0%A4%97%E0%A4%A3%E0%A4%BF%E0%A4%A4-%E0%A4%AD%E0%A4%BE%E0%A4%97-8-1708403831,UNVERIFIED,NEEDS_REVIEW,false,SHORT_ANSWER,0,1,true,1
8,maths,13,mensuration,क्षेत्रमिति,https://scert.bihar.gov.in/eresources/%E0%A4%97%E0%A4%A3%E0%A4%BF%E0%A4%A4-%E0%A4%AD%E0%A4%BE%E0%A4%97-8-1708403831,UNVERIFIED,NEEDS_REVIEW,false,LONG_ANSWER,0,1,true,1
8,maths,13,mensuration,क्षेत्रमिति,https://scert.bihar.gov.in/eresources/%E0%A4%97%E0%A4%A3%E0%A4%BF%E0%A4%A4-%E0%A4%AD%E0%A4%BE%E0%A4%97-8-1708403831,UNVERIFIED,NEEDS_REVIEW,false,NUMERICAL,0,1,true,1
8,maths,13,mensuration,क्षेत्रमिति,https://scert.bihar.gov.in/eresources/%E0%A4%97%E0%A4%A3%E0%A4%BF%E0%A4%A4-%E0%A4%AD%E0%A4%BE%E0%A4%97-8-1708403831,UNVERIFIED,NEEDS_REVIEW,false,DIAGRAM,0,1,true,1
8,maths,13,mensuration,क्षेत्रमिति,https://scert.bihar.gov.in/eresources/%E0%A4%97%E0%A4%A3%E0%A4%BF%E0%A4%A4-%E0%A4%AD%E0%A4%BE%E0%A4%97-8-1708403831,UNVERIFIED,NEEDS_REVIEW,false,MAP,0,1,false,0
8,maths,13,mensuration,क्षेत्रमिति,https://scert.bihar.gov.in/eresources/%E0%A4%97%E0%A4%A3%E0%A4%BF%E0%A4%A4-%E0%A4%AD%E0%A4%BE%E0%A4%97-8-1708403831,UNVERIFIED,NEEDS_REVIEW,false,SOURCE_BASED,0,1,false,0
8,maths,14,factorisation,गुणनखंड,https://scert.bihar.gov.in/eresources/%E0%A4%97%E0%A4%A3%E0%A4%BF%E0%A4%A4-%E0%A4%AD%E0%A4%BE%E0%A4%97-8-1708403831,UNVERIFIED,NEEDS_REVIEW,false,MCQ,0,1,true,1
8,maths,14,factorisation,गुणनखंड,https://scert.bihar.gov.in/eresources/%E0%A4%97%E0%A4%A3%E0%A4%BF%E0%A4%A4-%E0%A4%AD%E0%A4%BE%E0%A4%97-8-1708403831,UNVERIFIED,NEEDS_REVIEW,false,TRUE_FALSE,0,1,true,1
8,maths,14,factorisation,गुणनखंड,https://scert.bihar.gov.in/eresources/%E0%A4%97%E0%A4%A3%E0%A4%BF%E0%A4%A4-%E0%A4%AD%E0%A4%BE%E0%A4%97-8-1708403831,UNVERIFIED,NEEDS_REVIEW,false,INPUT,0,1,true,1
8,maths,14,factorisation,गुणनखंड,https://scert.bihar.gov.in/eresources/%E0%A4%97%E0%A4%A3%E0%A4%BF%E0%A4%A4-%E0%A4%AD%E0%A4%BE%E0%A4%97-8-1708403831,UNVERIFIED,NEEDS_REVIEW,false,MATCH,0,1,true,1
8,maths,14,factorisation,गुणनखंड,https://scert.bihar.gov.in/eresources/%E0%A4%97%E0%A4%A3%E0%A4%BF%E0%A4%A4-%E0%A4%AD%E0%A4%BE%E0%A4%97-8-1708403831,UNVERIFIED,NEEDS_REVIEW,false,ORDER,0,1,true,1
8,maths,14,factorisation,गुणनखंड,https://scert.bihar.gov.in/eresources/%E0%A4%97%E0%A4%A3%E0%A4%BF%E0%A4%A4-%E0%A4%AD%E0%A4%BE%E0%A4%97-8-1708403831,UNVERIFIED,NEEDS_REVIEW,false,ASSERTION_REASON,0,1,false,0
8,maths,14,factorisation,गुणनखंड,https://scert.bihar.gov.in/eresources/%E0%A4%97%E0%A4%A3%E0%A4%BF%E0%A4%A4-%E0%A4%AD%E0%A4%BE%E0%A4%97-8-1708403831,UNVERIFIED,NEEDS_REVIEW,false,CASE_BASED,0,1,true,1
8,maths,14,factorisation,गुणनखंड,https://scert.bihar.gov.in/eresources/%E0%A4%97%E0%A4%A3%E0%A4%BF%E0%A4%A4-%E0%A4%AD%E0%A4%BE%E0%A4%97-8-1708403831,UNVERIFIED,NEEDS_REVIEW,false,SHORT_ANSWER,0,1,true,1
8,maths,14,factorisation,गुणनखंड,https://scert.bihar.gov.in/eresources/%E0%A4%97%E0%A4%A3%E0%A4%BF%E0%A4%A4-%E0%A4%AD%E0%A4%BE%E0%A4%97-8-1708403831,UNVERIFIED,NEEDS_REVIEW,false,LONG_ANSWER,0,1,true,1
8,maths,14,factorisation,गुणनखंड,https://scert.bihar.gov.in/eresources/%E0%A4%97%E0%A4%A3%E0%A4%BF%E0%A4%A4-%E0%A4%AD%E0%A4%BE%E0%A4%97-8-1708403831,UNVERIFIED,NEEDS_REVIEW,false,NUMERICAL,0,1,true,1
8,maths,14,factorisation,गुणनखंड,https://scert.bihar.gov.in/eresources/%E0%A4%97%E0%A4%A3%E0%A4%BF%E0%A4%A4-%E0%A4%AD%E0%A4%BE%E0%A4%97-8-1708403831,UNVERIFIED,NEEDS_REVIEW,false,DIAGRAM,0,1,true,1
8,maths,14,factorisation,गुणनखंड,https://scert.bihar.gov.in/eresources/%E0%A4%97%E0%A4%A3%E0%A4%BF%E0%A4%A4-%E0%A4%AD%E0%A4%BE%E0%A4%97-8-1708403831,UNVERIFIED,NEEDS_REVIEW,false,MAP,0,1,false,0
8,maths,14,factorisation,गुणनखंड,https://scert.bihar.gov.in/eresources/%E0%A4%97%E0%A4%A3%E0%A4%BF%E0%A4%A4-%E0%A4%AD%E0%A4%BE%E0%A4%97-8-1708403831,UNVERIFIED,NEEDS_REVIEW,false,SOURCE_BASED,0,1,false,0
8,maths,15,graphs,आलेखों से परिचय,https://scert.bihar.gov.in/eresources/%E0%A4%97%E0%A4%A3%E0%A4%BF%E0%A4%A4-%E0%A4%AD%E0%A4%BE%E0%A4%97-8-1708403831,UNVERIFIED,NEEDS_REVIEW,false,MCQ,0,1,true,1
8,maths,15,graphs,आलेखों से परिचय,https://scert.bihar.gov.in/eresources/%E0%A4%97%E0%A4%A3%E0%A4%BF%E0%A4%A4-%E0%A4%AD%E0%A4%BE%E0%A4%97-8-1708403831,UNVERIFIED,NEEDS_REVIEW,false,TRUE_FALSE,0,1,true,1
8,maths,15,graphs,आलेखों से परिचय,https://scert.bihar.gov.in/eresources/%E0%A4%97%E0%A4%A3%E0%A4%BF%E0%A4%A4-%E0%A4%AD%E0%A4%BE%E0%A4%97-8-1708403831,UNVERIFIED,NEEDS_REVIEW,false,INPUT,0,1,true,1
8,maths,15,graphs,आलेखों से परिचय,https://scert.bihar.gov.in/eresources/%E0%A4%97%E0%A4%A3%E0%A4%BF%E0%A4%A4-%E0%A4%AD%E0%A4%BE%E0%A4%97-8-1708403831,UNVERIFIED,NEEDS_REVIEW,false,MATCH,0,1,true,1
8,maths,15,graphs,आलेखों से परिचय,https://scert.bihar.gov.in/eresources/%E0%A4%97%E0%A4%A3%E0%A4%BF%E0%A4%A4-%E0%A4%AD%E0%A4%BE%E0%A4%97-8-1708403831,UNVERIFIED,NEEDS_REVIEW,false,ORDER,0,1,true,1
8,maths,15,graphs,आलेखों से परिचय,https://scert.bihar.gov.in/eresources/%E0%A4%97%E0%A4%A3%E0%A4%BF%E0%A4%A4-%E0%A4%AD%E0%A4%BE%E0%A4%97-8-1708403831,UNVERIFIED,NEEDS_REVIEW,false,ASSERTION_REASON,0,1,false,0
8,maths,15,graphs,आलेखों से परिचय,https://scert.bihar.gov.in/eresources/%E0%A4%97%E0%A4%A3%E0%A4%BF%E0%A4%A4-%E0%A4%AD%E0%A4%BE%E0%A4%97-8-1708403831,UNVERIFIED,NEEDS_REVIEW,false,CASE_BASED,0,1,true,1
8,maths,15,graphs,आलेखों से परिचय,https://scert.bihar.gov.in/eresources/%E0%A4%97%E0%A4%A3%E0%A4%BF%E0%A4%A4-%E0%A4%AD%E0%A4%BE%E0%A4%97-8-1708403831,UNVERIFIED,NEEDS_REVIEW,false,SHORT_ANSWER,0,1,true,1
8,maths,15,graphs,आलेखों से परिचय,https://scert.bihar.gov.in/eresources/%E0%A4%97%E0%A4%A3%E0%A4%BF%E0%A4%A4-%E0%A4%AD%E0%A4%BE%E0%A4%97-8-1708403831,UNVERIFIED,NEEDS_REVIEW,false,LONG_ANSWER,0,1,true,1
8,maths,15,graphs,आलेखों से परिचय,https://scert.bihar.gov.in/eresources/%E0%A4%97%E0%A4%A3%E0%A4%BF%E0%A4%A4-%E0%A4%AD%E0%A4%BE%E0%A4%97-8-1708403831,UNVERIFIED,NEEDS_REVIEW,false,NUMERICAL,0,1,true,1
8,maths,15,graphs,आलेखों से परिचय,https://scert.bihar.gov.in/eresources/%E0%A4%97%E0%A4%A3%E0%A4%BF%E0%A4%A4-%E0%A4%AD%E0%A4%BE%E0%A4%97-8-1708403831,UNVERIFIED,NEEDS_REVIEW,false,DIAGRAM,0,1,true,1
8,maths,15,graphs,आलेखों से परिचय,https://scert.bihar.gov.in/eresources/%E0%A4%97%E0%A4%A3%E0%A4%BF%E0%A4%A4-%E0%A4%AD%E0%A4%BE%E0%A4%97-8-1708403831,UNVERIFIED,NEEDS_REVIEW,false,MAP,0,1,false,0
8,maths,15,graphs,आलेखों से परिचय,https://scert.bihar.gov.in/eresources/%E0%A4%97%E0%A4%A3%E0%A4%BF%E0%A4%A4-%E0%A4%AD%E0%A4%BE%E0%A4%97-8-1708403831,UNVERIFIED,NEEDS_REVIEW,false,SOURCE_BASED,0,1,false,0
8,maths,16,play-with-numbers,संख्याओं के साथ खेलना,https://scert.bihar.gov.in/eresources/%E0%A4%97%E0%A4%A3%E0%A4%BF%E0%A4%A4-%E0%A4%AD%E0%A4%BE%E0%A4%97-8-1708403831,UNVERIFIED,NEEDS_REVIEW,false,MCQ,0,1,true,1
8,maths,16,play-with-numbers,संख्याओं के साथ खेलना,https://scert.bihar.gov.in/eresources/%E0%A4%97%E0%A4%A3%E0%A4%BF%E0%A4%A4-%E0%A4%AD%E0%A4%BE%E0%A4%97-8-1708403831,UNVERIFIED,NEEDS_REVIEW,false,TRUE_FALSE,0,1,true,1
8,maths,16,play-with-numbers,संख्याओं के साथ खेलना,https://scert.bihar.gov.in/eresources/%E0%A4%97%E0%A4%A3%E0%A4%BF%E0%A4%A4-%E0%A4%AD%E0%A4%BE%E0%A4%97-8-1708403831,UNVERIFIED,NEEDS_REVIEW,false,INPUT,0,1,true,1
8,maths,16,play-with-numbers,संख्याओं के साथ खेलना,https://scert.bihar.gov.in/eresources/%E0%A4%97%E0%A4%A3%E0%A4%BF%E0%A4%A4-%E0%A4%AD%E0%A4%BE%E0%A4%97-8-1708403831,UNVERIFIED,NEEDS_REVIEW,false,MATCH,0,1,true,1
8,maths,16,play-with-numbers,संख्याओं के साथ खेलना,https://scert.bihar.gov.in/eresources/%E0%A4%97%E0%A4%A3%E0%A4%BF%E0%A4%A4-%E0%A4%AD%E0%A4%BE%E0%A4%97-8-1708403831,UNVERIFIED,NEEDS_REVIEW,false,ORDER,0,1,true,1
8,maths,16,play-with-numbers,संख्याओं के साथ खेलना,https://scert.bihar.gov.in/eresources/%E0%A4%97%E0%A4%A3%E0%A4%BF%E0%A4%A4-%E0%A4%AD%E0%A4%BE%E0%A4%97-8-1708403831,UNVERIFIED,NEEDS_REVIEW,false,ASSERTION_REASON,0,1,false,0
8,maths,16,play-with-numbers,संख्याओं के साथ खेलना,https://scert.bihar.gov.in/eresources/%E0%A4%97%E0%A4%A3%E0%A4%BF%E0%A4%A4-%E0%A4%AD%E0%A4%BE%E0%A4%97-8-1708403831,UNVERIFIED,NEEDS_REVIEW,false,CASE_BASED,0,1,true,1
8,maths,16,play-with-numbers,संख्याओं के साथ खेलना,https://scert.bihar.gov.in/eresources/%E0%A4%97%E0%A4%A3%E0%A4%BF%E0%A4%A4-%E0%A4%AD%E0%A4%BE%E0%A4%97-8-1708403831,UNVERIFIED,NEEDS_REVIEW,false,SHORT_ANSWER,0,1,true,1
8,maths,16,play-with-numbers,संख्याओं के साथ खेलना,https://scert.bihar.gov.in/eresources/%E0%A4%97%E0%A4%A3%E0%A4%BF%E0%A4%A4-%E0%A4%AD%E0%A4%BE%E0%A4%97-8-1708403831,UNVERIFIED,NEEDS_REVIEW,false,LONG_ANSWER,0,1,true,1
8,maths,16,play-with-numbers,संख्याओं के साथ खेलना,https://scert.bihar.gov.in/eresources/%E0%A4%97%E0%A4%A3%E0%A4%BF%E0%A4%A4-%E0%A4%AD%E0%A4%BE%E0%A4%97-8-1708403831,UNVERIFIED,NEEDS_REVIEW,false,NUMERICAL,0,1,true,1
8,maths,16,play-with-numbers,संख्याओं के साथ खेलना,https://scert.bihar.gov.in/eresources/%E0%A4%97%E0%A4%A3%E0%A4%BF%E0%A4%A4-%E0%A4%AD%E0%A4%BE%E0%A4%97-8-1708403831,UNVERIFIED,NEEDS_REVIEW,false,DIAGRAM,0,1,false,0
8,maths,16,play-with-numbers,संख्याओं के साथ खेलना,https://scert.bihar.gov.in/eresources/%E0%A4%97%E0%A4%A3%E0%A4%BF%E0%A4%A4-%E0%A4%AD%E0%A4%BE%E0%A4%97-8-1708403831,UNVERIFIED,NEEDS_REVIEW,false,MAP,0,1,false,0
8,maths,16,play-with-numbers,संख्याओं के साथ खेलना,https://scert.bihar.gov.in/eresources/%E0%A4%97%E0%A4%A3%E0%A4%BF%E0%A4%A4-%E0%A4%AD%E0%A4%BE%E0%A4%97-8-1708403831,UNVERIFIED,NEEDS_REVIEW,false,SOURCE_BASED,0,1,false,0
6,science,1,food-sources,भोजन कहाँ से आता है?,https://scert.bihar.gov.in/eresources/%E0%A4%B5%E0%A4%BF%E0%A4%9C%E0%A5%8D%E0%A4%9E%E0%A4%BE%E0%A4%A8-%E0%A4%AD%E0%A4%BE%E0%A4%97-1-1707973674,UNVERIFIED,NEEDS_REVIEW,false,MCQ,0,1,true,1
6,science,1,food-sources,भोजन कहाँ से आता है?,https://scert.bihar.gov.in/eresources/%E0%A4%B5%E0%A4%BF%E0%A4%9C%E0%A5%8D%E0%A4%9E%E0%A4%BE%E0%A4%A8-%E0%A4%AD%E0%A4%BE%E0%A4%97-1-1707973674,UNVERIFIED,NEEDS_REVIEW,false,TRUE_FALSE,0,1,true,1
6,science,1,food-sources,भोजन कहाँ से आता है?,https://scert.bihar.gov.in/eresources/%E0%A4%B5%E0%A4%BF%E0%A4%9C%E0%A5%8D%E0%A4%9E%E0%A4%BE%E0%A4%A8-%E0%A4%AD%E0%A4%BE%E0%A4%97-1-1707973674,UNVERIFIED,NEEDS_REVIEW,false,INPUT,0,1,true,1
6,science,1,food-sources,भोजन कहाँ से आता है?,https://scert.bihar.gov.in/eresources/%E0%A4%B5%E0%A4%BF%E0%A4%9C%E0%A5%8D%E0%A4%9E%E0%A4%BE%E0%A4%A8-%E0%A4%AD%E0%A4%BE%E0%A4%97-1-1707973674,UNVERIFIED,NEEDS_REVIEW,false,MATCH,0,1,true,1
6,science,1,food-sources,भोजन कहाँ से आता है?,https://scert.bihar.gov.in/eresources/%E0%A4%B5%E0%A4%BF%E0%A4%9C%E0%A5%8D%E0%A4%9E%E0%A4%BE%E0%A4%A8-%E0%A4%AD%E0%A4%BE%E0%A4%97-1-1707973674,UNVERIFIED,NEEDS_REVIEW,false,ORDER,0,1,true,1
6,science,1,food-sources,भोजन कहाँ से आता है?,https://scert.bihar.gov.in/eresources/%E0%A4%B5%E0%A4%BF%E0%A4%9C%E0%A5%8D%E0%A4%9E%E0%A4%BE%E0%A4%A8-%E0%A4%AD%E0%A4%BE%E0%A4%97-1-1707973674,UNVERIFIED,NEEDS_REVIEW,false,ASSERTION_REASON,0,1,true,1
6,science,1,food-sources,भोजन कहाँ से आता है?,https://scert.bihar.gov.in/eresources/%E0%A4%B5%E0%A4%BF%E0%A4%9C%E0%A5%8D%E0%A4%9E%E0%A4%BE%E0%A4%A8-%E0%A4%AD%E0%A4%BE%E0%A4%97-1-1707973674,UNVERIFIED,NEEDS_REVIEW,false,CASE_BASED,0,1,true,1
6,science,1,food-sources,भोजन कहाँ से आता है?,https://scert.bihar.gov.in/eresources/%E0%A4%B5%E0%A4%BF%E0%A4%9C%E0%A5%8D%E0%A4%9E%E0%A4%BE%E0%A4%A8-%E0%A4%AD%E0%A4%BE%E0%A4%97-1-1707973674,UNVERIFIED,NEEDS_REVIEW,false,SHORT_ANSWER,0,1,true,1
6,science,1,food-sources,भोजन कहाँ से आता है?,https://scert.bihar.gov.in/eresources/%E0%A4%B5%E0%A4%BF%E0%A4%9C%E0%A5%8D%E0%A4%9E%E0%A4%BE%E0%A4%A8-%E0%A4%AD%E0%A4%BE%E0%A4%97-1-1707973674,UNVERIFIED,NEEDS_REVIEW,false,LONG_ANSWER,0,1,true,1
6,science,1,food-sources,भोजन कहाँ से आता है?,https://scert.bihar.gov.in/eresources/%E0%A4%B5%E0%A4%BF%E0%A4%9C%E0%A5%8D%E0%A4%9E%E0%A4%BE%E0%A4%A8-%E0%A4%AD%E0%A4%BE%E0%A4%97-1-1707973674,UNVERIFIED,NEEDS_REVIEW,false,NUMERICAL,0,1,false,0
6,science,1,food-sources,भोजन कहाँ से आता है?,https://scert.bihar.gov.in/eresources/%E0%A4%B5%E0%A4%BF%E0%A4%9C%E0%A5%8D%E0%A4%9E%E0%A4%BE%E0%A4%A8-%E0%A4%AD%E0%A4%BE%E0%A4%97-1-1707973674,UNVERIFIED,NEEDS_REVIEW,false,DIAGRAM,0,1,true,1
6,science,1,food-sources,भोजन कहाँ से आता है?,https://scert.bihar.gov.in/eresources/%E0%A4%B5%E0%A4%BF%E0%A4%9C%E0%A5%8D%E0%A4%9E%E0%A4%BE%E0%A4%A8-%E0%A4%AD%E0%A4%BE%E0%A4%97-1-1707973674,UNVERIFIED,NEEDS_REVIEW,false,MAP,0,1,false,0
6,science,1,food-sources,भोजन कहाँ से आता है?,https://scert.bihar.gov.in/eresources/%E0%A4%B5%E0%A4%BF%E0%A4%9C%E0%A5%8D%E0%A4%9E%E0%A4%BE%E0%A4%A8-%E0%A4%AD%E0%A4%BE%E0%A4%97-1-1707973674,UNVERIFIED,NEEDS_REVIEW,false,SOURCE_BASED,0,1,false,0
6,science,2,components-food,भोजन से क्या-क्या आता है?,https://scert.bihar.gov.in/eresources/%E0%A4%B5%E0%A4%BF%E0%A4%9C%E0%A5%8D%E0%A4%9E%E0%A4%BE%E0%A4%A8-%E0%A4%AD%E0%A4%BE%E0%A4%97-1-1707973674,UNVERIFIED,NEEDS_REVIEW,false,MCQ,0,1,true,1
6,science,2,components-food,भोजन से क्या-क्या आता है?,https://scert.bihar.gov.in/eresources/%E0%A4%B5%E0%A4%BF%E0%A4%9C%E0%A5%8D%E0%A4%9E%E0%A4%BE%E0%A4%A8-%E0%A4%AD%E0%A4%BE%E0%A4%97-1-1707973674,UNVERIFIED,NEEDS_REVIEW,false,TRUE_FALSE,0,1,true,1
6,science,2,components-food,भोजन से क्या-क्या आता है?,https://scert.bihar.gov.in/eresources/%E0%A4%B5%E0%A4%BF%E0%A4%9C%E0%A5%8D%E0%A4%9E%E0%A4%BE%E0%A4%A8-%E0%A4%AD%E0%A4%BE%E0%A4%97-1-1707973674,UNVERIFIED,NEEDS_REVIEW,false,INPUT,0,1,true,1
6,science,2,components-food,भोजन से क्या-क्या आता है?,https://scert.bihar.gov.in/eresources/%E0%A4%B5%E0%A4%BF%E0%A4%9C%E0%A5%8D%E0%A4%9E%E0%A4%BE%E0%A4%A8-%E0%A4%AD%E0%A4%BE%E0%A4%97-1-1707973674,UNVERIFIED,NEEDS_REVIEW,false,MATCH,0,1,true,1
6,science,2,components-food,भोजन से क्या-क्या आता है?,https://scert.bihar.gov.in/eresources/%E0%A4%B5%E0%A4%BF%E0%A4%9C%E0%A5%8D%E0%A4%9E%E0%A4%BE%E0%A4%A8-%E0%A4%AD%E0%A4%BE%E0%A4%97-1-1707973674,UNVERIFIED,NEEDS_REVIEW,false,ORDER,0,1,true,1
6,science,2,components-food,भोजन से क्या-क्या आता है?,https://scert.bihar.gov.in/eresources/%E0%A4%B5%E0%A4%BF%E0%A4%9C%E0%A5%8D%E0%A4%9E%E0%A4%BE%E0%A4%A8-%E0%A4%AD%E0%A4%BE%E0%A4%97-1-1707973674,UNVERIFIED,NEEDS_REVIEW,false,ASSERTION_REASON,0,1,true,1
6,science,2,components-food,भोजन से क्या-क्या आता है?,https://scert.bihar.gov.in/eresources/%E0%A4%B5%E0%A4%BF%E0%A4%9C%E0%A5%8D%E0%A4%9E%E0%A4%BE%E0%A4%A8-%E0%A4%AD%E0%A4%BE%E0%A4%97-1-1707973674,UNVERIFIED,NEEDS_REVIEW,false,CASE_BASED,0,1,true,1
6,science,2,components-food,भोजन से क्या-क्या आता है?,https://scert.bihar.gov.in/eresources/%E0%A4%B5%E0%A4%BF%E0%A4%9C%E0%A5%8D%E0%A4%9E%E0%A4%BE%E0%A4%A8-%E0%A4%AD%E0%A4%BE%E0%A4%97-1-1707973674,UNVERIFIED,NEEDS_REVIEW,false,SHORT_ANSWER,0,1,true,1
6,science,2,components-food,भोजन से क्या-क्या आता है?,https://scert.bihar.gov.in/eresources/%E0%A4%B5%E0%A4%BF%E0%A4%9C%E0%A5%8D%E0%A4%9E%E0%A4%BE%E0%A4%A8-%E0%A4%AD%E0%A4%BE%E0%A4%97-1-1707973674,UNVERIFIED,NEEDS_REVIEW,false,LONG_ANSWER,0,1,true,1
6,science,2,components-food,भोजन से क्या-क्या आता है?,https://scert.bihar.gov.in/eresources/%E0%A4%B5%E0%A4%BF%E0%A4%9C%E0%A5%8D%E0%A4%9E%E0%A4%BE%E0%A4%A8-%E0%A4%AD%E0%A4%BE%E0%A4%97-1-1707973674,UNVERIFIED,NEEDS_REVIEW,false,NUMERICAL,0,1,false,0
6,science,2,components-food,भोजन से क्या-क्या आता है?,https://scert.bihar.gov.in/eresources/%E0%A4%B5%E0%A4%BF%E0%A4%9C%E0%A5%8D%E0%A4%9E%E0%A4%BE%E0%A4%A8-%E0%A4%AD%E0%A4%BE%E0%A4%97-1-1707973674,UNVERIFIED,NEEDS_REVIEW,false,DIAGRAM,0,1,true,1
6,science,2,components-food,भोजन से क्या-क्या आता है?,https://scert.bihar.gov.in/eresources/%E0%A4%B5%E0%A4%BF%E0%A4%9C%E0%A5%8D%E0%A4%9E%E0%A4%BE%E0%A4%A8-%E0%A4%AD%E0%A4%BE%E0%A4%97-1-1707973674,UNVERIFIED,NEEDS_REVIEW,false,MAP,0,1,false,0
6,science,2,components-food,भोजन से क्या-क्या आता है?,https://scert.bihar.gov.in/eresources/%E0%A4%B5%E0%A4%BF%E0%A4%9C%E0%A5%8D%E0%A4%9E%E0%A4%BE%E0%A4%A8-%E0%A4%AD%E0%A4%BE%E0%A4%97-1-1707973674,UNVERIFIED,NEEDS_REVIEW,false,SOURCE_BASED,0,1,false,0
6,science,3,fibre-fabric,तंतु से वस्त्र तक,https://scert.bihar.gov.in/eresources/%E0%A4%B5%E0%A4%BF%E0%A4%9C%E0%A5%8D%E0%A4%9E%E0%A4%BE%E0%A4%A8-%E0%A4%AD%E0%A4%BE%E0%A4%97-1-1707973674,UNVERIFIED,NEEDS_REVIEW,false,MCQ,0,1,true,1
6,science,3,fibre-fabric,तंतु से वस्त्र तक,https://scert.bihar.gov.in/eresources/%E0%A4%B5%E0%A4%BF%E0%A4%9C%E0%A5%8D%E0%A4%9E%E0%A4%BE%E0%A4%A8-%E0%A4%AD%E0%A4%BE%E0%A4%97-1-1707973674,UNVERIFIED,NEEDS_REVIEW,false,TRUE_FALSE,0,1,true,1
6,science,3,fibre-fabric,तंतु से वस्त्र तक,https://scert.bihar.gov.in/eresources/%E0%A4%B5%E0%A4%BF%E0%A4%9C%E0%A5%8D%E0%A4%9E%E0%A4%BE%E0%A4%A8-%E0%A4%AD%E0%A4%BE%E0%A4%97-1-1707973674,UNVERIFIED,NEEDS_REVIEW,false,INPUT,0,1,true,1
6,science,3,fibre-fabric,तंतु से वस्त्र तक,https://scert.bihar.gov.in/eresources/%E0%A4%B5%E0%A4%BF%E0%A4%9C%E0%A5%8D%E0%A4%9E%E0%A4%BE%E0%A4%A8-%E0%A4%AD%E0%A4%BE%E0%A4%97-1-1707973674,UNVERIFIED,NEEDS_REVIEW,false,MATCH,0,1,true,1
6,science,3,fibre-fabric,तंतु से वस्त्र तक,https://scert.bihar.gov.in/eresources/%E0%A4%B5%E0%A4%BF%E0%A4%9C%E0%A5%8D%E0%A4%9E%E0%A4%BE%E0%A4%A8-%E0%A4%AD%E0%A4%BE%E0%A4%97-1-1707973674,UNVERIFIED,NEEDS_REVIEW,false,ORDER,0,1,true,1
6,science,3,fibre-fabric,तंतु से वस्त्र तक,https://scert.bihar.gov.in/eresources/%E0%A4%B5%E0%A4%BF%E0%A4%9C%E0%A5%8D%E0%A4%9E%E0%A4%BE%E0%A4%A8-%E0%A4%AD%E0%A4%BE%E0%A4%97-1-1707973674,UNVERIFIED,NEEDS_REVIEW,false,ASSERTION_REASON,0,1,true,1
6,science,3,fibre-fabric,तंतु से वस्त्र तक,https://scert.bihar.gov.in/eresources/%E0%A4%B5%E0%A4%BF%E0%A4%9C%E0%A5%8D%E0%A4%9E%E0%A4%BE%E0%A4%A8-%E0%A4%AD%E0%A4%BE%E0%A4%97-1-1707973674,UNVERIFIED,NEEDS_REVIEW,false,CASE_BASED,0,1,true,1
6,science,3,fibre-fabric,तंतु से वस्त्र तक,https://scert.bihar.gov.in/eresources/%E0%A4%B5%E0%A4%BF%E0%A4%9C%E0%A5%8D%E0%A4%9E%E0%A4%BE%E0%A4%A8-%E0%A4%AD%E0%A4%BE%E0%A4%97-1-1707973674,UNVERIFIED,NEEDS_REVIEW,false,SHORT_ANSWER,0,1,true,1
6,science,3,fibre-fabric,तंतु से वस्त्र तक,https://scert.bihar.gov.in/eresources/%E0%A4%B5%E0%A4%BF%E0%A4%9C%E0%A5%8D%E0%A4%9E%E0%A4%BE%E0%A4%A8-%E0%A4%AD%E0%A4%BE%E0%A4%97-1-1707973674,UNVERIFIED,NEEDS_REVIEW,false,LONG_ANSWER,0,1,true,1
6,science,3,fibre-fabric,तंतु से वस्त्र तक,https://scert.bihar.gov.in/eresources/%E0%A4%B5%E0%A4%BF%E0%A4%9C%E0%A5%8D%E0%A4%9E%E0%A4%BE%E0%A4%A8-%E0%A4%AD%E0%A4%BE%E0%A4%97-1-1707973674,UNVERIFIED,NEEDS_REVIEW,false,NUMERICAL,0,1,false,0
6,science,3,fibre-fabric,तंतु से वस्त्र तक,https://scert.bihar.gov.in/eresources/%E0%A4%B5%E0%A4%BF%E0%A4%9C%E0%A5%8D%E0%A4%9E%E0%A4%BE%E0%A4%A8-%E0%A4%AD%E0%A4%BE%E0%A4%97-1-1707973674,UNVERIFIED,NEEDS_REVIEW,false,DIAGRAM,0,1,true,1
6,science,3,fibre-fabric,तंतु से वस्त्र तक,https://scert.bihar.gov.in/eresources/%E0%A4%B5%E0%A4%BF%E0%A4%9C%E0%A5%8D%E0%A4%9E%E0%A4%BE%E0%A4%A8-%E0%A4%AD%E0%A4%BE%E0%A4%97-1-1707973674,UNVERIFIED,NEEDS_REVIEW,false,MAP,0,1,false,0
6,science,3,fibre-fabric,तंतु से वस्त्र तक,https://scert.bihar.gov.in/eresources/%E0%A4%B5%E0%A4%BF%E0%A4%9C%E0%A5%8D%E0%A4%9E%E0%A4%BE%E0%A4%A8-%E0%A4%AD%E0%A4%BE%E0%A4%97-1-1707973674,UNVERIFIED,NEEDS_REVIEW,false,SOURCE_BASED,0,1,false,0
6,science,4,sorting-materials,विभिन्न प्रकार के पदार्थ,https://scert.bihar.gov.in/eresources/%E0%A4%B5%E0%A4%BF%E0%A4%9C%E0%A5%8D%E0%A4%9E%E0%A4%BE%E0%A4%A8-%E0%A4%AD%E0%A4%BE%E0%A4%97-1-1707973674,UNVERIFIED,NEEDS_REVIEW,false,MCQ,0,1,true,1
6,science,4,sorting-materials,विभिन्न प्रकार के पदार्थ,https://scert.bihar.gov.in/eresources/%E0%A4%B5%E0%A4%BF%E0%A4%9C%E0%A5%8D%E0%A4%9E%E0%A4%BE%E0%A4%A8-%E0%A4%AD%E0%A4%BE%E0%A4%97-1-1707973674,UNVERIFIED,NEEDS_REVIEW,false,TRUE_FALSE,0,1,true,1
6,science,4,sorting-materials,विभिन्न प्रकार के पदार्थ,https://scert.bihar.gov.in/eresources/%E0%A4%B5%E0%A4%BF%E0%A4%9C%E0%A5%8D%E0%A4%9E%E0%A4%BE%E0%A4%A8-%E0%A4%AD%E0%A4%BE%E0%A4%97-1-1707973674,UNVERIFIED,NEEDS_REVIEW,false,INPUT,0,1,true,1
6,science,4,sorting-materials,विभिन्न प्रकार के पदार्थ,https://scert.bihar.gov.in/eresources/%E0%A4%B5%E0%A4%BF%E0%A4%9C%E0%A5%8D%E0%A4%9E%E0%A4%BE%E0%A4%A8-%E0%A4%AD%E0%A4%BE%E0%A4%97-1-1707973674,UNVERIFIED,NEEDS_REVIEW,false,MATCH,0,1,true,1
6,science,4,sorting-materials,विभिन्न प्रकार के पदार्थ,https://scert.bihar.gov.in/eresources/%E0%A4%B5%E0%A4%BF%E0%A4%9C%E0%A5%8D%E0%A4%9E%E0%A4%BE%E0%A4%A8-%E0%A4%AD%E0%A4%BE%E0%A4%97-1-1707973674,UNVERIFIED,NEEDS_REVIEW,false,ORDER,0,1,true,1
6,science,4,sorting-materials,विभिन्न प्रकार के पदार्थ,https://scert.bihar.gov.in/eresources/%E0%A4%B5%E0%A4%BF%E0%A4%9C%E0%A5%8D%E0%A4%9E%E0%A4%BE%E0%A4%A8-%E0%A4%AD%E0%A4%BE%E0%A4%97-1-1707973674,UNVERIFIED,NEEDS_REVIEW,false,ASSERTION_REASON,0,1,true,1
6,science,4,sorting-materials,विभिन्न प्रकार के पदार्थ,https://scert.bihar.gov.in/eresources/%E0%A4%B5%E0%A4%BF%E0%A4%9C%E0%A5%8D%E0%A4%9E%E0%A4%BE%E0%A4%A8-%E0%A4%AD%E0%A4%BE%E0%A4%97-1-1707973674,UNVERIFIED,NEEDS_REVIEW,false,CASE_BASED,0,1,true,1
6,science,4,sorting-materials,विभिन्न प्रकार के पदार्थ,https://scert.bihar.gov.in/eresources/%E0%A4%B5%E0%A4%BF%E0%A4%9C%E0%A5%8D%E0%A4%9E%E0%A4%BE%E0%A4%A8-%E0%A4%AD%E0%A4%BE%E0%A4%97-1-1707973674,UNVERIFIED,NEEDS_REVIEW,false,SHORT_ANSWER,0,1,true,1
6,science,4,sorting-materials,विभिन्न प्रकार के पदार्थ,https://scert.bihar.gov.in/eresources/%E0%A4%B5%E0%A4%BF%E0%A4%9C%E0%A5%8D%E0%A4%9E%E0%A4%BE%E0%A4%A8-%E0%A4%AD%E0%A4%BE%E0%A4%97-1-1707973674,UNVERIFIED,NEEDS_REVIEW,false,LONG_ANSWER,0,1,true,1
6,science,4,sorting-materials,विभिन्न प्रकार के पदार्थ,https://scert.bihar.gov.in/eresources/%E0%A4%B5%E0%A4%BF%E0%A4%9C%E0%A5%8D%E0%A4%9E%E0%A4%BE%E0%A4%A8-%E0%A4%AD%E0%A4%BE%E0%A4%97-1-1707973674,UNVERIFIED,NEEDS_REVIEW,false,NUMERICAL,0,1,false,0
6,science,4,sorting-materials,विभिन्न प्रकार के पदार्थ,https://scert.bihar.gov.in/eresources/%E0%A4%B5%E0%A4%BF%E0%A4%9C%E0%A5%8D%E0%A4%9E%E0%A4%BE%E0%A4%A8-%E0%A4%AD%E0%A4%BE%E0%A4%97-1-1707973674,UNVERIFIED,NEEDS_REVIEW,false,DIAGRAM,0,1,true,1
6,science,4,sorting-materials,विभिन्न प्रकार के पदार्थ,https://scert.bihar.gov.in/eresources/%E0%A4%B5%E0%A4%BF%E0%A4%9C%E0%A5%8D%E0%A4%9E%E0%A4%BE%E0%A4%A8-%E0%A4%AD%E0%A4%BE%E0%A4%97-1-1707973674,UNVERIFIED,NEEDS_REVIEW,false,MAP,0,1,false,0
6,science,4,sorting-materials,विभिन्न प्रकार के पदार्थ,https://scert.bihar.gov.in/eresources/%E0%A4%B5%E0%A4%BF%E0%A4%9C%E0%A5%8D%E0%A4%9E%E0%A4%BE%E0%A4%A8-%E0%A4%AD%E0%A4%BE%E0%A4%97-1-1707973674,UNVERIFIED,NEEDS_REVIEW,false,SOURCE_BASED,0,1,false,0
6,science,5,separation-substances,पृथक्करण,https://scert.bihar.gov.in/eresources/%E0%A4%B5%E0%A4%BF%E0%A4%9C%E0%A5%8D%E0%A4%9E%E0%A4%BE%E0%A4%A8-%E0%A4%AD%E0%A4%BE%E0%A4%97-1-1707973674,UNVERIFIED,NEEDS_REVIEW,false,MCQ,0,1,true,1
6,science,5,separation-substances,पृथक्करण,https://scert.bihar.gov.in/eresources/%E0%A4%B5%E0%A4%BF%E0%A4%9C%E0%A5%8D%E0%A4%9E%E0%A4%BE%E0%A4%A8-%E0%A4%AD%E0%A4%BE%E0%A4%97-1-1707973674,UNVERIFIED,NEEDS_REVIEW,false,TRUE_FALSE,0,1,true,1
6,science,5,separation-substances,पृथक्करण,https://scert.bihar.gov.in/eresources/%E0%A4%B5%E0%A4%BF%E0%A4%9C%E0%A5%8D%E0%A4%9E%E0%A4%BE%E0%A4%A8-%E0%A4%AD%E0%A4%BE%E0%A4%97-1-1707973674,UNVERIFIED,NEEDS_REVIEW,false,INPUT,0,1,true,1
6,science,5,separation-substances,पृथक्करण,https://scert.bihar.gov.in/eresources/%E0%A4%B5%E0%A4%BF%E0%A4%9C%E0%A5%8D%E0%A4%9E%E0%A4%BE%E0%A4%A8-%E0%A4%AD%E0%A4%BE%E0%A4%97-1-1707973674,UNVERIFIED,NEEDS_REVIEW,false,MATCH,0,1,true,1
6,science,5,separation-substances,पृथक्करण,https://scert.bihar.gov.in/eresources/%E0%A4%B5%E0%A4%BF%E0%A4%9C%E0%A5%8D%E0%A4%9E%E0%A4%BE%E0%A4%A8-%E0%A4%AD%E0%A4%BE%E0%A4%97-1-1707973674,UNVERIFIED,NEEDS_REVIEW,false,ORDER,0,1,true,1
6,science,5,separation-substances,पृथक्करण,https://scert.bihar.gov.in/eresources/%E0%A4%B5%E0%A4%BF%E0%A4%9C%E0%A5%8D%E0%A4%9E%E0%A4%BE%E0%A4%A8-%E0%A4%AD%E0%A4%BE%E0%A4%97-1-1707973674,UNVERIFIED,NEEDS_REVIEW,false,ASSERTION_REASON,0,1,true,1
6,science,5,separation-substances,पृथक्करण,https://scert.bihar.gov.in/eresources/%E0%A4%B5%E0%A4%BF%E0%A4%9C%E0%A5%8D%E0%A4%9E%E0%A4%BE%E0%A4%A8-%E0%A4%AD%E0%A4%BE%E0%A4%97-1-1707973674,UNVERIFIED,NEEDS_REVIEW,false,CASE_BASED,0,1,true,1
6,science,5,separation-substances,पृथक्करण,https://scert.bihar.gov.in/eresources/%E0%A4%B5%E0%A4%BF%E0%A4%9C%E0%A5%8D%E0%A4%9E%E0%A4%BE%E0%A4%A8-%E0%A4%AD%E0%A4%BE%E0%A4%97-1-1707973674,UNVERIFIED,NEEDS_REVIEW,false,SHORT_ANSWER,0,1,true,1
6,science,5,separation-substances,पृथक्करण,https://scert.bihar.gov.in/eresources/%E0%A4%B5%E0%A4%BF%E0%A4%9C%E0%A5%8D%E0%A4%9E%E0%A4%BE%E0%A4%A8-%E0%A4%AD%E0%A4%BE%E0%A4%97-1-1707973674,UNVERIFIED,NEEDS_REVIEW,false,LONG_ANSWER,0,1,true,1
6,science,5,separation-substances,पृथक्करण,https://scert.bihar.gov.in/eresources/%E0%A4%B5%E0%A4%BF%E0%A4%9C%E0%A5%8D%E0%A4%9E%E0%A4%BE%E0%A4%A8-%E0%A4%AD%E0%A4%BE%E0%A4%97-1-1707973674,UNVERIFIED,NEEDS_REVIEW,false,NUMERICAL,0,1,false,0
6,science,5,separation-substances,पृथक्करण,https://scert.bihar.gov.in/eresources/%E0%A4%B5%E0%A4%BF%E0%A4%9C%E0%A5%8D%E0%A4%9E%E0%A4%BE%E0%A4%A8-%E0%A4%AD%E0%A4%BE%E0%A4%97-1-1707973674,UNVERIFIED,NEEDS_REVIEW,false,DIAGRAM,0,1,true,1
6,science,5,separation-substances,पृथक्करण,https://scert.bihar.gov.in/eresources/%E0%A4%B5%E0%A4%BF%E0%A4%9C%E0%A5%8D%E0%A4%9E%E0%A4%BE%E0%A4%A8-%E0%A4%AD%E0%A4%BE%E0%A4%97-1-1707973674,UNVERIFIED,NEEDS_REVIEW,false,MAP,0,1,false,0
6,science,5,separation-substances,पृथक्करण,https://scert.bihar.gov.in/eresources/%E0%A4%B5%E0%A4%BF%E0%A4%9C%E0%A5%8D%E0%A4%9E%E0%A4%BE%E0%A4%A8-%E0%A4%AD%E0%A4%BE%E0%A4%97-1-1707973674,UNVERIFIED,NEEDS_REVIEW,false,SOURCE_BASED,0,1,false,0
6,science,6,changes-around-us,पदार्थ में परिवर्तन,https://scert.bihar.gov.in/eresources/%E0%A4%B5%E0%A4%BF%E0%A4%9C%E0%A5%8D%E0%A4%9E%E0%A4%BE%E0%A4%A8-%E0%A4%AD%E0%A4%BE%E0%A4%97-1-1707973674,UNVERIFIED,NEEDS_REVIEW,false,MCQ,0,1,true,1
6,science,6,changes-around-us,पदार्थ में परिवर्तन,https://scert.bihar.gov.in/eresources/%E0%A4%B5%E0%A4%BF%E0%A4%9C%E0%A5%8D%E0%A4%9E%E0%A4%BE%E0%A4%A8-%E0%A4%AD%E0%A4%BE%E0%A4%97-1-1707973674,UNVERIFIED,NEEDS_REVIEW,false,TRUE_FALSE,0,1,true,1
6,science,6,changes-around-us,पदार्थ में परिवर्तन,https://scert.bihar.gov.in/eresources/%E0%A4%B5%E0%A4%BF%E0%A4%9C%E0%A5%8D%E0%A4%9E%E0%A4%BE%E0%A4%A8-%E0%A4%AD%E0%A4%BE%E0%A4%97-1-1707973674,UNVERIFIED,NEEDS_REVIEW,false,INPUT,0,1,true,1
6,science,6,changes-around-us,पदार्थ में परिवर्तन,https://scert.bihar.gov.in/eresources/%E0%A4%B5%E0%A4%BF%E0%A4%9C%E0%A5%8D%E0%A4%9E%E0%A4%BE%E0%A4%A8-%E0%A4%AD%E0%A4%BE%E0%A4%97-1-1707973674,UNVERIFIED,NEEDS_REVIEW,false,MATCH,0,1,true,1
6,science,6,changes-around-us,पदार्थ में परिवर्तन,https://scert.bihar.gov.in/eresources/%E0%A4%B5%E0%A4%BF%E0%A4%9C%E0%A5%8D%E0%A4%9E%E0%A4%BE%E0%A4%A8-%E0%A4%AD%E0%A4%BE%E0%A4%97-1-1707973674,UNVERIFIED,NEEDS_REVIEW,false,ORDER,0,1,true,1
6,science,6,changes-around-us,पदार्थ में परिवर्तन,https://scert.bihar.gov.in/eresources/%E0%A4%B5%E0%A4%BF%E0%A4%9C%E0%A5%8D%E0%A4%9E%E0%A4%BE%E0%A4%A8-%E0%A4%AD%E0%A4%BE%E0%A4%97-1-1707973674,UNVERIFIED,NEEDS_REVIEW,false,ASSERTION_REASON,0,1,true,1
6,science,6,changes-around-us,पदार्थ में परिवर्तन,https://scert.bihar.gov.in/eresources/%E0%A4%B5%E0%A4%BF%E0%A4%9C%E0%A5%8D%E0%A4%9E%E0%A4%BE%E0%A4%A8-%E0%A4%AD%E0%A4%BE%E0%A4%97-1-1707973674,UNVERIFIED,NEEDS_REVIEW,false,CASE_BASED,0,1,true,1
6,science,6,changes-around-us,पदार्थ में परिवर्तन,https://scert.bihar.gov.in/eresources/%E0%A4%B5%E0%A4%BF%E0%A4%9C%E0%A5%8D%E0%A4%9E%E0%A4%BE%E0%A4%A8-%E0%A4%AD%E0%A4%BE%E0%A4%97-1-1707973674,UNVERIFIED,NEEDS_REVIEW,false,SHORT_ANSWER,0,1,true,1
6,science,6,changes-around-us,पदार्थ में परिवर्तन,https://scert.bihar.gov.in/eresources/%E0%A4%B5%E0%A4%BF%E0%A4%9C%E0%A5%8D%E0%A4%9E%E0%A4%BE%E0%A4%A8-%E0%A4%AD%E0%A4%BE%E0%A4%97-1-1707973674,UNVERIFIED,NEEDS_REVIEW,false,LONG_ANSWER,0,1,true,1
6,science,6,changes-around-us,पदार्थ में परिवर्तन,https://scert.bihar.gov.in/eresources/%E0%A4%B5%E0%A4%BF%E0%A4%9C%E0%A5%8D%E0%A4%9E%E0%A4%BE%E0%A4%A8-%E0%A4%AD%E0%A4%BE%E0%A4%97-1-1707973674,UNVERIFIED,NEEDS_REVIEW,false,NUMERICAL,0,1,false,0
6,science,6,changes-around-us,पदार्थ में परिवर्तन,https://scert.bihar.gov.in/eresources/%E0%A4%B5%E0%A4%BF%E0%A4%9C%E0%A5%8D%E0%A4%9E%E0%A4%BE%E0%A4%A8-%E0%A4%AD%E0%A4%BE%E0%A4%97-1-1707973674,UNVERIFIED,NEEDS_REVIEW,false,DIAGRAM,0,1,true,1
6,science,6,changes-around-us,पदार्थ में परिवर्तन,https://scert.bihar.gov.in/eresources/%E0%A4%B5%E0%A4%BF%E0%A4%9C%E0%A5%8D%E0%A4%9E%E0%A4%BE%E0%A4%A8-%E0%A4%AD%E0%A4%BE%E0%A4%97-1-1707973674,UNVERIFIED,NEEDS_REVIEW,false,MAP,0,1,false,0
6,science,6,changes-around-us,पदार्थ में परिवर्तन,https://scert.bihar.gov.in/eresources/%E0%A4%B5%E0%A4%BF%E0%A4%9C%E0%A5%8D%E0%A4%9E%E0%A4%BE%E0%A4%A8-%E0%A4%AD%E0%A4%BE%E0%A4%97-1-1707973674,UNVERIFIED,NEEDS_REVIEW,false,SOURCE_BASED,0,1,false,0
6,science,7,plants,पेड़-पौधे की दुनिया,https://scert.bihar.gov.in/eresources/%E0%A4%B5%E0%A4%BF%E0%A4%9C%E0%A5%8D%E0%A4%9E%E0%A4%BE%E0%A4%A8-%E0%A4%AD%E0%A4%BE%E0%A4%97-1-1707973674,UNVERIFIED,NEEDS_REVIEW,false,MCQ,0,1,true,1
6,science,7,plants,पेड़-पौधे की दुनिया,https://scert.bihar.gov.in/eresources/%E0%A4%B5%E0%A4%BF%E0%A4%9C%E0%A5%8D%E0%A4%9E%E0%A4%BE%E0%A4%A8-%E0%A4%AD%E0%A4%BE%E0%A4%97-1-1707973674,UNVERIFIED,NEEDS_REVIEW,false,TRUE_FALSE,0,1,true,1
6,science,7,plants,पेड़-पौधे की दुनिया,https://scert.bihar.gov.in/eresources/%E0%A4%B5%E0%A4%BF%E0%A4%9C%E0%A5%8D%E0%A4%9E%E0%A4%BE%E0%A4%A8-%E0%A4%AD%E0%A4%BE%E0%A4%97-1-1707973674,UNVERIFIED,NEEDS_REVIEW,false,INPUT,0,1,true,1
6,science,7,plants,पेड़-पौधे की दुनिया,https://scert.bihar.gov.in/eresources/%E0%A4%B5%E0%A4%BF%E0%A4%9C%E0%A5%8D%E0%A4%9E%E0%A4%BE%E0%A4%A8-%E0%A4%AD%E0%A4%BE%E0%A4%97-1-1707973674,UNVERIFIED,NEEDS_REVIEW,false,MATCH,0,1,true,1
6,science,7,plants,पेड़-पौधे की दुनिया,https://scert.bihar.gov.in/eresources/%E0%A4%B5%E0%A4%BF%E0%A4%9C%E0%A5%8D%E0%A4%9E%E0%A4%BE%E0%A4%A8-%E0%A4%AD%E0%A4%BE%E0%A4%97-1-1707973674,UNVERIFIED,NEEDS_REVIEW,false,ORDER,0,1,true,1
6,science,7,plants,पेड़-पौधे की दुनिया,https://scert.bihar.gov.in/eresources/%E0%A4%B5%E0%A4%BF%E0%A4%9C%E0%A5%8D%E0%A4%9E%E0%A4%BE%E0%A4%A8-%E0%A4%AD%E0%A4%BE%E0%A4%97-1-1707973674,UNVERIFIED,NEEDS_REVIEW,false,ASSERTION_REASON,0,1,true,1
6,science,7,plants,पेड़-पौधे की दुनिया,https://scert.bihar.gov.in/eresources/%E0%A4%B5%E0%A4%BF%E0%A4%9C%E0%A5%8D%E0%A4%9E%E0%A4%BE%E0%A4%A8-%E0%A4%AD%E0%A4%BE%E0%A4%97-1-1707973674,UNVERIFIED,NEEDS_REVIEW,false,CASE_BASED,0,1,true,1
6,science,7,plants,पेड़-पौधे की दुनिया,https://scert.bihar.gov.in/eresources/%E0%A4%B5%E0%A4%BF%E0%A4%9C%E0%A5%8D%E0%A4%9E%E0%A4%BE%E0%A4%A8-%E0%A4%AD%E0%A4%BE%E0%A4%97-1-1707973674,UNVERIFIED,NEEDS_REVIEW,false,SHORT_ANSWER,0,1,true,1
6,science,7,plants,पेड़-पौधे की दुनिया,https://scert.bihar.gov.in/eresources/%E0%A4%B5%E0%A4%BF%E0%A4%9C%E0%A5%8D%E0%A4%9E%E0%A4%BE%E0%A4%A8-%E0%A4%AD%E0%A4%BE%E0%A4%97-1-1707973674,UNVERIFIED,NEEDS_REVIEW,false,LONG_ANSWER,0,1,true,1
6,science,7,plants,पेड़-पौधे की दुनिया,https://scert.bihar.gov.in/eresources/%E0%A4%B5%E0%A4%BF%E0%A4%9C%E0%A5%8D%E0%A4%9E%E0%A4%BE%E0%A4%A8-%E0%A4%AD%E0%A4%BE%E0%A4%97-1-1707973674,UNVERIFIED,NEEDS_REVIEW,false,NUMERICAL,0,1,false,0
6,science,7,plants,पेड़-पौधे की दुनिया,https://scert.bihar.gov.in/eresources/%E0%A4%B5%E0%A4%BF%E0%A4%9C%E0%A5%8D%E0%A4%9E%E0%A4%BE%E0%A4%A8-%E0%A4%AD%E0%A4%BE%E0%A4%97-1-1707973674,UNVERIFIED,NEEDS_REVIEW,false,DIAGRAM,0,1,true,1
6,science,7,plants,पेड़-पौधे की दुनिया,https://scert.bihar.gov.in/eresources/%E0%A4%B5%E0%A4%BF%E0%A4%9C%E0%A5%8D%E0%A4%9E%E0%A4%BE%E0%A4%A8-%E0%A4%AD%E0%A4%BE%E0%A4%97-1-1707973674,UNVERIFIED,NEEDS_REVIEW,false,MAP,0,1,false,0
6,science,7,plants,पेड़-पौधे की दुनिया,https://scert.bihar.gov.in/eresources/%E0%A4%B5%E0%A4%BF%E0%A4%9C%E0%A5%8D%E0%A4%9E%E0%A4%BE%E0%A4%A8-%E0%A4%AD%E0%A4%BE%E0%A4%97-1-1707973674,UNVERIFIED,NEEDS_REVIEW,false,SOURCE_BASED,0,1,false,0
6,science,8,flowers,फूलों से जान-पहचान,https://scert.bihar.gov.in/eresources/%E0%A4%B5%E0%A4%BF%E0%A4%9C%E0%A5%8D%E0%A4%9E%E0%A4%BE%E0%A4%A8-%E0%A4%AD%E0%A4%BE%E0%A4%97-1-1707973674,UNVERIFIED,NEEDS_REVIEW,false,MCQ,0,1,true,1
6,science,8,flowers,फूलों से जान-पहचान,https://scert.bihar.gov.in/eresources/%E0%A4%B5%E0%A4%BF%E0%A4%9C%E0%A5%8D%E0%A4%9E%E0%A4%BE%E0%A4%A8-%E0%A4%AD%E0%A4%BE%E0%A4%97-1-1707973674,UNVERIFIED,NEEDS_REVIEW,false,TRUE_FALSE,0,1,true,1
6,science,8,flowers,फूलों से जान-पहचान,https://scert.bihar.gov.in/eresources/%E0%A4%B5%E0%A4%BF%E0%A4%9C%E0%A5%8D%E0%A4%9E%E0%A4%BE%E0%A4%A8-%E0%A4%AD%E0%A4%BE%E0%A4%97-1-1707973674,UNVERIFIED,NEEDS_REVIEW,false,INPUT,0,1,true,1
6,science,8,flowers,फूलों से जान-पहचान,https://scert.bihar.gov.in/eresources/%E0%A4%B5%E0%A4%BF%E0%A4%9C%E0%A5%8D%E0%A4%9E%E0%A4%BE%E0%A4%A8-%E0%A4%AD%E0%A4%BE%E0%A4%97-1-1707973674,UNVERIFIED,NEEDS_REVIEW,false,MATCH,0,1,true,1
6,science,8,flowers,फूलों से जान-पहचान,https://scert.bihar.gov.in/eresources/%E0%A4%B5%E0%A4%BF%E0%A4%9C%E0%A5%8D%E0%A4%9E%E0%A4%BE%E0%A4%A8-%E0%A4%AD%E0%A4%BE%E0%A4%97-1-1707973674,UNVERIFIED,NEEDS_REVIEW,false,ORDER,0,1,true,1
6,science,8,flowers,फूलों से जान-पहचान,https://scert.bihar.gov.in/eresources/%E0%A4%B5%E0%A4%BF%E0%A4%9C%E0%A5%8D%E0%A4%9E%E0%A4%BE%E0%A4%A8-%E0%A4%AD%E0%A4%BE%E0%A4%97-1-1707973674,UNVERIFIED,NEEDS_REVIEW,false,ASSERTION_REASON,0,1,true,1
6,science,8,flowers,फूलों से जान-पहचान,https://scert.bihar.gov.in/eresources/%E0%A4%B5%E0%A4%BF%E0%A4%9C%E0%A5%8D%E0%A4%9E%E0%A4%BE%E0%A4%A8-%E0%A4%AD%E0%A4%BE%E0%A4%97-1-1707973674,UNVERIFIED,NEEDS_REVIEW,false,CASE_BASED,0,1,true,1
6,science,8,flowers,फूलों से जान-पहचान,https://scert.bihar.gov.in/eresources/%E0%A4%B5%E0%A4%BF%E0%A4%9C%E0%A5%8D%E0%A4%9E%E0%A4%BE%E0%A4%A8-%E0%A4%AD%E0%A4%BE%E0%A4%97-1-1707973674,UNVERIFIED,NEEDS_REVIEW,false,SHORT_ANSWER,0,1,true,1
6,science,8,flowers,फूलों से जान-पहचान,https://scert.bihar.gov.in/eresources/%E0%A4%B5%E0%A4%BF%E0%A4%9C%E0%A5%8D%E0%A4%9E%E0%A4%BE%E0%A4%A8-%E0%A4%AD%E0%A4%BE%E0%A4%97-1-1707973674,UNVERIFIED,NEEDS_REVIEW,false,LONG_ANSWER,0,1,true,1
6,science,8,flowers,फूलों से जान-पहचान,https://scert.bihar.gov.in/eresources/%E0%A4%B5%E0%A4%BF%E0%A4%9C%E0%A5%8D%E0%A4%9E%E0%A4%BE%E0%A4%A8-%E0%A4%AD%E0%A4%BE%E0%A4%97-1-1707973674,UNVERIFIED,NEEDS_REVIEW,false,NUMERICAL,0,1,false,0
6,science,8,flowers,फूलों से जान-पहचान,https://scert.bihar.gov.in/eresources/%E0%A4%B5%E0%A4%BF%E0%A4%9C%E0%A5%8D%E0%A4%9E%E0%A4%BE%E0%A4%A8-%E0%A4%AD%E0%A4%BE%E0%A4%97-1-1707973674,UNVERIFIED,NEEDS_REVIEW,false,DIAGRAM,0,1,true,1
6,science,8,flowers,फूलों से जान-पहचान,https://scert.bihar.gov.in/eresources/%E0%A4%B5%E0%A4%BF%E0%A4%9C%E0%A5%8D%E0%A4%9E%E0%A4%BE%E0%A4%A8-%E0%A4%AD%E0%A4%BE%E0%A4%97-1-1707973674,UNVERIFIED,NEEDS_REVIEW,false,MAP,0,1,false,0
6,science,8,flowers,फूलों से जान-पहचान,https://scert.bihar.gov.in/eresources/%E0%A4%B5%E0%A4%BF%E0%A4%9C%E0%A5%8D%E0%A4%9E%E0%A4%BE%E0%A4%A8-%E0%A4%AD%E0%A4%BE%E0%A4%97-1-1707973674,UNVERIFIED,NEEDS_REVIEW,false,SOURCE_BASED,0,1,false,0
6,science,9,body-movements,जंतुओं में गति,https://scert.bihar.gov.in/eresources/%E0%A4%B5%E0%A4%BF%E0%A4%9C%E0%A5%8D%E0%A4%9E%E0%A4%BE%E0%A4%A8-%E0%A4%AD%E0%A4%BE%E0%A4%97-1-1707973674,UNVERIFIED,NEEDS_REVIEW,false,MCQ,0,1,true,1
6,science,9,body-movements,जंतुओं में गति,https://scert.bihar.gov.in/eresources/%E0%A4%B5%E0%A4%BF%E0%A4%9C%E0%A5%8D%E0%A4%9E%E0%A4%BE%E0%A4%A8-%E0%A4%AD%E0%A4%BE%E0%A4%97-1-1707973674,UNVERIFIED,NEEDS_REVIEW,false,TRUE_FALSE,0,1,true,1
6,science,9,body-movements,जंतुओं में गति,https://scert.bihar.gov.in/eresources/%E0%A4%B5%E0%A4%BF%E0%A4%9C%E0%A5%8D%E0%A4%9E%E0%A4%BE%E0%A4%A8-%E0%A4%AD%E0%A4%BE%E0%A4%97-1-1707973674,UNVERIFIED,NEEDS_REVIEW,false,INPUT,0,1,true,1
6,science,9,body-movements,जंतुओं में गति,https://scert.bihar.gov.in/eresources/%E0%A4%B5%E0%A4%BF%E0%A4%9C%E0%A5%8D%E0%A4%9E%E0%A4%BE%E0%A4%A8-%E0%A4%AD%E0%A4%BE%E0%A4%97-1-1707973674,UNVERIFIED,NEEDS_REVIEW,false,MATCH,0,1,true,1
6,science,9,body-movements,जंतुओं में गति,https://scert.bihar.gov.in/eresources/%E0%A4%B5%E0%A4%BF%E0%A4%9C%E0%A5%8D%E0%A4%9E%E0%A4%BE%E0%A4%A8-%E0%A4%AD%E0%A4%BE%E0%A4%97-1-1707973674,UNVERIFIED,NEEDS_REVIEW,false,ORDER,0,1,true,1
6,science,9,body-movements,जंतुओं में गति,https://scert.bihar.gov.in/eresources/%E0%A4%B5%E0%A4%BF%E0%A4%9C%E0%A5%8D%E0%A4%9E%E0%A4%BE%E0%A4%A8-%E0%A4%AD%E0%A4%BE%E0%A4%97-1-1707973674,UNVERIFIED,NEEDS_REVIEW,false,ASSERTION_REASON,0,1,true,1
6,science,9,body-movements,जंतुओं में गति,https://scert.bihar.gov.in/eresources/%E0%A4%B5%E0%A4%BF%E0%A4%9C%E0%A5%8D%E0%A4%9E%E0%A4%BE%E0%A4%A8-%E0%A4%AD%E0%A4%BE%E0%A4%97-1-1707973674,UNVERIFIED,NEEDS_REVIEW,false,CASE_BASED,0,1,true,1
6,science,9,body-movements,जंतुओं में गति,https://scert.bihar.gov.in/eresources/%E0%A4%B5%E0%A4%BF%E0%A4%9C%E0%A5%8D%E0%A4%9E%E0%A4%BE%E0%A4%A8-%E0%A4%AD%E0%A4%BE%E0%A4%97-1-1707973674,UNVERIFIED,NEEDS_REVIEW,false,SHORT_ANSWER,0,1,true,1
6,science,9,body-movements,जंतुओं में गति,https://scert.bihar.gov.in/eresources/%E0%A4%B5%E0%A4%BF%E0%A4%9C%E0%A5%8D%E0%A4%9E%E0%A4%BE%E0%A4%A8-%E0%A4%AD%E0%A4%BE%E0%A4%97-1-1707973674,UNVERIFIED,NEEDS_REVIEW,false,LONG_ANSWER,0,1,true,1
6,science,9,body-movements,जंतुओं में गति,https://scert.bihar.gov.in/eresources/%E0%A4%B5%E0%A4%BF%E0%A4%9C%E0%A5%8D%E0%A4%9E%E0%A4%BE%E0%A4%A8-%E0%A4%AD%E0%A4%BE%E0%A4%97-1-1707973674,UNVERIFIED,NEEDS_REVIEW,false,NUMERICAL,0,1,false,0
6,science,9,body-movements,जंतुओं में गति,https://scert.bihar.gov.in/eresources/%E0%A4%B5%E0%A4%BF%E0%A4%9C%E0%A5%8D%E0%A4%9E%E0%A4%BE%E0%A4%A8-%E0%A4%AD%E0%A4%BE%E0%A4%97-1-1707973674,UNVERIFIED,NEEDS_REVIEW,false,DIAGRAM,0,1,true,1
6,science,9,body-movements,जंतुओं में गति,https://scert.bihar.gov.in/eresources/%E0%A4%B5%E0%A4%BF%E0%A4%9C%E0%A5%8D%E0%A4%9E%E0%A4%BE%E0%A4%A8-%E0%A4%AD%E0%A4%BE%E0%A4%97-1-1707973674,UNVERIFIED,NEEDS_REVIEW,false,MAP,0,1,false,0
6,science,9,body-movements,जंतुओं में गति,https://scert.bihar.gov.in/eresources/%E0%A4%B5%E0%A4%BF%E0%A4%9C%E0%A5%8D%E0%A4%9E%E0%A4%BE%E0%A4%A8-%E0%A4%AD%E0%A4%BE%E0%A4%97-1-1707973674,UNVERIFIED,NEEDS_REVIEW,false,SOURCE_BASED,0,1,false,0
6,science,10,living-organisms,सजीव और निर्जीव,https://scert.bihar.gov.in/eresources/%E0%A4%B5%E0%A4%BF%E0%A4%9C%E0%A5%8D%E0%A4%9E%E0%A4%BE%E0%A4%A8-%E0%A4%AD%E0%A4%BE%E0%A4%97-1-1707973674,UNVERIFIED,NEEDS_REVIEW,false,MCQ,0,1,true,1
6,science,10,living-organisms,सजीव और निर्जीव,https://scert.bihar.gov.in/eresources/%E0%A4%B5%E0%A4%BF%E0%A4%9C%E0%A5%8D%E0%A4%9E%E0%A4%BE%E0%A4%A8-%E0%A4%AD%E0%A4%BE%E0%A4%97-1-1707973674,UNVERIFIED,NEEDS_REVIEW,false,TRUE_FALSE,0,1,true,1
6,science,10,living-organisms,सजीव और निर्जीव,https://scert.bihar.gov.in/eresources/%E0%A4%B5%E0%A4%BF%E0%A4%9C%E0%A5%8D%E0%A4%9E%E0%A4%BE%E0%A4%A8-%E0%A4%AD%E0%A4%BE%E0%A4%97-1-1707973674,UNVERIFIED,NEEDS_REVIEW,false,INPUT,0,1,true,1
6,science,10,living-organisms,सजीव और निर्जीव,https://scert.bihar.gov.in/eresources/%E0%A4%B5%E0%A4%BF%E0%A4%9C%E0%A5%8D%E0%A4%9E%E0%A4%BE%E0%A4%A8-%E0%A4%AD%E0%A4%BE%E0%A4%97-1-1707973674,UNVERIFIED,NEEDS_REVIEW,false,MATCH,0,1,true,1
6,science,10,living-organisms,सजीव और निर्जीव,https://scert.bihar.gov.in/eresources/%E0%A4%B5%E0%A4%BF%E0%A4%9C%E0%A5%8D%E0%A4%9E%E0%A4%BE%E0%A4%A8-%E0%A4%AD%E0%A4%BE%E0%A4%97-1-1707973674,UNVERIFIED,NEEDS_REVIEW,false,ORDER,0,1,true,1
6,science,10,living-organisms,सजीव और निर्जीव,https://scert.bihar.gov.in/eresources/%E0%A4%B5%E0%A4%BF%E0%A4%9C%E0%A5%8D%E0%A4%9E%E0%A4%BE%E0%A4%A8-%E0%A4%AD%E0%A4%BE%E0%A4%97-1-1707973674,UNVERIFIED,NEEDS_REVIEW,false,ASSERTION_REASON,0,1,true,1
6,science,10,living-organisms,सजीव और निर्जीव,https://scert.bihar.gov.in/eresources/%E0%A4%B5%E0%A4%BF%E0%A4%9C%E0%A5%8D%E0%A4%9E%E0%A4%BE%E0%A4%A8-%E0%A4%AD%E0%A4%BE%E0%A4%97-1-1707973674,UNVERIFIED,NEEDS_REVIEW,false,CASE_BASED,0,1,true,1
6,science,10,living-organisms,सजीव और निर्जीव,https://scert.bihar.gov.in/eresources/%E0%A4%B5%E0%A4%BF%E0%A4%9C%E0%A5%8D%E0%A4%9E%E0%A4%BE%E0%A4%A8-%E0%A4%AD%E0%A4%BE%E0%A4%97-1-1707973674,UNVERIFIED,NEEDS_REVIEW,false,SHORT_ANSWER,0,1,true,1
6,science,10,living-organisms,सजीव और निर्जीव,https://scert.bihar.gov.in/eresources/%E0%A4%B5%E0%A4%BF%E0%A4%9C%E0%A5%8D%E0%A4%9E%E0%A4%BE%E0%A4%A8-%E0%A4%AD%E0%A4%BE%E0%A4%97-1-1707973674,UNVERIFIED,NEEDS_REVIEW,false,LONG_ANSWER,0,1,true,1
6,science,10,living-organisms,सजीव और निर्जीव,https://scert.bihar.gov.in/eresources/%E0%A4%B5%E0%A4%BF%E0%A4%9C%E0%A5%8D%E0%A4%9E%E0%A4%BE%E0%A4%A8-%E0%A4%AD%E0%A4%BE%E0%A4%97-1-1707973674,UNVERIFIED,NEEDS_REVIEW,false,NUMERICAL,0,1,false,0
6,science,10,living-organisms,सजीव और निर्जीव,https://scert.bihar.gov.in/eresources/%E0%A4%B5%E0%A4%BF%E0%A4%9C%E0%A5%8D%E0%A4%9E%E0%A4%BE%E0%A4%A8-%E0%A4%AD%E0%A4%BE%E0%A4%97-1-1707973674,UNVERIFIED,NEEDS_REVIEW,false,DIAGRAM,0,1,true,1
6,science,10,living-organisms,सजीव और निर्जीव,https://scert.bihar.gov.in/eresources/%E0%A4%B5%E0%A4%BF%E0%A4%9C%E0%A5%8D%E0%A4%9E%E0%A4%BE%E0%A4%A8-%E0%A4%AD%E0%A4%BE%E0%A4%97-1-1707973674,UNVERIFIED,NEEDS_REVIEW,false,MAP,0,1,false,0
6,science,10,living-organisms,सजीव और निर्जीव,https://scert.bihar.gov.in/eresources/%E0%A4%B5%E0%A4%BF%E0%A4%9C%E0%A5%8D%E0%A4%9E%E0%A4%BE%E0%A4%A8-%E0%A4%AD%E0%A4%BE%E0%A4%97-1-1707973674,UNVERIFIED,NEEDS_REVIEW,false,SOURCE_BASED,0,1,false,0
6,science,11,adaptation,सजीवों में अनुकूलन,https://scert.bihar.gov.in/eresources/%E0%A4%B5%E0%A4%BF%E0%A4%9C%E0%A5%8D%E0%A4%9E%E0%A4%BE%E0%A4%A8-%E0%A4%AD%E0%A4%BE%E0%A4%97-1-1707973674,UNVERIFIED,NEEDS_REVIEW,false,MCQ,0,1,true,1
6,science,11,adaptation,सजीवों में अनुकूलन,https://scert.bihar.gov.in/eresources/%E0%A4%B5%E0%A4%BF%E0%A4%9C%E0%A5%8D%E0%A4%9E%E0%A4%BE%E0%A4%A8-%E0%A4%AD%E0%A4%BE%E0%A4%97-1-1707973674,UNVERIFIED,NEEDS_REVIEW,false,TRUE_FALSE,0,1,true,1
6,science,11,adaptation,सजीवों में अनुकूलन,https://scert.bihar.gov.in/eresources/%E0%A4%B5%E0%A4%BF%E0%A4%9C%E0%A5%8D%E0%A4%9E%E0%A4%BE%E0%A4%A8-%E0%A4%AD%E0%A4%BE%E0%A4%97-1-1707973674,UNVERIFIED,NEEDS_REVIEW,false,INPUT,0,1,true,1
6,science,11,adaptation,सजीवों में अनुकूलन,https://scert.bihar.gov.in/eresources/%E0%A4%B5%E0%A4%BF%E0%A4%9C%E0%A5%8D%E0%A4%9E%E0%A4%BE%E0%A4%A8-%E0%A4%AD%E0%A4%BE%E0%A4%97-1-1707973674,UNVERIFIED,NEEDS_REVIEW,false,MATCH,0,1,true,1
6,science,11,adaptation,सजीवों में अनुकूलन,https://scert.bihar.gov.in/eresources/%E0%A4%B5%E0%A4%BF%E0%A4%9C%E0%A5%8D%E0%A4%9E%E0%A4%BE%E0%A4%A8-%E0%A4%AD%E0%A4%BE%E0%A4%97-1-1707973674,UNVERIFIED,NEEDS_REVIEW,false,ORDER,0,1,true,1
6,science,11,adaptation,सजीवों में अनुकूलन,https://scert.bihar.gov.in/eresources/%E0%A4%B5%E0%A4%BF%E0%A4%9C%E0%A5%8D%E0%A4%9E%E0%A4%BE%E0%A4%A8-%E0%A4%AD%E0%A4%BE%E0%A4%97-1-1707973674,UNVERIFIED,NEEDS_REVIEW,false,ASSERTION_REASON,0,1,true,1
6,science,11,adaptation,सजीवों में अनुकूलन,https://scert.bihar.gov.in/eresources/%E0%A4%B5%E0%A4%BF%E0%A4%9C%E0%A5%8D%E0%A4%9E%E0%A4%BE%E0%A4%A8-%E0%A4%AD%E0%A4%BE%E0%A4%97-1-1707973674,UNVERIFIED,NEEDS_REVIEW,false,CASE_BASED,0,1,true,1
6,science,11,adaptation,सजीवों में अनुकूलन,https://scert.bihar.gov.in/eresources/%E0%A4%B5%E0%A4%BF%E0%A4%9C%E0%A5%8D%E0%A4%9E%E0%A4%BE%E0%A4%A8-%E0%A4%AD%E0%A4%BE%E0%A4%97-1-1707973674,UNVERIFIED,NEEDS_REVIEW,false,SHORT_ANSWER,0,1,true,1
6,science,11,adaptation,सजीवों में अनुकूलन,https://scert.bihar.gov.in/eresources/%E0%A4%B5%E0%A4%BF%E0%A4%9C%E0%A5%8D%E0%A4%9E%E0%A4%BE%E0%A4%A8-%E0%A4%AD%E0%A4%BE%E0%A4%97-1-1707973674,UNVERIFIED,NEEDS_REVIEW,false,LONG_ANSWER,0,1,true,1
6,science,11,adaptation,सजीवों में अनुकूलन,https://scert.bihar.gov.in/eresources/%E0%A4%B5%E0%A4%BF%E0%A4%9C%E0%A5%8D%E0%A4%9E%E0%A4%BE%E0%A4%A8-%E0%A4%AD%E0%A4%BE%E0%A4%97-1-1707973674,UNVERIFIED,NEEDS_REVIEW,false,NUMERICAL,0,1,false,0
6,science,11,adaptation,सजीवों में अनुकूलन,https://scert.bihar.gov.in/eresources/%E0%A4%B5%E0%A4%BF%E0%A4%9C%E0%A5%8D%E0%A4%9E%E0%A4%BE%E0%A4%A8-%E0%A4%AD%E0%A4%BE%E0%A4%97-1-1707973674,UNVERIFIED,NEEDS_REVIEW,false,DIAGRAM,0,1,true,1
6,science,11,adaptation,सजीवों में अनुकूलन,https://scert.bihar.gov.in/eresources/%E0%A4%B5%E0%A4%BF%E0%A4%9C%E0%A5%8D%E0%A4%9E%E0%A4%BE%E0%A4%A8-%E0%A4%AD%E0%A4%BE%E0%A4%97-1-1707973674,UNVERIFIED,NEEDS_REVIEW,false,MAP,0,1,false,0
6,science,11,adaptation,सजीवों में अनुकूलन,https://scert.bihar.gov.in/eresources/%E0%A4%B5%E0%A4%BF%E0%A4%9C%E0%A5%8D%E0%A4%9E%E0%A4%BE%E0%A4%A8-%E0%A4%AD%E0%A4%BE%E0%A4%97-1-1707973674,UNVERIFIED,NEEDS_REVIEW,false,SOURCE_BASED,0,1,false,0
6,science,12,motion-measurement,"दूरी, मापन एवं गति",https://scert.bihar.gov.in/eresources/%E0%A4%B5%E0%A4%BF%E0%A4%9C%E0%A5%8D%E0%A4%9E%E0%A4%BE%E0%A4%A8-%E0%A4%AD%E0%A4%BE%E0%A4%97-1-1707973674,UNVERIFIED,NEEDS_REVIEW,false,MCQ,0,1,true,1
6,science,12,motion-measurement,"दूरी, मापन एवं गति",https://scert.bihar.gov.in/eresources/%E0%A4%B5%E0%A4%BF%E0%A4%9C%E0%A5%8D%E0%A4%9E%E0%A4%BE%E0%A4%A8-%E0%A4%AD%E0%A4%BE%E0%A4%97-1-1707973674,UNVERIFIED,NEEDS_REVIEW,false,TRUE_FALSE,0,1,true,1
6,science,12,motion-measurement,"दूरी, मापन एवं गति",https://scert.bihar.gov.in/eresources/%E0%A4%B5%E0%A4%BF%E0%A4%9C%E0%A5%8D%E0%A4%9E%E0%A4%BE%E0%A4%A8-%E0%A4%AD%E0%A4%BE%E0%A4%97-1-1707973674,UNVERIFIED,NEEDS_REVIEW,false,INPUT,0,1,true,1
6,science,12,motion-measurement,"दूरी, मापन एवं गति",https://scert.bihar.gov.in/eresources/%E0%A4%B5%E0%A4%BF%E0%A4%9C%E0%A5%8D%E0%A4%9E%E0%A4%BE%E0%A4%A8-%E0%A4%AD%E0%A4%BE%E0%A4%97-1-1707973674,UNVERIFIED,NEEDS_REVIEW,false,MATCH,0,1,true,1
6,science,12,motion-measurement,"दूरी, मापन एवं गति",https://scert.bihar.gov.in/eresources/%E0%A4%B5%E0%A4%BF%E0%A4%9C%E0%A5%8D%E0%A4%9E%E0%A4%BE%E0%A4%A8-%E0%A4%AD%E0%A4%BE%E0%A4%97-1-1707973674,UNVERIFIED,NEEDS_REVIEW,false,ORDER,0,1,true,1
6,science,12,motion-measurement,"दूरी, मापन एवं गति",https://scert.bihar.gov.in/eresources/%E0%A4%B5%E0%A4%BF%E0%A4%9C%E0%A5%8D%E0%A4%9E%E0%A4%BE%E0%A4%A8-%E0%A4%AD%E0%A4%BE%E0%A4%97-1-1707973674,UNVERIFIED,NEEDS_REVIEW,false,ASSERTION_REASON,0,1,true,1
6,science,12,motion-measurement,"दूरी, मापन एवं गति",https://scert.bihar.gov.in/eresources/%E0%A4%B5%E0%A4%BF%E0%A4%9C%E0%A5%8D%E0%A4%9E%E0%A4%BE%E0%A4%A8-%E0%A4%AD%E0%A4%BE%E0%A4%97-1-1707973674,UNVERIFIED,NEEDS_REVIEW,false,CASE_BASED,0,1,true,1
6,science,12,motion-measurement,"दूरी, मापन एवं गति",https://scert.bihar.gov.in/eresources/%E0%A4%B5%E0%A4%BF%E0%A4%9C%E0%A5%8D%E0%A4%9E%E0%A4%BE%E0%A4%A8-%E0%A4%AD%E0%A4%BE%E0%A4%97-1-1707973674,UNVERIFIED,NEEDS_REVIEW,false,SHORT_ANSWER,0,1,true,1
6,science,12,motion-measurement,"दूरी, मापन एवं गति",https://scert.bihar.gov.in/eresources/%E0%A4%B5%E0%A4%BF%E0%A4%9C%E0%A5%8D%E0%A4%9E%E0%A4%BE%E0%A4%A8-%E0%A4%AD%E0%A4%BE%E0%A4%97-1-1707973674,UNVERIFIED,NEEDS_REVIEW,false,LONG_ANSWER,0,1,true,1
6,science,12,motion-measurement,"दूरी, मापन एवं गति",https://scert.bihar.gov.in/eresources/%E0%A4%B5%E0%A4%BF%E0%A4%9C%E0%A5%8D%E0%A4%9E%E0%A4%BE%E0%A4%A8-%E0%A4%AD%E0%A4%BE%E0%A4%97-1-1707973674,UNVERIFIED,NEEDS_REVIEW,false,NUMERICAL,0,1,false,0
6,science,12,motion-measurement,"दूरी, मापन एवं गति",https://scert.bihar.gov.in/eresources/%E0%A4%B5%E0%A4%BF%E0%A4%9C%E0%A5%8D%E0%A4%9E%E0%A4%BE%E0%A4%A8-%E0%A4%AD%E0%A4%BE%E0%A4%97-1-1707973674,UNVERIFIED,NEEDS_REVIEW,false,DIAGRAM,0,1,true,1
6,science,12,motion-measurement,"दूरी, मापन एवं गति",https://scert.bihar.gov.in/eresources/%E0%A4%B5%E0%A4%BF%E0%A4%9C%E0%A5%8D%E0%A4%9E%E0%A4%BE%E0%A4%A8-%E0%A4%AD%E0%A4%BE%E0%A4%97-1-1707973674,UNVERIFIED,NEEDS_REVIEW,false,MAP,0,1,false,0
6,science,12,motion-measurement,"दूरी, मापन एवं गति",https://scert.bihar.gov.in/eresources/%E0%A4%B5%E0%A4%BF%E0%A4%9C%E0%A5%8D%E0%A4%9E%E0%A4%BE%E0%A4%A8-%E0%A4%AD%E0%A4%BE%E0%A4%97-1-1707973674,UNVERIFIED,NEEDS_REVIEW,false,SOURCE_BASED,0,1,false,0
6,science,13,light-shadows,प्रकाश,https://scert.bihar.gov.in/eresources/%E0%A4%B5%E0%A4%BF%E0%A4%9C%E0%A5%8D%E0%A4%9E%E0%A4%BE%E0%A4%A8-%E0%A4%AD%E0%A4%BE%E0%A4%97-1-1707973674,UNVERIFIED,NEEDS_REVIEW,false,MCQ,0,1,true,1
6,science,13,light-shadows,प्रकाश,https://scert.bihar.gov.in/eresources/%E0%A4%B5%E0%A4%BF%E0%A4%9C%E0%A5%8D%E0%A4%9E%E0%A4%BE%E0%A4%A8-%E0%A4%AD%E0%A4%BE%E0%A4%97-1-1707973674,UNVERIFIED,NEEDS_REVIEW,false,TRUE_FALSE,0,1,true,1
6,science,13,light-shadows,प्रकाश,https://scert.bihar.gov.in/eresources/%E0%A4%B5%E0%A4%BF%E0%A4%9C%E0%A5%8D%E0%A4%9E%E0%A4%BE%E0%A4%A8-%E0%A4%AD%E0%A4%BE%E0%A4%97-1-1707973674,UNVERIFIED,NEEDS_REVIEW,false,INPUT,0,1,true,1
6,science,13,light-shadows,प्रकाश,https://scert.bihar.gov.in/eresources/%E0%A4%B5%E0%A4%BF%E0%A4%9C%E0%A5%8D%E0%A4%9E%E0%A4%BE%E0%A4%A8-%E0%A4%AD%E0%A4%BE%E0%A4%97-1-1707973674,UNVERIFIED,NEEDS_REVIEW,false,MATCH,0,1,true,1
6,science,13,light-shadows,प्रकाश,https://scert.bihar.gov.in/eresources/%E0%A4%B5%E0%A4%BF%E0%A4%9C%E0%A5%8D%E0%A4%9E%E0%A4%BE%E0%A4%A8-%E0%A4%AD%E0%A4%BE%E0%A4%97-1-1707973674,UNVERIFIED,NEEDS_REVIEW,false,ORDER,0,1,true,1
6,science,13,light-shadows,प्रकाश,https://scert.bihar.gov.in/eresources/%E0%A4%B5%E0%A4%BF%E0%A4%9C%E0%A5%8D%E0%A4%9E%E0%A4%BE%E0%A4%A8-%E0%A4%AD%E0%A4%BE%E0%A4%97-1-1707973674,UNVERIFIED,NEEDS_REVIEW,false,ASSERTION_REASON,0,1,true,1
6,science,13,light-shadows,प्रकाश,https://scert.bihar.gov.in/eresources/%E0%A4%B5%E0%A4%BF%E0%A4%9C%E0%A5%8D%E0%A4%9E%E0%A4%BE%E0%A4%A8-%E0%A4%AD%E0%A4%BE%E0%A4%97-1-1707973674,UNVERIFIED,NEEDS_REVIEW,false,CASE_BASED,0,1,true,1
6,science,13,light-shadows,प्रकाश,https://scert.bihar.gov.in/eresources/%E0%A4%B5%E0%A4%BF%E0%A4%9C%E0%A5%8D%E0%A4%9E%E0%A4%BE%E0%A4%A8-%E0%A4%AD%E0%A4%BE%E0%A4%97-1-1707973674,UNVERIFIED,NEEDS_REVIEW,false,SHORT_ANSWER,0,1,true,1
6,science,13,light-shadows,प्रकाश,https://scert.bihar.gov.in/eresources/%E0%A4%B5%E0%A4%BF%E0%A4%9C%E0%A5%8D%E0%A4%9E%E0%A4%BE%E0%A4%A8-%E0%A4%AD%E0%A4%BE%E0%A4%97-1-1707973674,UNVERIFIED,NEEDS_REVIEW,false,LONG_ANSWER,0,1,true,1
6,science,13,light-shadows,प्रकाश,https://scert.bihar.gov.in/eresources/%E0%A4%B5%E0%A4%BF%E0%A4%9C%E0%A5%8D%E0%A4%9E%E0%A4%BE%E0%A4%A8-%E0%A4%AD%E0%A4%BE%E0%A4%97-1-1707973674,UNVERIFIED,NEEDS_REVIEW,false,NUMERICAL,0,1,false,0
6,science,13,light-shadows,प्रकाश,https://scert.bihar.gov.in/eresources/%E0%A4%B5%E0%A4%BF%E0%A4%9C%E0%A5%8D%E0%A4%9E%E0%A4%BE%E0%A4%A8-%E0%A4%AD%E0%A4%BE%E0%A4%97-1-1707973674,UNVERIFIED,NEEDS_REVIEW,false,DIAGRAM,0,1,true,1
6,science,13,light-shadows,प्रकाश,https://scert.bihar.gov.in/eresources/%E0%A4%B5%E0%A4%BF%E0%A4%9C%E0%A5%8D%E0%A4%9E%E0%A4%BE%E0%A4%A8-%E0%A4%AD%E0%A4%BE%E0%A4%97-1-1707973674,UNVERIFIED,NEEDS_REVIEW,false,MAP,0,1,false,0
6,science,13,light-shadows,प्रकाश,https://scert.bihar.gov.in/eresources/%E0%A4%B5%E0%A4%BF%E0%A4%9C%E0%A5%8D%E0%A4%9E%E0%A4%BE%E0%A4%A8-%E0%A4%AD%E0%A4%BE%E0%A4%97-1-1707973674,UNVERIFIED,NEEDS_REVIEW,false,SOURCE_BASED,0,1,false,0
6,science,14,electricity-circuits,बल्ब जलाओ जगमग-जगमग,https://scert.bihar.gov.in/eresources/%E0%A4%B5%E0%A4%BF%E0%A4%9C%E0%A5%8D%E0%A4%9E%E0%A4%BE%E0%A4%A8-%E0%A4%AD%E0%A4%BE%E0%A4%97-1-1707973674,UNVERIFIED,NEEDS_REVIEW,false,MCQ,0,1,true,1
6,science,14,electricity-circuits,बल्ब जलाओ जगमग-जगमग,https://scert.bihar.gov.in/eresources/%E0%A4%B5%E0%A4%BF%E0%A4%9C%E0%A5%8D%E0%A4%9E%E0%A4%BE%E0%A4%A8-%E0%A4%AD%E0%A4%BE%E0%A4%97-1-1707973674,UNVERIFIED,NEEDS_REVIEW,false,TRUE_FALSE,0,1,true,1
6,science,14,electricity-circuits,बल्ब जलाओ जगमग-जगमग,https://scert.bihar.gov.in/eresources/%E0%A4%B5%E0%A4%BF%E0%A4%9C%E0%A5%8D%E0%A4%9E%E0%A4%BE%E0%A4%A8-%E0%A4%AD%E0%A4%BE%E0%A4%97-1-1707973674,UNVERIFIED,NEEDS_REVIEW,false,INPUT,0,1,true,1
6,science,14,electricity-circuits,बल्ब जलाओ जगमग-जगमग,https://scert.bihar.gov.in/eresources/%E0%A4%B5%E0%A4%BF%E0%A4%9C%E0%A5%8D%E0%A4%9E%E0%A4%BE%E0%A4%A8-%E0%A4%AD%E0%A4%BE%E0%A4%97-1-1707973674,UNVERIFIED,NEEDS_REVIEW,false,MATCH,0,1,true,1
6,science,14,electricity-circuits,बल्ब जलाओ जगमग-जगमग,https://scert.bihar.gov.in/eresources/%E0%A4%B5%E0%A4%BF%E0%A4%9C%E0%A5%8D%E0%A4%9E%E0%A4%BE%E0%A4%A8-%E0%A4%AD%E0%A4%BE%E0%A4%97-1-1707973674,UNVERIFIED,NEEDS_REVIEW,false,ORDER,0,1,true,1
6,science,14,electricity-circuits,बल्ब जलाओ जगमग-जगमग,https://scert.bihar.gov.in/eresources/%E0%A4%B5%E0%A4%BF%E0%A4%9C%E0%A5%8D%E0%A4%9E%E0%A4%BE%E0%A4%A8-%E0%A4%AD%E0%A4%BE%E0%A4%97-1-1707973674,UNVERIFIED,NEEDS_REVIEW,false,ASSERTION_REASON,0,1,true,1
6,science,14,electricity-circuits,बल्ब जलाओ जगमग-जगमग,https://scert.bihar.gov.in/eresources/%E0%A4%B5%E0%A4%BF%E0%A4%9C%E0%A5%8D%E0%A4%9E%E0%A4%BE%E0%A4%A8-%E0%A4%AD%E0%A4%BE%E0%A4%97-1-1707973674,UNVERIFIED,NEEDS_REVIEW,false,CASE_BASED,0,1,true,1
6,science,14,electricity-circuits,बल्ब जलाओ जगमग-जगमग,https://scert.bihar.gov.in/eresources/%E0%A4%B5%E0%A4%BF%E0%A4%9C%E0%A5%8D%E0%A4%9E%E0%A4%BE%E0%A4%A8-%E0%A4%AD%E0%A4%BE%E0%A4%97-1-1707973674,UNVERIFIED,NEEDS_REVIEW,false,SHORT_ANSWER,0,1,true,1
6,science,14,electricity-circuits,बल्ब जलाओ जगमग-जगमग,https://scert.bihar.gov.in/eresources/%E0%A4%B5%E0%A4%BF%E0%A4%9C%E0%A5%8D%E0%A4%9E%E0%A4%BE%E0%A4%A8-%E0%A4%AD%E0%A4%BE%E0%A4%97-1-1707973674,UNVERIFIED,NEEDS_REVIEW,false,LONG_ANSWER,0,1,true,1
6,science,14,electricity-circuits,बल्ब जलाओ जगमग-जगमग,https://scert.bihar.gov.in/eresources/%E0%A4%B5%E0%A4%BF%E0%A4%9C%E0%A5%8D%E0%A4%9E%E0%A4%BE%E0%A4%A8-%E0%A4%AD%E0%A4%BE%E0%A4%97-1-1707973674,UNVERIFIED,NEEDS_REVIEW,false,NUMERICAL,0,1,false,0
6,science,14,electricity-circuits,बल्ब जलाओ जगमग-जगमग,https://scert.bihar.gov.in/eresources/%E0%A4%B5%E0%A4%BF%E0%A4%9C%E0%A5%8D%E0%A4%9E%E0%A4%BE%E0%A4%A8-%E0%A4%AD%E0%A4%BE%E0%A4%97-1-1707973674,UNVERIFIED,NEEDS_REVIEW,false,DIAGRAM,0,1,true,1
6,science,14,electricity-circuits,बल्ब जलाओ जगमग-जगमग,https://scert.bihar.gov.in/eresources/%E0%A4%B5%E0%A4%BF%E0%A4%9C%E0%A5%8D%E0%A4%9E%E0%A4%BE%E0%A4%A8-%E0%A4%AD%E0%A4%BE%E0%A4%97-1-1707973674,UNVERIFIED,NEEDS_REVIEW,false,MAP,0,1,false,0
6,science,14,electricity-circuits,बल्ब जलाओ जगमग-जगमग,https://scert.bihar.gov.in/eresources/%E0%A4%B5%E0%A4%BF%E0%A4%9C%E0%A5%8D%E0%A4%9E%E0%A4%BE%E0%A4%A8-%E0%A4%AD%E0%A4%BE%E0%A4%97-1-1707973674,UNVERIFIED,NEEDS_REVIEW,false,SOURCE_BASED,0,1,false,0
6,science,15,magnets,चुंबक,https://scert.bihar.gov.in/eresources/%E0%A4%B5%E0%A4%BF%E0%A4%9C%E0%A5%8D%E0%A4%9E%E0%A4%BE%E0%A4%A8-%E0%A4%AD%E0%A4%BE%E0%A4%97-1-1707973674,UNVERIFIED,NEEDS_REVIEW,false,MCQ,0,1,true,1
6,science,15,magnets,चुंबक,https://scert.bihar.gov.in/eresources/%E0%A4%B5%E0%A4%BF%E0%A4%9C%E0%A5%8D%E0%A4%9E%E0%A4%BE%E0%A4%A8-%E0%A4%AD%E0%A4%BE%E0%A4%97-1-1707973674,UNVERIFIED,NEEDS_REVIEW,false,TRUE_FALSE,0,1,true,1
6,science,15,magnets,चुंबक,https://scert.bihar.gov.in/eresources/%E0%A4%B5%E0%A4%BF%E0%A4%9C%E0%A5%8D%E0%A4%9E%E0%A4%BE%E0%A4%A8-%E0%A4%AD%E0%A4%BE%E0%A4%97-1-1707973674,UNVERIFIED,NEEDS_REVIEW,false,INPUT,0,1,true,1
6,science,15,magnets,चुंबक,https://scert.bihar.gov.in/eresources/%E0%A4%B5%E0%A4%BF%E0%A4%9C%E0%A5%8D%E0%A4%9E%E0%A4%BE%E0%A4%A8-%E0%A4%AD%E0%A4%BE%E0%A4%97-1-1707973674,UNVERIFIED,NEEDS_REVIEW,false,MATCH,0,1,true,1
6,science,15,magnets,चुंबक,https://scert.bihar.gov.in/eresources/%E0%A4%B5%E0%A4%BF%E0%A4%9C%E0%A5%8D%E0%A4%9E%E0%A4%BE%E0%A4%A8-%E0%A4%AD%E0%A4%BE%E0%A4%97-1-1707973674,UNVERIFIED,NEEDS_REVIEW,false,ORDER,0,1,true,1
6,science,15,magnets,चुंबक,https://scert.bihar.gov.in/eresources/%E0%A4%B5%E0%A4%BF%E0%A4%9C%E0%A5%8D%E0%A4%9E%E0%A4%BE%E0%A4%A8-%E0%A4%AD%E0%A4%BE%E0%A4%97-1-1707973674,UNVERIFIED,NEEDS_REVIEW,false,ASSERTION_REASON,0,1,true,1
6,science,15,magnets,चुंबक,https://scert.bihar.gov.in/eresources/%E0%A4%B5%E0%A4%BF%E0%A4%9C%E0%A5%8D%E0%A4%9E%E0%A4%BE%E0%A4%A8-%E0%A4%AD%E0%A4%BE%E0%A4%97-1-1707973674,UNVERIFIED,NEEDS_REVIEW,false,CASE_BASED,0,1,true,1
6,science,15,magnets,चुंबक,https://scert.bihar.gov.in/eresources/%E0%A4%B5%E0%A4%BF%E0%A4%9C%E0%A5%8D%E0%A4%9E%E0%A4%BE%E0%A4%A8-%E0%A4%AD%E0%A4%BE%E0%A4%97-1-1707973674,UNVERIFIED,NEEDS_REVIEW,false,SHORT_ANSWER,0,1,true,1
6,science,15,magnets,चुंबक,https://scert.bihar.gov.in/eresources/%E0%A4%B5%E0%A4%BF%E0%A4%9C%E0%A5%8D%E0%A4%9E%E0%A4%BE%E0%A4%A8-%E0%A4%AD%E0%A4%BE%E0%A4%97-1-1707973674,UNVERIFIED,NEEDS_REVIEW,false,LONG_ANSWER,0,1,true,1
6,science,15,magnets,चुंबक,https://scert.bihar.gov.in/eresources/%E0%A4%B5%E0%A4%BF%E0%A4%9C%E0%A5%8D%E0%A4%9E%E0%A4%BE%E0%A4%A8-%E0%A4%AD%E0%A4%BE%E0%A4%97-1-1707973674,UNVERIFIED,NEEDS_REVIEW,false,NUMERICAL,0,1,false,0
6,science,15,magnets,चुंबक,https://scert.bihar.gov.in/eresources/%E0%A4%B5%E0%A4%BF%E0%A4%9C%E0%A5%8D%E0%A4%9E%E0%A4%BE%E0%A4%A8-%E0%A4%AD%E0%A4%BE%E0%A4%97-1-1707973674,UNVERIFIED,NEEDS_REVIEW,false,DIAGRAM,0,1,true,1
6,science,15,magnets,चुंबक,https://scert.bihar.gov.in/eresources/%E0%A4%B5%E0%A4%BF%E0%A4%9C%E0%A5%8D%E0%A4%9E%E0%A4%BE%E0%A4%A8-%E0%A4%AD%E0%A4%BE%E0%A4%97-1-1707973674,UNVERIFIED,NEEDS_REVIEW,false,MAP,0,1,false,0
6,science,15,magnets,चुंबक,https://scert.bihar.gov.in/eresources/%E0%A4%B5%E0%A4%BF%E0%A4%9C%E0%A5%8D%E0%A4%9E%E0%A4%BE%E0%A4%A8-%E0%A4%AD%E0%A4%BE%E0%A4%97-1-1707973674,UNVERIFIED,NEEDS_REVIEW,false,SOURCE_BASED,0,1,false,0
6,science,16,water,जल,https://scert.bihar.gov.in/eresources/%E0%A4%B5%E0%A4%BF%E0%A4%9C%E0%A5%8D%E0%A4%9E%E0%A4%BE%E0%A4%A8-%E0%A4%AD%E0%A4%BE%E0%A4%97-1-1707973674,UNVERIFIED,NEEDS_REVIEW,false,MCQ,0,1,true,1
6,science,16,water,जल,https://scert.bihar.gov.in/eresources/%E0%A4%B5%E0%A4%BF%E0%A4%9C%E0%A5%8D%E0%A4%9E%E0%A4%BE%E0%A4%A8-%E0%A4%AD%E0%A4%BE%E0%A4%97-1-1707973674,UNVERIFIED,NEEDS_REVIEW,false,TRUE_FALSE,0,1,true,1
6,science,16,water,जल,https://scert.bihar.gov.in/eresources/%E0%A4%B5%E0%A4%BF%E0%A4%9C%E0%A5%8D%E0%A4%9E%E0%A4%BE%E0%A4%A8-%E0%A4%AD%E0%A4%BE%E0%A4%97-1-1707973674,UNVERIFIED,NEEDS_REVIEW,false,INPUT,0,1,true,1
6,science,16,water,जल,https://scert.bihar.gov.in/eresources/%E0%A4%B5%E0%A4%BF%E0%A4%9C%E0%A5%8D%E0%A4%9E%E0%A4%BE%E0%A4%A8-%E0%A4%AD%E0%A4%BE%E0%A4%97-1-1707973674,UNVERIFIED,NEEDS_REVIEW,false,MATCH,0,1,true,1
6,science,16,water,जल,https://scert.bihar.gov.in/eresources/%E0%A4%B5%E0%A4%BF%E0%A4%9C%E0%A5%8D%E0%A4%9E%E0%A4%BE%E0%A4%A8-%E0%A4%AD%E0%A4%BE%E0%A4%97-1-1707973674,UNVERIFIED,NEEDS_REVIEW,false,ORDER,0,1,true,1
6,science,16,water,जल,https://scert.bihar.gov.in/eresources/%E0%A4%B5%E0%A4%BF%E0%A4%9C%E0%A5%8D%E0%A4%9E%E0%A4%BE%E0%A4%A8-%E0%A4%AD%E0%A4%BE%E0%A4%97-1-1707973674,UNVERIFIED,NEEDS_REVIEW,false,ASSERTION_REASON,0,1,true,1
6,science,16,water,जल,https://scert.bihar.gov.in/eresources/%E0%A4%B5%E0%A4%BF%E0%A4%9C%E0%A5%8D%E0%A4%9E%E0%A4%BE%E0%A4%A8-%E0%A4%AD%E0%A4%BE%E0%A4%97-1-1707973674,UNVERIFIED,NEEDS_REVIEW,false,CASE_BASED,0,1,true,1
6,science,16,water,जल,https://scert.bihar.gov.in/eresources/%E0%A4%B5%E0%A4%BF%E0%A4%9C%E0%A5%8D%E0%A4%9E%E0%A4%BE%E0%A4%A8-%E0%A4%AD%E0%A4%BE%E0%A4%97-1-1707973674,UNVERIFIED,NEEDS_REVIEW,false,SHORT_ANSWER,0,1,true,1
6,science,16,water,जल,https://scert.bihar.gov.in/eresources/%E0%A4%B5%E0%A4%BF%E0%A4%9C%E0%A5%8D%E0%A4%9E%E0%A4%BE%E0%A4%A8-%E0%A4%AD%E0%A4%BE%E0%A4%97-1-1707973674,UNVERIFIED,NEEDS_REVIEW,false,LONG_ANSWER,0,1,true,1
6,science,16,water,जल,https://scert.bihar.gov.in/eresources/%E0%A4%B5%E0%A4%BF%E0%A4%9C%E0%A5%8D%E0%A4%9E%E0%A4%BE%E0%A4%A8-%E0%A4%AD%E0%A4%BE%E0%A4%97-1-1707973674,UNVERIFIED,NEEDS_REVIEW,false,NUMERICAL,0,1,false,0
6,science,16,water,जल,https://scert.bihar.gov.in/eresources/%E0%A4%B5%E0%A4%BF%E0%A4%9C%E0%A5%8D%E0%A4%9E%E0%A4%BE%E0%A4%A8-%E0%A4%AD%E0%A4%BE%E0%A4%97-1-1707973674,UNVERIFIED,NEEDS_REVIEW,false,DIAGRAM,0,1,true,1
6,science,16,water,जल,https://scert.bihar.gov.in/eresources/%E0%A4%B5%E0%A4%BF%E0%A4%9C%E0%A5%8D%E0%A4%9E%E0%A4%BE%E0%A4%A8-%E0%A4%AD%E0%A4%BE%E0%A4%97-1-1707973674,UNVERIFIED,NEEDS_REVIEW,false,MAP,0,1,false,0
6,science,16,water,जल,https://scert.bihar.gov.in/eresources/%E0%A4%B5%E0%A4%BF%E0%A4%9C%E0%A5%8D%E0%A4%9E%E0%A4%BE%E0%A4%A8-%E0%A4%AD%E0%A4%BE%E0%A4%97-1-1707973674,UNVERIFIED,NEEDS_REVIEW,false,SOURCE_BASED,0,1,false,0
6,science,17,air,वायु,https://scert.bihar.gov.in/eresources/%E0%A4%B5%E0%A4%BF%E0%A4%9C%E0%A5%8D%E0%A4%9E%E0%A4%BE%E0%A4%A8-%E0%A4%AD%E0%A4%BE%E0%A4%97-1-1707973674,UNVERIFIED,NEEDS_REVIEW,false,MCQ,0,1,true,1
6,science,17,air,वायु,https://scert.bihar.gov.in/eresources/%E0%A4%B5%E0%A4%BF%E0%A4%9C%E0%A5%8D%E0%A4%9E%E0%A4%BE%E0%A4%A8-%E0%A4%AD%E0%A4%BE%E0%A4%97-1-1707973674,UNVERIFIED,NEEDS_REVIEW,false,TRUE_FALSE,0,1,true,1
6,science,17,air,वायु,https://scert.bihar.gov.in/eresources/%E0%A4%B5%E0%A4%BF%E0%A4%9C%E0%A5%8D%E0%A4%9E%E0%A4%BE%E0%A4%A8-%E0%A4%AD%E0%A4%BE%E0%A4%97-1-1707973674,UNVERIFIED,NEEDS_REVIEW,false,INPUT,0,1,true,1
6,science,17,air,वायु,https://scert.bihar.gov.in/eresources/%E0%A4%B5%E0%A4%BF%E0%A4%9C%E0%A5%8D%E0%A4%9E%E0%A4%BE%E0%A4%A8-%E0%A4%AD%E0%A4%BE%E0%A4%97-1-1707973674,UNVERIFIED,NEEDS_REVIEW,false,MATCH,0,1,true,1
6,science,17,air,वायु,https://scert.bihar.gov.in/eresources/%E0%A4%B5%E0%A4%BF%E0%A4%9C%E0%A5%8D%E0%A4%9E%E0%A4%BE%E0%A4%A8-%E0%A4%AD%E0%A4%BE%E0%A4%97-1-1707973674,UNVERIFIED,NEEDS_REVIEW,false,ORDER,0,1,true,1
6,science,17,air,वायु,https://scert.bihar.gov.in/eresources/%E0%A4%B5%E0%A4%BF%E0%A4%9C%E0%A5%8D%E0%A4%9E%E0%A4%BE%E0%A4%A8-%E0%A4%AD%E0%A4%BE%E0%A4%97-1-1707973674,UNVERIFIED,NEEDS_REVIEW,false,ASSERTION_REASON,0,1,true,1
6,science,17,air,वायु,https://scert.bihar.gov.in/eresources/%E0%A4%B5%E0%A4%BF%E0%A4%9C%E0%A5%8D%E0%A4%9E%E0%A4%BE%E0%A4%A8-%E0%A4%AD%E0%A4%BE%E0%A4%97-1-1707973674,UNVERIFIED,NEEDS_REVIEW,false,CASE_BASED,0,1,true,1
6,science,17,air,वायु,https://scert.bihar.gov.in/eresources/%E0%A4%B5%E0%A4%BF%E0%A4%9C%E0%A5%8D%E0%A4%9E%E0%A4%BE%E0%A4%A8-%E0%A4%AD%E0%A4%BE%E0%A4%97-1-1707973674,UNVERIFIED,NEEDS_REVIEW,false,SHORT_ANSWER,0,1,true,1
6,science,17,air,वायु,https://scert.bihar.gov.in/eresources/%E0%A4%B5%E0%A4%BF%E0%A4%9C%E0%A5%8D%E0%A4%9E%E0%A4%BE%E0%A4%A8-%E0%A4%AD%E0%A4%BE%E0%A4%97-1-1707973674,UNVERIFIED,NEEDS_REVIEW,false,LONG_ANSWER,0,1,true,1
6,science,17,air,वायु,https://scert.bihar.gov.in/eresources/%E0%A4%B5%E0%A4%BF%E0%A4%9C%E0%A5%8D%E0%A4%9E%E0%A4%BE%E0%A4%A8-%E0%A4%AD%E0%A4%BE%E0%A4%97-1-1707973674,UNVERIFIED,NEEDS_REVIEW,false,NUMERICAL,0,1,false,0
6,science,17,air,वायु,https://scert.bihar.gov.in/eresources/%E0%A4%B5%E0%A4%BF%E0%A4%9C%E0%A5%8D%E0%A4%9E%E0%A4%BE%E0%A4%A8-%E0%A4%AD%E0%A4%BE%E0%A4%97-1-1707973674,UNVERIFIED,NEEDS_REVIEW,false,DIAGRAM,0,1,true,1
6,science,17,air,वायु,https://scert.bihar.gov.in/eresources/%E0%A4%B5%E0%A4%BF%E0%A4%9C%E0%A5%8D%E0%A4%9E%E0%A4%BE%E0%A4%A8-%E0%A4%AD%E0%A4%BE%E0%A4%97-1-1707973674,UNVERIFIED,NEEDS_REVIEW,false,MAP,0,1,false,0
6,science,17,air,वायु,https://scert.bihar.gov.in/eresources/%E0%A4%B5%E0%A4%BF%E0%A4%9C%E0%A5%8D%E0%A4%9E%E0%A4%BE%E0%A4%A8-%E0%A4%AD%E0%A4%BE%E0%A4%97-1-1707973674,UNVERIFIED,NEEDS_REVIEW,false,SOURCE_BASED,0,1,false,0
6,science,18,garbage,ठोस कचरा प्रबंधन,https://scert.bihar.gov.in/eresources/%E0%A4%B5%E0%A4%BF%E0%A4%9C%E0%A5%8D%E0%A4%9E%E0%A4%BE%E0%A4%A8-%E0%A4%AD%E0%A4%BE%E0%A4%97-1-1707973674,UNVERIFIED,NEEDS_REVIEW,false,MCQ,0,1,true,1
6,science,18,garbage,ठोस कचरा प्रबंधन,https://scert.bihar.gov.in/eresources/%E0%A4%B5%E0%A4%BF%E0%A4%9C%E0%A5%8D%E0%A4%9E%E0%A4%BE%E0%A4%A8-%E0%A4%AD%E0%A4%BE%E0%A4%97-1-1707973674,UNVERIFIED,NEEDS_REVIEW,false,TRUE_FALSE,0,1,true,1
6,science,18,garbage,ठोस कचरा प्रबंधन,https://scert.bihar.gov.in/eresources/%E0%A4%B5%E0%A4%BF%E0%A4%9C%E0%A5%8D%E0%A4%9E%E0%A4%BE%E0%A4%A8-%E0%A4%AD%E0%A4%BE%E0%A4%97-1-1707973674,UNVERIFIED,NEEDS_REVIEW,false,INPUT,0,1,true,1
6,science,18,garbage,ठोस कचरा प्रबंधन,https://scert.bihar.gov.in/eresources/%E0%A4%B5%E0%A4%BF%E0%A4%9C%E0%A5%8D%E0%A4%9E%E0%A4%BE%E0%A4%A8-%E0%A4%AD%E0%A4%BE%E0%A4%97-1-1707973674,UNVERIFIED,NEEDS_REVIEW,false,MATCH,0,1,true,1
6,science,18,garbage,ठोस कचरा प्रबंधन,https://scert.bihar.gov.in/eresources/%E0%A4%B5%E0%A4%BF%E0%A4%9C%E0%A5%8D%E0%A4%9E%E0%A4%BE%E0%A4%A8-%E0%A4%AD%E0%A4%BE%E0%A4%97-1-1707973674,UNVERIFIED,NEEDS_REVIEW,false,ORDER,0,1,true,1
6,science,18,garbage,ठोस कचरा प्रबंधन,https://scert.bihar.gov.in/eresources/%E0%A4%B5%E0%A4%BF%E0%A4%9C%E0%A5%8D%E0%A4%9E%E0%A4%BE%E0%A4%A8-%E0%A4%AD%E0%A4%BE%E0%A4%97-1-1707973674,UNVERIFIED,NEEDS_REVIEW,false,ASSERTION_REASON,0,1,true,1
6,science,18,garbage,ठोस कचरा प्रबंधन,https://scert.bihar.gov.in/eresources/%E0%A4%B5%E0%A4%BF%E0%A4%9C%E0%A5%8D%E0%A4%9E%E0%A4%BE%E0%A4%A8-%E0%A4%AD%E0%A4%BE%E0%A4%97-1-1707973674,UNVERIFIED,NEEDS_REVIEW,false,CASE_BASED,0,1,true,1
6,science,18,garbage,ठोस कचरा प्रबंधन,https://scert.bihar.gov.in/eresources/%E0%A4%B5%E0%A4%BF%E0%A4%9C%E0%A5%8D%E0%A4%9E%E0%A4%BE%E0%A4%A8-%E0%A4%AD%E0%A4%BE%E0%A4%97-1-1707973674,UNVERIFIED,NEEDS_REVIEW,false,SHORT_ANSWER,0,1,true,1
6,science,18,garbage,ठोस कचरा प्रबंधन,https://scert.bihar.gov.in/eresources/%E0%A4%B5%E0%A4%BF%E0%A4%9C%E0%A5%8D%E0%A4%9E%E0%A4%BE%E0%A4%A8-%E0%A4%AD%E0%A4%BE%E0%A4%97-1-1707973674,UNVERIFIED,NEEDS_REVIEW,false,LONG_ANSWER,0,1,true,1
6,science,18,garbage,ठोस कचरा प्रबंधन,https://scert.bihar.gov.in/eresources/%E0%A4%B5%E0%A4%BF%E0%A4%9C%E0%A5%8D%E0%A4%9E%E0%A4%BE%E0%A4%A8-%E0%A4%AD%E0%A4%BE%E0%A4%97-1-1707973674,UNVERIFIED,NEEDS_REVIEW,false,NUMERICAL,0,1,false,0
6,science,18,garbage,ठोस कचरा प्रबंधन,https://scert.bihar.gov.in/eresources/%E0%A4%B5%E0%A4%BF%E0%A4%9C%E0%A5%8D%E0%A4%9E%E0%A4%BE%E0%A4%A8-%E0%A4%AD%E0%A4%BE%E0%A4%97-1-1707973674,UNVERIFIED,NEEDS_REVIEW,false,DIAGRAM,0,1,true,1
6,science,18,garbage,ठोस कचरा प्रबंधन,https://scert.bihar.gov.in/eresources/%E0%A4%B5%E0%A4%BF%E0%A4%9C%E0%A5%8D%E0%A4%9E%E0%A4%BE%E0%A4%A8-%E0%A4%AD%E0%A4%BE%E0%A4%97-1-1707973674,UNVERIFIED,NEEDS_REVIEW,false,MAP,0,1,false,0
6,science,18,garbage,ठोस कचरा प्रबंधन,https://scert.bihar.gov.in/eresources/%E0%A4%B5%E0%A4%BF%E0%A4%9C%E0%A5%8D%E0%A4%9E%E0%A4%BE%E0%A4%A8-%E0%A4%AD%E0%A4%BE%E0%A4%97-1-1707973674,UNVERIFIED,NEEDS_REVIEW,false,SOURCE_BASED,0,1,false,0
7,science,1,water-forests,जल और जंगल,https://scert.bihar.gov.in/eresources/%E0%A4%B5%E0%A4%BF%E0%A4%9C%E0%A5%8D%E0%A4%9E%E0%A4%BE%E0%A4%A8-%E0%A4%AD%E0%A4%BE%E0%A4%97-2-1708062711,UNVERIFIED,NEEDS_REVIEW,false,MCQ,0,1,true,1
7,science,1,water-forests,जल और जंगल,https://scert.bihar.gov.in/eresources/%E0%A4%B5%E0%A4%BF%E0%A4%9C%E0%A5%8D%E0%A4%9E%E0%A4%BE%E0%A4%A8-%E0%A4%AD%E0%A4%BE%E0%A4%97-2-1708062711,UNVERIFIED,NEEDS_REVIEW,false,TRUE_FALSE,0,1,true,1
7,science,1,water-forests,जल और जंगल,https://scert.bihar.gov.in/eresources/%E0%A4%B5%E0%A4%BF%E0%A4%9C%E0%A5%8D%E0%A4%9E%E0%A4%BE%E0%A4%A8-%E0%A4%AD%E0%A4%BE%E0%A4%97-2-1708062711,UNVERIFIED,NEEDS_REVIEW,false,INPUT,0,1,true,1
7,science,1,water-forests,जल और जंगल,https://scert.bihar.gov.in/eresources/%E0%A4%B5%E0%A4%BF%E0%A4%9C%E0%A5%8D%E0%A4%9E%E0%A4%BE%E0%A4%A8-%E0%A4%AD%E0%A4%BE%E0%A4%97-2-1708062711,UNVERIFIED,NEEDS_REVIEW,false,MATCH,0,1,true,1
7,science,1,water-forests,जल और जंगल,https://scert.bihar.gov.in/eresources/%E0%A4%B5%E0%A4%BF%E0%A4%9C%E0%A5%8D%E0%A4%9E%E0%A4%BE%E0%A4%A8-%E0%A4%AD%E0%A4%BE%E0%A4%97-2-1708062711,UNVERIFIED,NEEDS_REVIEW,false,ORDER,0,1,true,1
7,science,1,water-forests,जल और जंगल,https://scert.bihar.gov.in/eresources/%E0%A4%B5%E0%A4%BF%E0%A4%9C%E0%A5%8D%E0%A4%9E%E0%A4%BE%E0%A4%A8-%E0%A4%AD%E0%A4%BE%E0%A4%97-2-1708062711,UNVERIFIED,NEEDS_REVIEW,false,ASSERTION_REASON,0,1,true,1
7,science,1,water-forests,जल और जंगल,https://scert.bihar.gov.in/eresources/%E0%A4%B5%E0%A4%BF%E0%A4%9C%E0%A5%8D%E0%A4%9E%E0%A4%BE%E0%A4%A8-%E0%A4%AD%E0%A4%BE%E0%A4%97-2-1708062711,UNVERIFIED,NEEDS_REVIEW,false,CASE_BASED,0,1,true,1
7,science,1,water-forests,जल और जंगल,https://scert.bihar.gov.in/eresources/%E0%A4%B5%E0%A4%BF%E0%A4%9C%E0%A5%8D%E0%A4%9E%E0%A4%BE%E0%A4%A8-%E0%A4%AD%E0%A4%BE%E0%A4%97-2-1708062711,UNVERIFIED,NEEDS_REVIEW,false,SHORT_ANSWER,0,1,true,1
7,science,1,water-forests,जल और जंगल,https://scert.bihar.gov.in/eresources/%E0%A4%B5%E0%A4%BF%E0%A4%9C%E0%A5%8D%E0%A4%9E%E0%A4%BE%E0%A4%A8-%E0%A4%AD%E0%A4%BE%E0%A4%97-2-1708062711,UNVERIFIED,NEEDS_REVIEW,false,LONG_ANSWER,0,1,true,1
7,science,1,water-forests,जल और जंगल,https://scert.bihar.gov.in/eresources/%E0%A4%B5%E0%A4%BF%E0%A4%9C%E0%A5%8D%E0%A4%9E%E0%A4%BE%E0%A4%A8-%E0%A4%AD%E0%A4%BE%E0%A4%97-2-1708062711,UNVERIFIED,NEEDS_REVIEW,false,NUMERICAL,0,1,false,0
7,science,1,water-forests,जल और जंगल,https://scert.bihar.gov.in/eresources/%E0%A4%B5%E0%A4%BF%E0%A4%9C%E0%A5%8D%E0%A4%9E%E0%A4%BE%E0%A4%A8-%E0%A4%AD%E0%A4%BE%E0%A4%97-2-1708062711,UNVERIFIED,NEEDS_REVIEW,false,DIAGRAM,0,1,true,1
7,science,1,water-forests,जल और जंगल,https://scert.bihar.gov.in/eresources/%E0%A4%B5%E0%A4%BF%E0%A4%9C%E0%A5%8D%E0%A4%9E%E0%A4%BE%E0%A4%A8-%E0%A4%AD%E0%A4%BE%E0%A4%97-2-1708062711,UNVERIFIED,NEEDS_REVIEW,false,MAP,0,1,false,0
7,science,1,water-forests,जल और जंगल,https://scert.bihar.gov.in/eresources/%E0%A4%B5%E0%A4%BF%E0%A4%9C%E0%A5%8D%E0%A4%9E%E0%A4%BE%E0%A4%A8-%E0%A4%AD%E0%A4%BE%E0%A4%97-2-1708062711,UNVERIFIED,NEEDS_REVIEW,false,SOURCE_BASED,0,1,false,0
7,science,2,nutrition-animals,जन्तुओं में पोषण,https://scert.bihar.gov.in/eresources/%E0%A4%B5%E0%A4%BF%E0%A4%9C%E0%A5%8D%E0%A4%9E%E0%A4%BE%E0%A4%A8-%E0%A4%AD%E0%A4%BE%E0%A4%97-2-1708062711,UNVERIFIED,NEEDS_REVIEW,false,MCQ,0,1,true,1
7,science,2,nutrition-animals,जन्तुओं में पोषण,https://scert.bihar.gov.in/eresources/%E0%A4%B5%E0%A4%BF%E0%A4%9C%E0%A5%8D%E0%A4%9E%E0%A4%BE%E0%A4%A8-%E0%A4%AD%E0%A4%BE%E0%A4%97-2-1708062711,UNVERIFIED,NEEDS_REVIEW,false,TRUE_FALSE,0,1,true,1
7,science,2,nutrition-animals,जन्तुओं में पोषण,https://scert.bihar.gov.in/eresources/%E0%A4%B5%E0%A4%BF%E0%A4%9C%E0%A5%8D%E0%A4%9E%E0%A4%BE%E0%A4%A8-%E0%A4%AD%E0%A4%BE%E0%A4%97-2-1708062711,UNVERIFIED,NEEDS_REVIEW,false,INPUT,0,1,true,1
7,science,2,nutrition-animals,जन्तुओं में पोषण,https://scert.bihar.gov.in/eresources/%E0%A4%B5%E0%A4%BF%E0%A4%9C%E0%A5%8D%E0%A4%9E%E0%A4%BE%E0%A4%A8-%E0%A4%AD%E0%A4%BE%E0%A4%97-2-1708062711,UNVERIFIED,NEEDS_REVIEW,false,MATCH,0,1,true,1
7,science,2,nutrition-animals,जन्तुओं में पोषण,https://scert.bihar.gov.in/eresources/%E0%A4%B5%E0%A4%BF%E0%A4%9C%E0%A5%8D%E0%A4%9E%E0%A4%BE%E0%A4%A8-%E0%A4%AD%E0%A4%BE%E0%A4%97-2-1708062711,UNVERIFIED,NEEDS_REVIEW,false,ORDER,0,1,true,1
7,science,2,nutrition-animals,जन्तुओं में पोषण,https://scert.bihar.gov.in/eresources/%E0%A4%B5%E0%A4%BF%E0%A4%9C%E0%A5%8D%E0%A4%9E%E0%A4%BE%E0%A4%A8-%E0%A4%AD%E0%A4%BE%E0%A4%97-2-1708062711,UNVERIFIED,NEEDS_REVIEW,false,ASSERTION_REASON,0,1,true,1
7,science,2,nutrition-animals,जन्तुओं में पोषण,https://scert.bihar.gov.in/eresources/%E0%A4%B5%E0%A4%BF%E0%A4%9C%E0%A5%8D%E0%A4%9E%E0%A4%BE%E0%A4%A8-%E0%A4%AD%E0%A4%BE%E0%A4%97-2-1708062711,UNVERIFIED,NEEDS_REVIEW,false,CASE_BASED,0,1,true,1
7,science,2,nutrition-animals,जन्तुओं में पोषण,https://scert.bihar.gov.in/eresources/%E0%A4%B5%E0%A4%BF%E0%A4%9C%E0%A5%8D%E0%A4%9E%E0%A4%BE%E0%A4%A8-%E0%A4%AD%E0%A4%BE%E0%A4%97-2-1708062711,UNVERIFIED,NEEDS_REVIEW,false,SHORT_ANSWER,0,1,true,1
7,science,2,nutrition-animals,जन्तुओं में पोषण,https://scert.bihar.gov.in/eresources/%E0%A4%B5%E0%A4%BF%E0%A4%9C%E0%A5%8D%E0%A4%9E%E0%A4%BE%E0%A4%A8-%E0%A4%AD%E0%A4%BE%E0%A4%97-2-1708062711,UNVERIFIED,NEEDS_REVIEW,false,LONG_ANSWER,0,1,true,1
7,science,2,nutrition-animals,जन्तुओं में पोषण,https://scert.bihar.gov.in/eresources/%E0%A4%B5%E0%A4%BF%E0%A4%9C%E0%A5%8D%E0%A4%9E%E0%A4%BE%E0%A4%A8-%E0%A4%AD%E0%A4%BE%E0%A4%97-2-1708062711,UNVERIFIED,NEEDS_REVIEW,false,NUMERICAL,0,1,false,0
7,science,2,nutrition-animals,जन्तुओं में पोषण,https://scert.bihar.gov.in/eresources/%E0%A4%B5%E0%A4%BF%E0%A4%9C%E0%A5%8D%E0%A4%9E%E0%A4%BE%E0%A4%A8-%E0%A4%AD%E0%A4%BE%E0%A4%97-2-1708062711,UNVERIFIED,NEEDS_REVIEW,false,DIAGRAM,0,1,true,1
7,science,2,nutrition-animals,जन्तुओं में पोषण,https://scert.bihar.gov.in/eresources/%E0%A4%B5%E0%A4%BF%E0%A4%9C%E0%A5%8D%E0%A4%9E%E0%A4%BE%E0%A4%A8-%E0%A4%AD%E0%A4%BE%E0%A4%97-2-1708062711,UNVERIFIED,NEEDS_REVIEW,false,MAP,0,1,false,0
7,science,2,nutrition-animals,जन्तुओं में पोषण,https://scert.bihar.gov.in/eresources/%E0%A4%B5%E0%A4%BF%E0%A4%9C%E0%A5%8D%E0%A4%9E%E0%A4%BE%E0%A4%A8-%E0%A4%AD%E0%A4%BE%E0%A4%97-2-1708062711,UNVERIFIED,NEEDS_REVIEW,false,SOURCE_BASED,0,1,false,0
7,science,3,heat,ऊष्मा,https://scert.bihar.gov.in/eresources/%E0%A4%B5%E0%A4%BF%E0%A4%9C%E0%A5%8D%E0%A4%9E%E0%A4%BE%E0%A4%A8-%E0%A4%AD%E0%A4%BE%E0%A4%97-2-1708062711,UNVERIFIED,NEEDS_REVIEW,false,MCQ,0,1,true,1
7,science,3,heat,ऊष्मा,https://scert.bihar.gov.in/eresources/%E0%A4%B5%E0%A4%BF%E0%A4%9C%E0%A5%8D%E0%A4%9E%E0%A4%BE%E0%A4%A8-%E0%A4%AD%E0%A4%BE%E0%A4%97-2-1708062711,UNVERIFIED,NEEDS_REVIEW,false,TRUE_FALSE,0,1,true,1
7,science,3,heat,ऊष्मा,https://scert.bihar.gov.in/eresources/%E0%A4%B5%E0%A4%BF%E0%A4%9C%E0%A5%8D%E0%A4%9E%E0%A4%BE%E0%A4%A8-%E0%A4%AD%E0%A4%BE%E0%A4%97-2-1708062711,UNVERIFIED,NEEDS_REVIEW,false,INPUT,0,1,true,1
7,science,3,heat,ऊष्मा,https://scert.bihar.gov.in/eresources/%E0%A4%B5%E0%A4%BF%E0%A4%9C%E0%A5%8D%E0%A4%9E%E0%A4%BE%E0%A4%A8-%E0%A4%AD%E0%A4%BE%E0%A4%97-2-1708062711,UNVERIFIED,NEEDS_REVIEW,false,MATCH,0,1,true,1
7,science,3,heat,ऊष्मा,https://scert.bihar.gov.in/eresources/%E0%A4%B5%E0%A4%BF%E0%A4%9C%E0%A5%8D%E0%A4%9E%E0%A4%BE%E0%A4%A8-%E0%A4%AD%E0%A4%BE%E0%A4%97-2-1708062711,UNVERIFIED,NEEDS_REVIEW,false,ORDER,0,1,true,1
7,science,3,heat,ऊष्मा,https://scert.bihar.gov.in/eresources/%E0%A4%B5%E0%A4%BF%E0%A4%9C%E0%A5%8D%E0%A4%9E%E0%A4%BE%E0%A4%A8-%E0%A4%AD%E0%A4%BE%E0%A4%97-2-1708062711,UNVERIFIED,NEEDS_REVIEW,false,ASSERTION_REASON,0,1,true,1
7,science,3,heat,ऊष्मा,https://scert.bihar.gov.in/eresources/%E0%A4%B5%E0%A4%BF%E0%A4%9C%E0%A5%8D%E0%A4%9E%E0%A4%BE%E0%A4%A8-%E0%A4%AD%E0%A4%BE%E0%A4%97-2-1708062711,UNVERIFIED,NEEDS_REVIEW,false,CASE_BASED,0,1,true,1
7,science,3,heat,ऊष्मा,https://scert.bihar.gov.in/eresources/%E0%A4%B5%E0%A4%BF%E0%A4%9C%E0%A5%8D%E0%A4%9E%E0%A4%BE%E0%A4%A8-%E0%A4%AD%E0%A4%BE%E0%A4%97-2-1708062711,UNVERIFIED,NEEDS_REVIEW,false,SHORT_ANSWER,0,1,true,1
7,science,3,heat,ऊष्मा,https://scert.bihar.gov.in/eresources/%E0%A4%B5%E0%A4%BF%E0%A4%9C%E0%A5%8D%E0%A4%9E%E0%A4%BE%E0%A4%A8-%E0%A4%AD%E0%A4%BE%E0%A4%97-2-1708062711,UNVERIFIED,NEEDS_REVIEW,false,LONG_ANSWER,0,1,true,1
7,science,3,heat,ऊष्मा,https://scert.bihar.gov.in/eresources/%E0%A4%B5%E0%A4%BF%E0%A4%9C%E0%A5%8D%E0%A4%9E%E0%A4%BE%E0%A4%A8-%E0%A4%AD%E0%A4%BE%E0%A4%97-2-1708062711,UNVERIFIED,NEEDS_REVIEW,false,NUMERICAL,0,1,false,0
7,science,3,heat,ऊष्मा,https://scert.bihar.gov.in/eresources/%E0%A4%B5%E0%A4%BF%E0%A4%9C%E0%A5%8D%E0%A4%9E%E0%A4%BE%E0%A4%A8-%E0%A4%AD%E0%A4%BE%E0%A4%97-2-1708062711,UNVERIFIED,NEEDS_REVIEW,false,DIAGRAM,0,1,true,1
7,science,3,heat,ऊष्मा,https://scert.bihar.gov.in/eresources/%E0%A4%B5%E0%A4%BF%E0%A4%9C%E0%A5%8D%E0%A4%9E%E0%A4%BE%E0%A4%A8-%E0%A4%AD%E0%A4%BE%E0%A4%97-2-1708062711,UNVERIFIED,NEEDS_REVIEW,false,MAP,0,1,false,0
7,science,3,heat,ऊष्मा,https://scert.bihar.gov.in/eresources/%E0%A4%B5%E0%A4%BF%E0%A4%9C%E0%A5%8D%E0%A4%9E%E0%A4%BE%E0%A4%A8-%E0%A4%AD%E0%A4%BE%E0%A4%97-2-1708062711,UNVERIFIED,NEEDS_REVIEW,false,SOURCE_BASED,0,1,false,0
7,science,4,motion-time,गति एवं समय,https://scert.bihar.gov.in/eresources/%E0%A4%B5%E0%A4%BF%E0%A4%9C%E0%A5%8D%E0%A4%9E%E0%A4%BE%E0%A4%A8-%E0%A4%AD%E0%A4%BE%E0%A4%97-2-1708062711,UNVERIFIED,NEEDS_REVIEW,false,MCQ,0,1,true,1
7,science,4,motion-time,गति एवं समय,https://scert.bihar.gov.in/eresources/%E0%A4%B5%E0%A4%BF%E0%A4%9C%E0%A5%8D%E0%A4%9E%E0%A4%BE%E0%A4%A8-%E0%A4%AD%E0%A4%BE%E0%A4%97-2-1708062711,UNVERIFIED,NEEDS_REVIEW,false,TRUE_FALSE,0,1,true,1
7,science,4,motion-time,गति एवं समय,https://scert.bihar.gov.in/eresources/%E0%A4%B5%E0%A4%BF%E0%A4%9C%E0%A5%8D%E0%A4%9E%E0%A4%BE%E0%A4%A8-%E0%A4%AD%E0%A4%BE%E0%A4%97-2-1708062711,UNVERIFIED,NEEDS_REVIEW,false,INPUT,0,1,true,1
7,science,4,motion-time,गति एवं समय,https://scert.bihar.gov.in/eresources/%E0%A4%B5%E0%A4%BF%E0%A4%9C%E0%A5%8D%E0%A4%9E%E0%A4%BE%E0%A4%A8-%E0%A4%AD%E0%A4%BE%E0%A4%97-2-1708062711,UNVERIFIED,NEEDS_REVIEW,false,MATCH,0,1,true,1
7,science,4,motion-time,गति एवं समय,https://scert.bihar.gov.in/eresources/%E0%A4%B5%E0%A4%BF%E0%A4%9C%E0%A5%8D%E0%A4%9E%E0%A4%BE%E0%A4%A8-%E0%A4%AD%E0%A4%BE%E0%A4%97-2-1708062711,UNVERIFIED,NEEDS_REVIEW,false,ORDER,0,1,true,1
7,science,4,motion-time,गति एवं समय,https://scert.bihar.gov.in/eresources/%E0%A4%B5%E0%A4%BF%E0%A4%9C%E0%A5%8D%E0%A4%9E%E0%A4%BE%E0%A4%A8-%E0%A4%AD%E0%A4%BE%E0%A4%97-2-1708062711,UNVERIFIED,NEEDS_REVIEW,false,ASSERTION_REASON,0,1,true,1
7,science,4,motion-time,गति एवं समय,https://scert.bihar.gov.in/eresources/%E0%A4%B5%E0%A4%BF%E0%A4%9C%E0%A5%8D%E0%A4%9E%E0%A4%BE%E0%A4%A8-%E0%A4%AD%E0%A4%BE%E0%A4%97-2-1708062711,UNVERIFIED,NEEDS_REVIEW,false,CASE_BASED,0,1,true,1
7,science,4,motion-time,गति एवं समय,https://scert.bihar.gov.in/eresources/%E0%A4%B5%E0%A4%BF%E0%A4%9C%E0%A5%8D%E0%A4%9E%E0%A4%BE%E0%A4%A8-%E0%A4%AD%E0%A4%BE%E0%A4%97-2-1708062711,UNVERIFIED,NEEDS_REVIEW,false,SHORT_ANSWER,0,1,true,1
7,science,4,motion-time,गति एवं समय,https://scert.bihar.gov.in/eresources/%E0%A4%B5%E0%A4%BF%E0%A4%9C%E0%A5%8D%E0%A4%9E%E0%A4%BE%E0%A4%A8-%E0%A4%AD%E0%A4%BE%E0%A4%97-2-1708062711,UNVERIFIED,NEEDS_REVIEW,false,LONG_ANSWER,0,1,true,1
7,science,4,motion-time,गति एवं समय,https://scert.bihar.gov.in/eresources/%E0%A4%B5%E0%A4%BF%E0%A4%9C%E0%A5%8D%E0%A4%9E%E0%A4%BE%E0%A4%A8-%E0%A4%AD%E0%A4%BE%E0%A4%97-2-1708062711,UNVERIFIED,NEEDS_REVIEW,false,NUMERICAL,0,1,false,0
7,science,4,motion-time,गति एवं समय,https://scert.bihar.gov.in/eresources/%E0%A4%B5%E0%A4%BF%E0%A4%9C%E0%A5%8D%E0%A4%9E%E0%A4%BE%E0%A4%A8-%E0%A4%AD%E0%A4%BE%E0%A4%97-2-1708062711,UNVERIFIED,NEEDS_REVIEW,false,DIAGRAM,0,1,true,1
7,science,4,motion-time,गति एवं समय,https://scert.bihar.gov.in/eresources/%E0%A4%B5%E0%A4%BF%E0%A4%9C%E0%A5%8D%E0%A4%9E%E0%A4%BE%E0%A4%A8-%E0%A4%AD%E0%A4%BE%E0%A4%97-2-1708062711,UNVERIFIED,NEEDS_REVIEW,false,MAP,0,1,false,0
7,science,4,motion-time,गति एवं समय,https://scert.bihar.gov.in/eresources/%E0%A4%B5%E0%A4%BF%E0%A4%9C%E0%A5%8D%E0%A4%9E%E0%A4%BE%E0%A4%A8-%E0%A4%AD%E0%A4%BE%E0%A4%97-2-1708062711,UNVERIFIED,NEEDS_REVIEW,false,SOURCE_BASED,0,1,false,0
7,science,5,physical-chemical-changes,पदार्थ में रासायनिक परिवर्तन,https://scert.bihar.gov.in/eresources/%E0%A4%B5%E0%A4%BF%E0%A4%9C%E0%A5%8D%E0%A4%9E%E0%A4%BE%E0%A4%A8-%E0%A4%AD%E0%A4%BE%E0%A4%97-2-1708062711,UNVERIFIED,NEEDS_REVIEW,false,MCQ,0,1,true,1
7,science,5,physical-chemical-changes,पदार्थ में रासायनिक परिवर्तन,https://scert.bihar.gov.in/eresources/%E0%A4%B5%E0%A4%BF%E0%A4%9C%E0%A5%8D%E0%A4%9E%E0%A4%BE%E0%A4%A8-%E0%A4%AD%E0%A4%BE%E0%A4%97-2-1708062711,UNVERIFIED,NEEDS_REVIEW,false,TRUE_FALSE,0,1,true,1
7,science,5,physical-chemical-changes,पदार्थ में रासायनिक परिवर्तन,https://scert.bihar.gov.in/eresources/%E0%A4%B5%E0%A4%BF%E0%A4%9C%E0%A5%8D%E0%A4%9E%E0%A4%BE%E0%A4%A8-%E0%A4%AD%E0%A4%BE%E0%A4%97-2-1708062711,UNVERIFIED,NEEDS_REVIEW,false,INPUT,0,1,true,1
7,science,5,physical-chemical-changes,पदार्थ में रासायनिक परिवर्तन,https://scert.bihar.gov.in/eresources/%E0%A4%B5%E0%A4%BF%E0%A4%9C%E0%A5%8D%E0%A4%9E%E0%A4%BE%E0%A4%A8-%E0%A4%AD%E0%A4%BE%E0%A4%97-2-1708062711,UNVERIFIED,NEEDS_REVIEW,false,MATCH,0,1,true,1
7,science,5,physical-chemical-changes,पदार्थ में रासायनिक परिवर्तन,https://scert.bihar.gov.in/eresources/%E0%A4%B5%E0%A4%BF%E0%A4%9C%E0%A5%8D%E0%A4%9E%E0%A4%BE%E0%A4%A8-%E0%A4%AD%E0%A4%BE%E0%A4%97-2-1708062711,UNVERIFIED,NEEDS_REVIEW,false,ORDER,0,1,true,1
7,science,5,physical-chemical-changes,पदार्थ में रासायनिक परिवर्तन,https://scert.bihar.gov.in/eresources/%E0%A4%B5%E0%A4%BF%E0%A4%9C%E0%A5%8D%E0%A4%9E%E0%A4%BE%E0%A4%A8-%E0%A4%AD%E0%A4%BE%E0%A4%97-2-1708062711,UNVERIFIED,NEEDS_REVIEW,false,ASSERTION_REASON,0,1,true,1
7,science,5,physical-chemical-changes,पदार्थ में रासायनिक परिवर्तन,https://scert.bihar.gov.in/eresources/%E0%A4%B5%E0%A4%BF%E0%A4%9C%E0%A5%8D%E0%A4%9E%E0%A4%BE%E0%A4%A8-%E0%A4%AD%E0%A4%BE%E0%A4%97-2-1708062711,UNVERIFIED,NEEDS_REVIEW,false,CASE_BASED,0,1,true,1
7,science,5,physical-chemical-changes,पदार्थ में रासायनिक परिवर्तन,https://scert.bihar.gov.in/eresources/%E0%A4%B5%E0%A4%BF%E0%A4%9C%E0%A5%8D%E0%A4%9E%E0%A4%BE%E0%A4%A8-%E0%A4%AD%E0%A4%BE%E0%A4%97-2-1708062711,UNVERIFIED,NEEDS_REVIEW,false,SHORT_ANSWER,0,1,true,1
7,science,5,physical-chemical-changes,पदार्थ में रासायनिक परिवर्तन,https://scert.bihar.gov.in/eresources/%E0%A4%B5%E0%A4%BF%E0%A4%9C%E0%A5%8D%E0%A4%9E%E0%A4%BE%E0%A4%A8-%E0%A4%AD%E0%A4%BE%E0%A4%97-2-1708062711,UNVERIFIED,NEEDS_REVIEW,false,LONG_ANSWER,0,1,true,1
7,science,5,physical-chemical-changes,पदार्थ में रासायनिक परिवर्तन,https://scert.bihar.gov.in/eresources/%E0%A4%B5%E0%A4%BF%E0%A4%9C%E0%A5%8D%E0%A4%9E%E0%A4%BE%E0%A4%A8-%E0%A4%AD%E0%A4%BE%E0%A4%97-2-1708062711,UNVERIFIED,NEEDS_REVIEW,false,NUMERICAL,0,1,false,0
7,science,5,physical-chemical-changes,पदार्थ में रासायनिक परिवर्तन,https://scert.bihar.gov.in/eresources/%E0%A4%B5%E0%A4%BF%E0%A4%9C%E0%A5%8D%E0%A4%9E%E0%A4%BE%E0%A4%A8-%E0%A4%AD%E0%A4%BE%E0%A4%97-2-1708062711,UNVERIFIED,NEEDS_REVIEW,false,DIAGRAM,0,1,true,1
7,science,5,physical-chemical-changes,पदार्थ में रासायनिक परिवर्तन,https://scert.bihar.gov.in/eresources/%E0%A4%B5%E0%A4%BF%E0%A4%9C%E0%A5%8D%E0%A4%9E%E0%A4%BE%E0%A4%A8-%E0%A4%AD%E0%A4%BE%E0%A4%97-2-1708062711,UNVERIFIED,NEEDS_REVIEW,false,MAP,0,1,false,0
7,science,5,physical-chemical-changes,पदार्थ में रासायनिक परिवर्तन,https://scert.bihar.gov.in/eresources/%E0%A4%B5%E0%A4%BF%E0%A4%9C%E0%A5%8D%E0%A4%9E%E0%A4%BE%E0%A4%A8-%E0%A4%AD%E0%A4%BE%E0%A4%97-2-1708062711,UNVERIFIED,NEEDS_REVIEW,false,SOURCE_BASED,0,1,false,0
7,science,6,nutrition-plants,पौधों में पोषण,https://scert.bihar.gov.in/eresources/%E0%A4%B5%E0%A4%BF%E0%A4%9C%E0%A5%8D%E0%A4%9E%E0%A4%BE%E0%A4%A8-%E0%A4%AD%E0%A4%BE%E0%A4%97-2-1708062711,UNVERIFIED,NEEDS_REVIEW,false,MCQ,0,1,true,1
7,science,6,nutrition-plants,पौधों में पोषण,https://scert.bihar.gov.in/eresources/%E0%A4%B5%E0%A4%BF%E0%A4%9C%E0%A5%8D%E0%A4%9E%E0%A4%BE%E0%A4%A8-%E0%A4%AD%E0%A4%BE%E0%A4%97-2-1708062711,UNVERIFIED,NEEDS_REVIEW,false,TRUE_FALSE,0,1,true,1
7,science,6,nutrition-plants,पौधों में पोषण,https://scert.bihar.gov.in/eresources/%E0%A4%B5%E0%A4%BF%E0%A4%9C%E0%A5%8D%E0%A4%9E%E0%A4%BE%E0%A4%A8-%E0%A4%AD%E0%A4%BE%E0%A4%97-2-1708062711,UNVERIFIED,NEEDS_REVIEW,false,INPUT,0,1,true,1
7,science,6,nutrition-plants,पौधों में पोषण,https://scert.bihar.gov.in/eresources/%E0%A4%B5%E0%A4%BF%E0%A4%9C%E0%A5%8D%E0%A4%9E%E0%A4%BE%E0%A4%A8-%E0%A4%AD%E0%A4%BE%E0%A4%97-2-1708062711,UNVERIFIED,NEEDS_REVIEW,false,MATCH,0,1,true,1
7,science,6,nutrition-plants,पौधों में पोषण,https://scert.bihar.gov.in/eresources/%E0%A4%B5%E0%A4%BF%E0%A4%9C%E0%A5%8D%E0%A4%9E%E0%A4%BE%E0%A4%A8-%E0%A4%AD%E0%A4%BE%E0%A4%97-2-1708062711,UNVERIFIED,NEEDS_REVIEW,false,ORDER,0,1,true,1
7,science,6,nutrition-plants,पौधों में पोषण,https://scert.bihar.gov.in/eresources/%E0%A4%B5%E0%A4%BF%E0%A4%9C%E0%A5%8D%E0%A4%9E%E0%A4%BE%E0%A4%A8-%E0%A4%AD%E0%A4%BE%E0%A4%97-2-1708062711,UNVERIFIED,NEEDS_REVIEW,false,ASSERTION_REASON,0,1,true,1
7,science,6,nutrition-plants,पौधों में पोषण,https://scert.bihar.gov.in/eresources/%E0%A4%B5%E0%A4%BF%E0%A4%9C%E0%A5%8D%E0%A4%9E%E0%A4%BE%E0%A4%A8-%E0%A4%AD%E0%A4%BE%E0%A4%97-2-1708062711,UNVERIFIED,NEEDS_REVIEW,false,CASE_BASED,0,1,true,1
7,science,6,nutrition-plants,पौधों में पोषण,https://scert.bihar.gov.in/eresources/%E0%A4%B5%E0%A4%BF%E0%A4%9C%E0%A5%8D%E0%A4%9E%E0%A4%BE%E0%A4%A8-%E0%A4%AD%E0%A4%BE%E0%A4%97-2-1708062711,UNVERIFIED,NEEDS_REVIEW,false,SHORT_ANSWER,0,1,true,1
7,science,6,nutrition-plants,पौधों में पोषण,https://scert.bihar.gov.in/eresources/%E0%A4%B5%E0%A4%BF%E0%A4%9C%E0%A5%8D%E0%A4%9E%E0%A4%BE%E0%A4%A8-%E0%A4%AD%E0%A4%BE%E0%A4%97-2-1708062711,UNVERIFIED,NEEDS_REVIEW,false,LONG_ANSWER,0,1,true,1
7,science,6,nutrition-plants,पौधों में पोषण,https://scert.bihar.gov.in/eresources/%E0%A4%B5%E0%A4%BF%E0%A4%9C%E0%A5%8D%E0%A4%9E%E0%A4%BE%E0%A4%A8-%E0%A4%AD%E0%A4%BE%E0%A4%97-2-1708062711,UNVERIFIED,NEEDS_REVIEW,false,NUMERICAL,0,1,false,0
7,science,6,nutrition-plants,पौधों में पोषण,https://scert.bihar.gov.in/eresources/%E0%A4%B5%E0%A4%BF%E0%A4%9C%E0%A5%8D%E0%A4%9E%E0%A4%BE%E0%A4%A8-%E0%A4%AD%E0%A4%BE%E0%A4%97-2-1708062711,UNVERIFIED,NEEDS_REVIEW,false,DIAGRAM,0,1,true,1
7,science,6,nutrition-plants,पौधों में पोषण,https://scert.bihar.gov.in/eresources/%E0%A4%B5%E0%A4%BF%E0%A4%9C%E0%A5%8D%E0%A4%9E%E0%A4%BE%E0%A4%A8-%E0%A4%AD%E0%A4%BE%E0%A4%97-2-1708062711,UNVERIFIED,NEEDS_REVIEW,false,MAP,0,1,false,0
7,science,6,nutrition-plants,पौधों में पोषण,https://scert.bihar.gov.in/eresources/%E0%A4%B5%E0%A4%BF%E0%A4%9C%E0%A5%8D%E0%A4%9E%E0%A4%BE%E0%A4%A8-%E0%A4%AD%E0%A4%BE%E0%A4%97-2-1708062711,UNVERIFIED,NEEDS_REVIEW,false,SOURCE_BASED,0,1,false,0
7,science,7,air-storms,"हवा, आँधी, तूफान",https://scert.bihar.gov.in/eresources/%E0%A4%B5%E0%A4%BF%E0%A4%9C%E0%A5%8D%E0%A4%9E%E0%A4%BE%E0%A4%A8-%E0%A4%AD%E0%A4%BE%E0%A4%97-2-1708062711,UNVERIFIED,NEEDS_REVIEW,false,MCQ,0,1,true,1
7,science,7,air-storms,"हवा, आँधी, तूफान",https://scert.bihar.gov.in/eresources/%E0%A4%B5%E0%A4%BF%E0%A4%9C%E0%A5%8D%E0%A4%9E%E0%A4%BE%E0%A4%A8-%E0%A4%AD%E0%A4%BE%E0%A4%97-2-1708062711,UNVERIFIED,NEEDS_REVIEW,false,TRUE_FALSE,0,1,true,1
7,science,7,air-storms,"हवा, आँधी, तूफान",https://scert.bihar.gov.in/eresources/%E0%A4%B5%E0%A4%BF%E0%A4%9C%E0%A5%8D%E0%A4%9E%E0%A4%BE%E0%A4%A8-%E0%A4%AD%E0%A4%BE%E0%A4%97-2-1708062711,UNVERIFIED,NEEDS_REVIEW,false,INPUT,0,1,true,1
7,science,7,air-storms,"हवा, आँधी, तूफान",https://scert.bihar.gov.in/eresources/%E0%A4%B5%E0%A4%BF%E0%A4%9C%E0%A5%8D%E0%A4%9E%E0%A4%BE%E0%A4%A8-%E0%A4%AD%E0%A4%BE%E0%A4%97-2-1708062711,UNVERIFIED,NEEDS_REVIEW,false,MATCH,0,1,true,1
7,science,7,air-storms,"हवा, आँधी, तूफान",https://scert.bihar.gov.in/eresources/%E0%A4%B5%E0%A4%BF%E0%A4%9C%E0%A5%8D%E0%A4%9E%E0%A4%BE%E0%A4%A8-%E0%A4%AD%E0%A4%BE%E0%A4%97-2-1708062711,UNVERIFIED,NEEDS_REVIEW,false,ORDER,0,1,true,1
7,science,7,air-storms,"हवा, आँधी, तूफान",https://scert.bihar.gov.in/eresources/%E0%A4%B5%E0%A4%BF%E0%A4%9C%E0%A5%8D%E0%A4%9E%E0%A4%BE%E0%A4%A8-%E0%A4%AD%E0%A4%BE%E0%A4%97-2-1708062711,UNVERIFIED,NEEDS_REVIEW,false,ASSERTION_REASON,0,1,true,1
7,science,7,air-storms,"हवा, आँधी, तूफान",https://scert.bihar.gov.in/eresources/%E0%A4%B5%E0%A4%BF%E0%A4%9C%E0%A5%8D%E0%A4%9E%E0%A4%BE%E0%A4%A8-%E0%A4%AD%E0%A4%BE%E0%A4%97-2-1708062711,UNVERIFIED,NEEDS_REVIEW,false,CASE_BASED,0,1,true,1
7,science,7,air-storms,"हवा, आँधी, तूफान",https://scert.bihar.gov.in/eresources/%E0%A4%B5%E0%A4%BF%E0%A4%9C%E0%A5%8D%E0%A4%9E%E0%A4%BE%E0%A4%A8-%E0%A4%AD%E0%A4%BE%E0%A4%97-2-1708062711,UNVERIFIED,NEEDS_REVIEW,false,SHORT_ANSWER,0,1,true,1
7,science,7,air-storms,"हवा, आँधी, तूफान",https://scert.bihar.gov.in/eresources/%E0%A4%B5%E0%A4%BF%E0%A4%9C%E0%A5%8D%E0%A4%9E%E0%A4%BE%E0%A4%A8-%E0%A4%AD%E0%A4%BE%E0%A4%97-2-1708062711,UNVERIFIED,NEEDS_REVIEW,false,LONG_ANSWER,0,1,true,1
7,science,7,air-storms,"हवा, आँधी, तूफान",https://scert.bihar.gov.in/eresources/%E0%A4%B5%E0%A4%BF%E0%A4%9C%E0%A5%8D%E0%A4%9E%E0%A4%BE%E0%A4%A8-%E0%A4%AD%E0%A4%BE%E0%A4%97-2-1708062711,UNVERIFIED,NEEDS_REVIEW,false,NUMERICAL,0,1,false,0
7,science,7,air-storms,"हवा, आँधी, तूफान",https://scert.bihar.gov.in/eresources/%E0%A4%B5%E0%A4%BF%E0%A4%9C%E0%A5%8D%E0%A4%9E%E0%A4%BE%E0%A4%A8-%E0%A4%AD%E0%A4%BE%E0%A4%97-2-1708062711,UNVERIFIED,NEEDS_REVIEW,false,DIAGRAM,0,1,true,1
7,science,7,air-storms,"हवा, आँधी, तूफान",https://scert.bihar.gov.in/eresources/%E0%A4%B5%E0%A4%BF%E0%A4%9C%E0%A5%8D%E0%A4%9E%E0%A4%BE%E0%A4%A8-%E0%A4%AD%E0%A4%BE%E0%A4%97-2-1708062711,UNVERIFIED,NEEDS_REVIEW,false,MAP,0,1,false,0
7,science,7,air-storms,"हवा, आँधी, तूफान",https://scert.bihar.gov.in/eresources/%E0%A4%B5%E0%A4%BF%E0%A4%9C%E0%A5%8D%E0%A4%9E%E0%A4%BE%E0%A4%A8-%E0%A4%AD%E0%A4%BE%E0%A4%97-2-1708062711,UNVERIFIED,NEEDS_REVIEW,false,SOURCE_BASED,0,1,false,0
7,science,8,climate-adaptation,जलवायु और अनुकूलन,https://scert.bihar.gov.in/eresources/%E0%A4%B5%E0%A4%BF%E0%A4%9C%E0%A5%8D%E0%A4%9E%E0%A4%BE%E0%A4%A8-%E0%A4%AD%E0%A4%BE%E0%A4%97-2-1708062711,UNVERIFIED,NEEDS_REVIEW,false,MCQ,0,1,true,1
7,science,8,climate-adaptation,जलवायु और अनुकूलन,https://scert.bihar.gov.in/eresources/%E0%A4%B5%E0%A4%BF%E0%A4%9C%E0%A5%8D%E0%A4%9E%E0%A4%BE%E0%A4%A8-%E0%A4%AD%E0%A4%BE%E0%A4%97-2-1708062711,UNVERIFIED,NEEDS_REVIEW,false,TRUE_FALSE,0,1,true,1
7,science,8,climate-adaptation,जलवायु और अनुकूलन,https://scert.bihar.gov.in/eresources/%E0%A4%B5%E0%A4%BF%E0%A4%9C%E0%A5%8D%E0%A4%9E%E0%A4%BE%E0%A4%A8-%E0%A4%AD%E0%A4%BE%E0%A4%97-2-1708062711,UNVERIFIED,NEEDS_REVIEW,false,INPUT,0,1,true,1
7,science,8,climate-adaptation,जलवायु और अनुकूलन,https://scert.bihar.gov.in/eresources/%E0%A4%B5%E0%A4%BF%E0%A4%9C%E0%A5%8D%E0%A4%9E%E0%A4%BE%E0%A4%A8-%E0%A4%AD%E0%A4%BE%E0%A4%97-2-1708062711,UNVERIFIED,NEEDS_REVIEW,false,MATCH,0,1,true,1
7,science,8,climate-adaptation,जलवायु और अनुकूलन,https://scert.bihar.gov.in/eresources/%E0%A4%B5%E0%A4%BF%E0%A4%9C%E0%A5%8D%E0%A4%9E%E0%A4%BE%E0%A4%A8-%E0%A4%AD%E0%A4%BE%E0%A4%97-2-1708062711,UNVERIFIED,NEEDS_REVIEW,false,ORDER,0,1,true,1
7,science,8,climate-adaptation,जलवायु और अनुकूलन,https://scert.bihar.gov.in/eresources/%E0%A4%B5%E0%A4%BF%E0%A4%9C%E0%A5%8D%E0%A4%9E%E0%A4%BE%E0%A4%A8-%E0%A4%AD%E0%A4%BE%E0%A4%97-2-1708062711,UNVERIFIED,NEEDS_REVIEW,false,ASSERTION_REASON,0,1,true,1
7,science,8,climate-adaptation,जलवायु और अनुकूलन,https://scert.bihar.gov.in/eresources/%E0%A4%B5%E0%A4%BF%E0%A4%9C%E0%A5%8D%E0%A4%9E%E0%A4%BE%E0%A4%A8-%E0%A4%AD%E0%A4%BE%E0%A4%97-2-1708062711,UNVERIFIED,NEEDS_REVIEW,false,CASE_BASED,0,1,true,1
7,science,8,climate-adaptation,जलवायु और अनुकूलन,https://scert.bihar.gov.in/eresources/%E0%A4%B5%E0%A4%BF%E0%A4%9C%E0%A5%8D%E0%A4%9E%E0%A4%BE%E0%A4%A8-%E0%A4%AD%E0%A4%BE%E0%A4%97-2-1708062711,UNVERIFIED,NEEDS_REVIEW,false,SHORT_ANSWER,0,1,true,1
7,science,8,climate-adaptation,जलवायु और अनुकूलन,https://scert.bihar.gov.in/eresources/%E0%A4%B5%E0%A4%BF%E0%A4%9C%E0%A5%8D%E0%A4%9E%E0%A4%BE%E0%A4%A8-%E0%A4%AD%E0%A4%BE%E0%A4%97-2-1708062711,UNVERIFIED,NEEDS_REVIEW,false,LONG_ANSWER,0,1,true,1
7,science,8,climate-adaptation,जलवायु और अनुकूलन,https://scert.bihar.gov.in/eresources/%E0%A4%B5%E0%A4%BF%E0%A4%9C%E0%A5%8D%E0%A4%9E%E0%A4%BE%E0%A4%A8-%E0%A4%AD%E0%A4%BE%E0%A4%97-2-1708062711,UNVERIFIED,NEEDS_REVIEW,false,NUMERICAL,0,1,false,0
7,science,8,climate-adaptation,जलवायु और अनुकूलन,https://scert.bihar.gov.in/eresources/%E0%A4%B5%E0%A4%BF%E0%A4%9C%E0%A5%8D%E0%A4%9E%E0%A4%BE%E0%A4%A8-%E0%A4%AD%E0%A4%BE%E0%A4%97-2-1708062711,UNVERIFIED,NEEDS_REVIEW,false,DIAGRAM,0,1,true,1
7,science,8,climate-adaptation,जलवायु और अनुकूलन,https://scert.bihar.gov.in/eresources/%E0%A4%B5%E0%A4%BF%E0%A4%9C%E0%A5%8D%E0%A4%9E%E0%A4%BE%E0%A4%A8-%E0%A4%AD%E0%A4%BE%E0%A4%97-2-1708062711,UNVERIFIED,NEEDS_REVIEW,false,MAP,0,1,false,0
7,science,8,climate-adaptation,जलवायु और अनुकूलन,https://scert.bihar.gov.in/eresources/%E0%A4%B5%E0%A4%BF%E0%A4%9C%E0%A5%8D%E0%A4%9E%E0%A4%BE%E0%A4%A8-%E0%A4%AD%E0%A4%BE%E0%A4%97-2-1708062711,UNVERIFIED,NEEDS_REVIEW,false,SOURCE_BASED,0,1,false,0
7,science,9,wastewater,गंदे जल का निपटान,https://scert.bihar.gov.in/eresources/%E0%A4%B5%E0%A4%BF%E0%A4%9C%E0%A5%8D%E0%A4%9E%E0%A4%BE%E0%A4%A8-%E0%A4%AD%E0%A4%BE%E0%A4%97-2-1708062711,UNVERIFIED,NEEDS_REVIEW,false,MCQ,0,1,true,1
7,science,9,wastewater,गंदे जल का निपटान,https://scert.bihar.gov.in/eresources/%E0%A4%B5%E0%A4%BF%E0%A4%9C%E0%A5%8D%E0%A4%9E%E0%A4%BE%E0%A4%A8-%E0%A4%AD%E0%A4%BE%E0%A4%97-2-1708062711,UNVERIFIED,NEEDS_REVIEW,false,TRUE_FALSE,0,1,true,1
7,science,9,wastewater,गंदे जल का निपटान,https://scert.bihar.gov.in/eresources/%E0%A4%B5%E0%A4%BF%E0%A4%9C%E0%A5%8D%E0%A4%9E%E0%A4%BE%E0%A4%A8-%E0%A4%AD%E0%A4%BE%E0%A4%97-2-1708062711,UNVERIFIED,NEEDS_REVIEW,false,INPUT,0,1,true,1
7,science,9,wastewater,गंदे जल का निपटान,https://scert.bihar.gov.in/eresources/%E0%A4%B5%E0%A4%BF%E0%A4%9C%E0%A5%8D%E0%A4%9E%E0%A4%BE%E0%A4%A8-%E0%A4%AD%E0%A4%BE%E0%A4%97-2-1708062711,UNVERIFIED,NEEDS_REVIEW,false,MATCH,0,1,true,1
7,science,9,wastewater,गंदे जल का निपटान,https://scert.bihar.gov.in/eresources/%E0%A4%B5%E0%A4%BF%E0%A4%9C%E0%A5%8D%E0%A4%9E%E0%A4%BE%E0%A4%A8-%E0%A4%AD%E0%A4%BE%E0%A4%97-2-1708062711,UNVERIFIED,NEEDS_REVIEW,false,ORDER,0,1,true,1
7,science,9,wastewater,गंदे जल का निपटान,https://scert.bihar.gov.in/eresources/%E0%A4%B5%E0%A4%BF%E0%A4%9C%E0%A5%8D%E0%A4%9E%E0%A4%BE%E0%A4%A8-%E0%A4%AD%E0%A4%BE%E0%A4%97-2-1708062711,UNVERIFIED,NEEDS_REVIEW,false,ASSERTION_REASON,0,1,true,1
7,science,9,wastewater,गंदे जल का निपटान,https://scert.bihar.gov.in/eresources/%E0%A4%B5%E0%A4%BF%E0%A4%9C%E0%A5%8D%E0%A4%9E%E0%A4%BE%E0%A4%A8-%E0%A4%AD%E0%A4%BE%E0%A4%97-2-1708062711,UNVERIFIED,NEEDS_REVIEW,false,CASE_BASED,0,1,true,1
7,science,9,wastewater,गंदे जल का निपटान,https://scert.bihar.gov.in/eresources/%E0%A4%B5%E0%A4%BF%E0%A4%9C%E0%A5%8D%E0%A4%9E%E0%A4%BE%E0%A4%A8-%E0%A4%AD%E0%A4%BE%E0%A4%97-2-1708062711,UNVERIFIED,NEEDS_REVIEW,false,SHORT_ANSWER,0,1,true,1
7,science,9,wastewater,गंदे जल का निपटान,https://scert.bihar.gov.in/eresources/%E0%A4%B5%E0%A4%BF%E0%A4%9C%E0%A5%8D%E0%A4%9E%E0%A4%BE%E0%A4%A8-%E0%A4%AD%E0%A4%BE%E0%A4%97-2-1708062711,UNVERIFIED,NEEDS_REVIEW,false,LONG_ANSWER,0,1,true,1
7,science,9,wastewater,गंदे जल का निपटान,https://scert.bihar.gov.in/eresources/%E0%A4%B5%E0%A4%BF%E0%A4%9C%E0%A5%8D%E0%A4%9E%E0%A4%BE%E0%A4%A8-%E0%A4%AD%E0%A4%BE%E0%A4%97-2-1708062711,UNVERIFIED,NEEDS_REVIEW,false,NUMERICAL,0,1,false,0
7,science,9,wastewater,गंदे जल का निपटान,https://scert.bihar.gov.in/eresources/%E0%A4%B5%E0%A4%BF%E0%A4%9C%E0%A5%8D%E0%A4%9E%E0%A4%BE%E0%A4%A8-%E0%A4%AD%E0%A4%BE%E0%A4%97-2-1708062711,UNVERIFIED,NEEDS_REVIEW,false,DIAGRAM,0,1,true,1
7,science,9,wastewater,गंदे जल का निपटान,https://scert.bihar.gov.in/eresources/%E0%A4%B5%E0%A4%BF%E0%A4%9C%E0%A5%8D%E0%A4%9E%E0%A4%BE%E0%A4%A8-%E0%A4%AD%E0%A4%BE%E0%A4%97-2-1708062711,UNVERIFIED,NEEDS_REVIEW,false,MAP,0,1,false,0
7,science,9,wastewater,गंदे जल का निपटान,https://scert.bihar.gov.in/eresources/%E0%A4%B5%E0%A4%BF%E0%A4%9C%E0%A5%8D%E0%A4%9E%E0%A4%BE%E0%A4%A8-%E0%A4%AD%E0%A4%BE%E0%A4%97-2-1708062711,UNVERIFIED,NEEDS_REVIEW,false,SOURCE_BASED,0,1,false,0
7,science,10,electric-current-effects,विद्युत धारा और इसके प्रभाव,https://scert.bihar.gov.in/eresources/%E0%A4%B5%E0%A4%BF%E0%A4%9C%E0%A5%8D%E0%A4%9E%E0%A4%BE%E0%A4%A8-%E0%A4%AD%E0%A4%BE%E0%A4%97-2-1708062711,UNVERIFIED,NEEDS_REVIEW,false,MCQ,0,1,true,1
7,science,10,electric-current-effects,विद्युत धारा और इसके प्रभाव,https://scert.bihar.gov.in/eresources/%E0%A4%B5%E0%A4%BF%E0%A4%9C%E0%A5%8D%E0%A4%9E%E0%A4%BE%E0%A4%A8-%E0%A4%AD%E0%A4%BE%E0%A4%97-2-1708062711,UNVERIFIED,NEEDS_REVIEW,false,TRUE_FALSE,0,1,true,1
7,science,10,electric-current-effects,विद्युत धारा और इसके प्रभाव,https://scert.bihar.gov.in/eresources/%E0%A4%B5%E0%A4%BF%E0%A4%9C%E0%A5%8D%E0%A4%9E%E0%A4%BE%E0%A4%A8-%E0%A4%AD%E0%A4%BE%E0%A4%97-2-1708062711,UNVERIFIED,NEEDS_REVIEW,false,INPUT,0,1,true,1
7,science,10,electric-current-effects,विद्युत धारा और इसके प्रभाव,https://scert.bihar.gov.in/eresources/%E0%A4%B5%E0%A4%BF%E0%A4%9C%E0%A5%8D%E0%A4%9E%E0%A4%BE%E0%A4%A8-%E0%A4%AD%E0%A4%BE%E0%A4%97-2-1708062711,UNVERIFIED,NEEDS_REVIEW,false,MATCH,0,1,true,1
7,science,10,electric-current-effects,विद्युत धारा और इसके प्रभाव,https://scert.bihar.gov.in/eresources/%E0%A4%B5%E0%A4%BF%E0%A4%9C%E0%A5%8D%E0%A4%9E%E0%A4%BE%E0%A4%A8-%E0%A4%AD%E0%A4%BE%E0%A4%97-2-1708062711,UNVERIFIED,NEEDS_REVIEW,false,ORDER,0,1,true,1
7,science,10,electric-current-effects,विद्युत धारा और इसके प्रभाव,https://scert.bihar.gov.in/eresources/%E0%A4%B5%E0%A4%BF%E0%A4%9C%E0%A5%8D%E0%A4%9E%E0%A4%BE%E0%A4%A8-%E0%A4%AD%E0%A4%BE%E0%A4%97-2-1708062711,UNVERIFIED,NEEDS_REVIEW,false,ASSERTION_REASON,0,1,true,1
7,science,10,electric-current-effects,विद्युत धारा और इसके प्रभाव,https://scert.bihar.gov.in/eresources/%E0%A4%B5%E0%A4%BF%E0%A4%9C%E0%A5%8D%E0%A4%9E%E0%A4%BE%E0%A4%A8-%E0%A4%AD%E0%A4%BE%E0%A4%97-2-1708062711,UNVERIFIED,NEEDS_REVIEW,false,CASE_BASED,0,1,true,1
7,science,10,electric-current-effects,विद्युत धारा और इसके प्रभाव,https://scert.bihar.gov.in/eresources/%E0%A4%B5%E0%A4%BF%E0%A4%9C%E0%A5%8D%E0%A4%9E%E0%A4%BE%E0%A4%A8-%E0%A4%AD%E0%A4%BE%E0%A4%97-2-1708062711,UNVERIFIED,NEEDS_REVIEW,false,SHORT_ANSWER,0,1,true,1
7,science,10,electric-current-effects,विद्युत धारा और इसके प्रभाव,https://scert.bihar.gov.in/eresources/%E0%A4%B5%E0%A4%BF%E0%A4%9C%E0%A5%8D%E0%A4%9E%E0%A4%BE%E0%A4%A8-%E0%A4%AD%E0%A4%BE%E0%A4%97-2-1708062711,UNVERIFIED,NEEDS_REVIEW,false,LONG_ANSWER,0,1,true,1
7,science,10,electric-current-effects,विद्युत धारा और इसके प्रभाव,https://scert.bihar.gov.in/eresources/%E0%A4%B5%E0%A4%BF%E0%A4%9C%E0%A5%8D%E0%A4%9E%E0%A4%BE%E0%A4%A8-%E0%A4%AD%E0%A4%BE%E0%A4%97-2-1708062711,UNVERIFIED,NEEDS_REVIEW,false,NUMERICAL,0,1,false,0
7,science,10,electric-current-effects,विद्युत धारा और इसके प्रभाव,https://scert.bihar.gov.in/eresources/%E0%A4%B5%E0%A4%BF%E0%A4%9C%E0%A5%8D%E0%A4%9E%E0%A4%BE%E0%A4%A8-%E0%A4%AD%E0%A4%BE%E0%A4%97-2-1708062711,UNVERIFIED,NEEDS_REVIEW,false,DIAGRAM,0,1,true,1
7,science,10,electric-current-effects,विद्युत धारा और इसके प्रभाव,https://scert.bihar.gov.in/eresources/%E0%A4%B5%E0%A4%BF%E0%A4%9C%E0%A5%8D%E0%A4%9E%E0%A4%BE%E0%A4%A8-%E0%A4%AD%E0%A4%BE%E0%A4%97-2-1708062711,UNVERIFIED,NEEDS_REVIEW,false,MAP,0,1,false,0
7,science,10,electric-current-effects,विद्युत धारा और इसके प्रभाव,https://scert.bihar.gov.in/eresources/%E0%A4%B5%E0%A4%BF%E0%A4%9C%E0%A5%8D%E0%A4%9E%E0%A4%BE%E0%A4%A8-%E0%A4%AD%E0%A4%BE%E0%A4%97-2-1708062711,UNVERIFIED,NEEDS_REVIEW,false,SOURCE_BASED,0,1,false,0
7,science,11,fibre-clothing,रेशों से वस्त्र तक,https://scert.bihar.gov.in/eresources/%E0%A4%B5%E0%A4%BF%E0%A4%9C%E0%A5%8D%E0%A4%9E%E0%A4%BE%E0%A4%A8-%E0%A4%AD%E0%A4%BE%E0%A4%97-2-1708062711,UNVERIFIED,NEEDS_REVIEW,false,MCQ,0,1,true,1
7,science,11,fibre-clothing,रेशों से वस्त्र तक,https://scert.bihar.gov.in/eresources/%E0%A4%B5%E0%A4%BF%E0%A4%9C%E0%A5%8D%E0%A4%9E%E0%A4%BE%E0%A4%A8-%E0%A4%AD%E0%A4%BE%E0%A4%97-2-1708062711,UNVERIFIED,NEEDS_REVIEW,false,TRUE_FALSE,0,1,true,1
7,science,11,fibre-clothing,रेशों से वस्त्र तक,https://scert.bihar.gov.in/eresources/%E0%A4%B5%E0%A4%BF%E0%A4%9C%E0%A5%8D%E0%A4%9E%E0%A4%BE%E0%A4%A8-%E0%A4%AD%E0%A4%BE%E0%A4%97-2-1708062711,UNVERIFIED,NEEDS_REVIEW,false,INPUT,0,1,true,1
7,science,11,fibre-clothing,रेशों से वस्त्र तक,https://scert.bihar.gov.in/eresources/%E0%A4%B5%E0%A4%BF%E0%A4%9C%E0%A5%8D%E0%A4%9E%E0%A4%BE%E0%A4%A8-%E0%A4%AD%E0%A4%BE%E0%A4%97-2-1708062711,UNVERIFIED,NEEDS_REVIEW,false,MATCH,0,1,true,1
7,science,11,fibre-clothing,रेशों से वस्त्र तक,https://scert.bihar.gov.in/eresources/%E0%A4%B5%E0%A4%BF%E0%A4%9C%E0%A5%8D%E0%A4%9E%E0%A4%BE%E0%A4%A8-%E0%A4%AD%E0%A4%BE%E0%A4%97-2-1708062711,UNVERIFIED,NEEDS_REVIEW,false,ORDER,0,1,true,1
7,science,11,fibre-clothing,रेशों से वस्त्र तक,https://scert.bihar.gov.in/eresources/%E0%A4%B5%E0%A4%BF%E0%A4%9C%E0%A5%8D%E0%A4%9E%E0%A4%BE%E0%A4%A8-%E0%A4%AD%E0%A4%BE%E0%A4%97-2-1708062711,UNVERIFIED,NEEDS_REVIEW,false,ASSERTION_REASON,0,1,true,1
7,science,11,fibre-clothing,रेशों से वस्त्र तक,https://scert.bihar.gov.in/eresources/%E0%A4%B5%E0%A4%BF%E0%A4%9C%E0%A5%8D%E0%A4%9E%E0%A4%BE%E0%A4%A8-%E0%A4%AD%E0%A4%BE%E0%A4%97-2-1708062711,UNVERIFIED,NEEDS_REVIEW,false,CASE_BASED,0,1,true,1
7,science,11,fibre-clothing,रेशों से वस्त्र तक,https://scert.bihar.gov.in/eresources/%E0%A4%B5%E0%A4%BF%E0%A4%9C%E0%A5%8D%E0%A4%9E%E0%A4%BE%E0%A4%A8-%E0%A4%AD%E0%A4%BE%E0%A4%97-2-1708062711,UNVERIFIED,NEEDS_REVIEW,false,SHORT_ANSWER,0,1,true,1
7,science,11,fibre-clothing,रेशों से वस्त्र तक,https://scert.bihar.gov.in/eresources/%E0%A4%B5%E0%A4%BF%E0%A4%9C%E0%A5%8D%E0%A4%9E%E0%A4%BE%E0%A4%A8-%E0%A4%AD%E0%A4%BE%E0%A4%97-2-1708062711,UNVERIFIED,NEEDS_REVIEW,false,LONG_ANSWER,0,1,true,1
7,science,11,fibre-clothing,रेशों से वस्त्र तक,https://scert.bihar.gov.in/eresources/%E0%A4%B5%E0%A4%BF%E0%A4%9C%E0%A5%8D%E0%A4%9E%E0%A4%BE%E0%A4%A8-%E0%A4%AD%E0%A4%BE%E0%A4%97-2-1708062711,UNVERIFIED,NEEDS_REVIEW,false,NUMERICAL,0,1,false,0
7,science,11,fibre-clothing,रेशों से वस्त्र तक,https://scert.bihar.gov.in/eresources/%E0%A4%B5%E0%A4%BF%E0%A4%9C%E0%A5%8D%E0%A4%9E%E0%A4%BE%E0%A4%A8-%E0%A4%AD%E0%A4%BE%E0%A4%97-2-1708062711,UNVERIFIED,NEEDS_REVIEW,false,DIAGRAM,0,1,true,1
7,science,11,fibre-clothing,रेशों से वस्त्र तक,https://scert.bihar.gov.in/eresources/%E0%A4%B5%E0%A4%BF%E0%A4%9C%E0%A5%8D%E0%A4%9E%E0%A4%BE%E0%A4%A8-%E0%A4%AD%E0%A4%BE%E0%A4%97-2-1708062711,UNVERIFIED,NEEDS_REVIEW,false,MAP,0,1,false,0
7,science,11,fibre-clothing,रेशों से वस्त्र तक,https://scert.bihar.gov.in/eresources/%E0%A4%B5%E0%A4%BF%E0%A4%9C%E0%A5%8D%E0%A4%9E%E0%A4%BE%E0%A4%A8-%E0%A4%AD%E0%A4%BE%E0%A4%97-2-1708062711,UNVERIFIED,NEEDS_REVIEW,false,SOURCE_BASED,0,1,false,0
7,science,12,acids-bases-salts,"अम्ल, क्षार और लवण",https://scert.bihar.gov.in/eresources/%E0%A4%B5%E0%A4%BF%E0%A4%9C%E0%A5%8D%E0%A4%9E%E0%A4%BE%E0%A4%A8-%E0%A4%AD%E0%A4%BE%E0%A4%97-2-1708062711,UNVERIFIED,NEEDS_REVIEW,false,MCQ,0,1,true,1
7,science,12,acids-bases-salts,"अम्ल, क्षार और लवण",https://scert.bihar.gov.in/eresources/%E0%A4%B5%E0%A4%BF%E0%A4%9C%E0%A5%8D%E0%A4%9E%E0%A4%BE%E0%A4%A8-%E0%A4%AD%E0%A4%BE%E0%A4%97-2-1708062711,UNVERIFIED,NEEDS_REVIEW,false,TRUE_FALSE,0,1,true,1
7,science,12,acids-bases-salts,"अम्ल, क्षार और लवण",https://scert.bihar.gov.in/eresources/%E0%A4%B5%E0%A4%BF%E0%A4%9C%E0%A5%8D%E0%A4%9E%E0%A4%BE%E0%A4%A8-%E0%A4%AD%E0%A4%BE%E0%A4%97-2-1708062711,UNVERIFIED,NEEDS_REVIEW,false,INPUT,0,1,true,1
7,science,12,acids-bases-salts,"अम्ल, क्षार और लवण",https://scert.bihar.gov.in/eresources/%E0%A4%B5%E0%A4%BF%E0%A4%9C%E0%A5%8D%E0%A4%9E%E0%A4%BE%E0%A4%A8-%E0%A4%AD%E0%A4%BE%E0%A4%97-2-1708062711,UNVERIFIED,NEEDS_REVIEW,false,MATCH,0,1,true,1
7,science,12,acids-bases-salts,"अम्ल, क्षार और लवण",https://scert.bihar.gov.in/eresources/%E0%A4%B5%E0%A4%BF%E0%A4%9C%E0%A5%8D%E0%A4%9E%E0%A4%BE%E0%A4%A8-%E0%A4%AD%E0%A4%BE%E0%A4%97-2-1708062711,UNVERIFIED,NEEDS_REVIEW,false,ORDER,0,1,true,1
7,science,12,acids-bases-salts,"अम्ल, क्षार और लवण",https://scert.bihar.gov.in/eresources/%E0%A4%B5%E0%A4%BF%E0%A4%9C%E0%A5%8D%E0%A4%9E%E0%A4%BE%E0%A4%A8-%E0%A4%AD%E0%A4%BE%E0%A4%97-2-1708062711,UNVERIFIED,NEEDS_REVIEW,false,ASSERTION_REASON,0,1,true,1
7,science,12,acids-bases-salts,"अम्ल, क्षार और लवण",https://scert.bihar.gov.in/eresources/%E0%A4%B5%E0%A4%BF%E0%A4%9C%E0%A5%8D%E0%A4%9E%E0%A4%BE%E0%A4%A8-%E0%A4%AD%E0%A4%BE%E0%A4%97-2-1708062711,UNVERIFIED,NEEDS_REVIEW,false,CASE_BASED,0,1,true,1
7,science,12,acids-bases-salts,"अम्ल, क्षार और लवण",https://scert.bihar.gov.in/eresources/%E0%A4%B5%E0%A4%BF%E0%A4%9C%E0%A5%8D%E0%A4%9E%E0%A4%BE%E0%A4%A8-%E0%A4%AD%E0%A4%BE%E0%A4%97-2-1708062711,UNVERIFIED,NEEDS_REVIEW,false,SHORT_ANSWER,0,1,true,1
7,science,12,acids-bases-salts,"अम्ल, क्षार और लवण",https://scert.bihar.gov.in/eresources/%E0%A4%B5%E0%A4%BF%E0%A4%9C%E0%A5%8D%E0%A4%9E%E0%A4%BE%E0%A4%A8-%E0%A4%AD%E0%A4%BE%E0%A4%97-2-1708062711,UNVERIFIED,NEEDS_REVIEW,false,LONG_ANSWER,0,1,true,1
7,science,12,acids-bases-salts,"अम्ल, क्षार और लवण",https://scert.bihar.gov.in/eresources/%E0%A4%B5%E0%A4%BF%E0%A4%9C%E0%A5%8D%E0%A4%9E%E0%A4%BE%E0%A4%A8-%E0%A4%AD%E0%A4%BE%E0%A4%97-2-1708062711,UNVERIFIED,NEEDS_REVIEW,false,NUMERICAL,0,1,false,0
7,science,12,acids-bases-salts,"अम्ल, क्षार और लवण",https://scert.bihar.gov.in/eresources/%E0%A4%B5%E0%A4%BF%E0%A4%9C%E0%A5%8D%E0%A4%9E%E0%A4%BE%E0%A4%A8-%E0%A4%AD%E0%A4%BE%E0%A4%97-2-1708062711,UNVERIFIED,NEEDS_REVIEW,false,DIAGRAM,0,1,true,1
7,science,12,acids-bases-salts,"अम्ल, क्षार और लवण",https://scert.bihar.gov.in/eresources/%E0%A4%B5%E0%A4%BF%E0%A4%9C%E0%A5%8D%E0%A4%9E%E0%A4%BE%E0%A4%A8-%E0%A4%AD%E0%A4%BE%E0%A4%97-2-1708062711,UNVERIFIED,NEEDS_REVIEW,false,MAP,0,1,false,0
7,science,12,acids-bases-salts,"अम्ल, क्षार और लवण",https://scert.bihar.gov.in/eresources/%E0%A4%B5%E0%A4%BF%E0%A4%9C%E0%A5%8D%E0%A4%9E%E0%A4%BE%E0%A4%A8-%E0%A4%AD%E0%A4%BE%E0%A4%97-2-1708062711,UNVERIFIED,NEEDS_REVIEW,false,SOURCE_BASED,0,1,false,0
7,science,13,soil,मिट्टी,https://scert.bihar.gov.in/eresources/%E0%A4%B5%E0%A4%BF%E0%A4%9C%E0%A5%8D%E0%A4%9E%E0%A4%BE%E0%A4%A8-%E0%A4%AD%E0%A4%BE%E0%A4%97-2-1708062711,UNVERIFIED,NEEDS_REVIEW,false,MCQ,0,1,true,1
7,science,13,soil,मिट्टी,https://scert.bihar.gov.in/eresources/%E0%A4%B5%E0%A4%BF%E0%A4%9C%E0%A5%8D%E0%A4%9E%E0%A4%BE%E0%A4%A8-%E0%A4%AD%E0%A4%BE%E0%A4%97-2-1708062711,UNVERIFIED,NEEDS_REVIEW,false,TRUE_FALSE,0,1,true,1
7,science,13,soil,मिट्टी,https://scert.bihar.gov.in/eresources/%E0%A4%B5%E0%A4%BF%E0%A4%9C%E0%A5%8D%E0%A4%9E%E0%A4%BE%E0%A4%A8-%E0%A4%AD%E0%A4%BE%E0%A4%97-2-1708062711,UNVERIFIED,NEEDS_REVIEW,false,INPUT,0,1,true,1
7,science,13,soil,मिट्टी,https://scert.bihar.gov.in/eresources/%E0%A4%B5%E0%A4%BF%E0%A4%9C%E0%A5%8D%E0%A4%9E%E0%A4%BE%E0%A4%A8-%E0%A4%AD%E0%A4%BE%E0%A4%97-2-1708062711,UNVERIFIED,NEEDS_REVIEW,false,MATCH,0,1,true,1
7,science,13,soil,मिट्टी,https://scert.bihar.gov.in/eresources/%E0%A4%B5%E0%A4%BF%E0%A4%9C%E0%A5%8D%E0%A4%9E%E0%A4%BE%E0%A4%A8-%E0%A4%AD%E0%A4%BE%E0%A4%97-2-1708062711,UNVERIFIED,NEEDS_REVIEW,false,ORDER,0,1,true,1
7,science,13,soil,मिट्टी,https://scert.bihar.gov.in/eresources/%E0%A4%B5%E0%A4%BF%E0%A4%9C%E0%A5%8D%E0%A4%9E%E0%A4%BE%E0%A4%A8-%E0%A4%AD%E0%A4%BE%E0%A4%97-2-1708062711,UNVERIFIED,NEEDS_REVIEW,false,ASSERTION_REASON,0,1,true,1
7,science,13,soil,मिट्टी,https://scert.bihar.gov.in/eresources/%E0%A4%B5%E0%A4%BF%E0%A4%9C%E0%A5%8D%E0%A4%9E%E0%A4%BE%E0%A4%A8-%E0%A4%AD%E0%A4%BE%E0%A4%97-2-1708062711,UNVERIFIED,NEEDS_REVIEW,false,CASE_BASED,0,1,true,1
7,science,13,soil,मिट्टी,https://scert.bihar.gov.in/eresources/%E0%A4%B5%E0%A4%BF%E0%A4%9C%E0%A5%8D%E0%A4%9E%E0%A4%BE%E0%A4%A8-%E0%A4%AD%E0%A4%BE%E0%A4%97-2-1708062711,UNVERIFIED,NEEDS_REVIEW,false,SHORT_ANSWER,0,1,true,1
7,science,13,soil,मिट्टी,https://scert.bihar.gov.in/eresources/%E0%A4%B5%E0%A4%BF%E0%A4%9C%E0%A5%8D%E0%A4%9E%E0%A4%BE%E0%A4%A8-%E0%A4%AD%E0%A4%BE%E0%A4%97-2-1708062711,UNVERIFIED,NEEDS_REVIEW,false,LONG_ANSWER,0,1,true,1
7,science,13,soil,मिट्टी,https://scert.bihar.gov.in/eresources/%E0%A4%B5%E0%A4%BF%E0%A4%9C%E0%A5%8D%E0%A4%9E%E0%A4%BE%E0%A4%A8-%E0%A4%AD%E0%A4%BE%E0%A4%97-2-1708062711,UNVERIFIED,NEEDS_REVIEW,false,NUMERICAL,0,1,false,0
7,science,13,soil,मिट्टी,https://scert.bihar.gov.in/eresources/%E0%A4%B5%E0%A4%BF%E0%A4%9C%E0%A5%8D%E0%A4%9E%E0%A4%BE%E0%A4%A8-%E0%A4%AD%E0%A4%BE%E0%A4%97-2-1708062711,UNVERIFIED,NEEDS_REVIEW,false,DIAGRAM,0,1,true,1
7,science,13,soil,मिट्टी,https://scert.bihar.gov.in/eresources/%E0%A4%B5%E0%A4%BF%E0%A4%9C%E0%A5%8D%E0%A4%9E%E0%A4%BE%E0%A4%A8-%E0%A4%AD%E0%A4%BE%E0%A4%97-2-1708062711,UNVERIFIED,NEEDS_REVIEW,false,MAP,0,1,false,0
7,science,13,soil,मिट्टी,https://scert.bihar.gov.in/eresources/%E0%A4%B5%E0%A4%BF%E0%A4%9C%E0%A5%8D%E0%A4%9E%E0%A4%BE%E0%A4%A8-%E0%A4%AD%E0%A4%BE%E0%A4%97-2-1708062711,UNVERIFIED,NEEDS_REVIEW,false,SOURCE_BASED,0,1,false,0
7,science,14,transportation,पौधों में संवहन,https://scert.bihar.gov.in/eresources/%E0%A4%B5%E0%A4%BF%E0%A4%9C%E0%A5%8D%E0%A4%9E%E0%A4%BE%E0%A4%A8-%E0%A4%AD%E0%A4%BE%E0%A4%97-2-1708062711,UNVERIFIED,NEEDS_REVIEW,false,MCQ,0,1,true,1
7,science,14,transportation,पौधों में संवहन,https://scert.bihar.gov.in/eresources/%E0%A4%B5%E0%A4%BF%E0%A4%9C%E0%A5%8D%E0%A4%9E%E0%A4%BE%E0%A4%A8-%E0%A4%AD%E0%A4%BE%E0%A4%97-2-1708062711,UNVERIFIED,NEEDS_REVIEW,false,TRUE_FALSE,0,1,true,1
7,science,14,transportation,पौधों में संवहन,https://scert.bihar.gov.in/eresources/%E0%A4%B5%E0%A4%BF%E0%A4%9C%E0%A5%8D%E0%A4%9E%E0%A4%BE%E0%A4%A8-%E0%A4%AD%E0%A4%BE%E0%A4%97-2-1708062711,UNVERIFIED,NEEDS_REVIEW,false,INPUT,0,1,true,1
7,science,14,transportation,पौधों में संवहन,https://scert.bihar.gov.in/eresources/%E0%A4%B5%E0%A4%BF%E0%A4%9C%E0%A5%8D%E0%A4%9E%E0%A4%BE%E0%A4%A8-%E0%A4%AD%E0%A4%BE%E0%A4%97-2-1708062711,UNVERIFIED,NEEDS_REVIEW,false,MATCH,0,1,true,1
7,science,14,transportation,पौधों में संवहन,https://scert.bihar.gov.in/eresources/%E0%A4%B5%E0%A4%BF%E0%A4%9C%E0%A5%8D%E0%A4%9E%E0%A4%BE%E0%A4%A8-%E0%A4%AD%E0%A4%BE%E0%A4%97-2-1708062711,UNVERIFIED,NEEDS_REVIEW,false,ORDER,0,1,true,1
7,science,14,transportation,पौधों में संवहन,https://scert.bihar.gov.in/eresources/%E0%A4%B5%E0%A4%BF%E0%A4%9C%E0%A5%8D%E0%A4%9E%E0%A4%BE%E0%A4%A8-%E0%A4%AD%E0%A4%BE%E0%A4%97-2-1708062711,UNVERIFIED,NEEDS_REVIEW,false,ASSERTION_REASON,0,1,true,1
7,science,14,transportation,पौधों में संवहन,https://scert.bihar.gov.in/eresources/%E0%A4%B5%E0%A4%BF%E0%A4%9C%E0%A5%8D%E0%A4%9E%E0%A4%BE%E0%A4%A8-%E0%A4%AD%E0%A4%BE%E0%A4%97-2-1708062711,UNVERIFIED,NEEDS_REVIEW,false,CASE_BASED,0,1,true,1
7,science,14,transportation,पौधों में संवहन,https://scert.bihar.gov.in/eresources/%E0%A4%B5%E0%A4%BF%E0%A4%9C%E0%A5%8D%E0%A4%9E%E0%A4%BE%E0%A4%A8-%E0%A4%AD%E0%A4%BE%E0%A4%97-2-1708062711,UNVERIFIED,NEEDS_REVIEW,false,SHORT_ANSWER,0,1,true,1
7,science,14,transportation,पौधों में संवहन,https://scert.bihar.gov.in/eresources/%E0%A4%B5%E0%A4%BF%E0%A4%9C%E0%A5%8D%E0%A4%9E%E0%A4%BE%E0%A4%A8-%E0%A4%AD%E0%A4%BE%E0%A4%97-2-1708062711,UNVERIFIED,NEEDS_REVIEW,false,LONG_ANSWER,0,1,true,1
7,science,14,transportation,पौधों में संवहन,https://scert.bihar.gov.in/eresources/%E0%A4%B5%E0%A4%BF%E0%A4%9C%E0%A5%8D%E0%A4%9E%E0%A4%BE%E0%A4%A8-%E0%A4%AD%E0%A4%BE%E0%A4%97-2-1708062711,UNVERIFIED,NEEDS_REVIEW,false,NUMERICAL,0,1,false,0
7,science,14,transportation,पौधों में संवहन,https://scert.bihar.gov.in/eresources/%E0%A4%B5%E0%A4%BF%E0%A4%9C%E0%A5%8D%E0%A4%9E%E0%A4%BE%E0%A4%A8-%E0%A4%AD%E0%A4%BE%E0%A4%97-2-1708062711,UNVERIFIED,NEEDS_REVIEW,false,DIAGRAM,0,1,true,1
7,science,14,transportation,पौधों में संवहन,https://scert.bihar.gov.in/eresources/%E0%A4%B5%E0%A4%BF%E0%A4%9C%E0%A5%8D%E0%A4%9E%E0%A4%BE%E0%A4%A8-%E0%A4%AD%E0%A4%BE%E0%A4%97-2-1708062711,UNVERIFIED,NEEDS_REVIEW,false,MAP,0,1,false,0
7,science,14,transportation,पौधों में संवहन,https://scert.bihar.gov.in/eresources/%E0%A4%B5%E0%A4%BF%E0%A4%9C%E0%A5%8D%E0%A4%9E%E0%A4%BE%E0%A4%A8-%E0%A4%AD%E0%A4%BE%E0%A4%97-2-1708062711,UNVERIFIED,NEEDS_REVIEW,false,SOURCE_BASED,0,1,false,0
7,science,15,respiration,जीवों में श्वसन,https://scert.bihar.gov.in/eresources/%E0%A4%B5%E0%A4%BF%E0%A4%9C%E0%A5%8D%E0%A4%9E%E0%A4%BE%E0%A4%A8-%E0%A4%AD%E0%A4%BE%E0%A4%97-2-1708062711,UNVERIFIED,NEEDS_REVIEW,false,MCQ,0,1,true,1
7,science,15,respiration,जीवों में श्वसन,https://scert.bihar.gov.in/eresources/%E0%A4%B5%E0%A4%BF%E0%A4%9C%E0%A5%8D%E0%A4%9E%E0%A4%BE%E0%A4%A8-%E0%A4%AD%E0%A4%BE%E0%A4%97-2-1708062711,UNVERIFIED,NEEDS_REVIEW,false,TRUE_FALSE,0,1,true,1
7,science,15,respiration,जीवों में श्वसन,https://scert.bihar.gov.in/eresources/%E0%A4%B5%E0%A4%BF%E0%A4%9C%E0%A5%8D%E0%A4%9E%E0%A4%BE%E0%A4%A8-%E0%A4%AD%E0%A4%BE%E0%A4%97-2-1708062711,UNVERIFIED,NEEDS_REVIEW,false,INPUT,0,1,true,1
7,science,15,respiration,जीवों में श्वसन,https://scert.bihar.gov.in/eresources/%E0%A4%B5%E0%A4%BF%E0%A4%9C%E0%A5%8D%E0%A4%9E%E0%A4%BE%E0%A4%A8-%E0%A4%AD%E0%A4%BE%E0%A4%97-2-1708062711,UNVERIFIED,NEEDS_REVIEW,false,MATCH,0,1,true,1
7,science,15,respiration,जीवों में श्वसन,https://scert.bihar.gov.in/eresources/%E0%A4%B5%E0%A4%BF%E0%A4%9C%E0%A5%8D%E0%A4%9E%E0%A4%BE%E0%A4%A8-%E0%A4%AD%E0%A4%BE%E0%A4%97-2-1708062711,UNVERIFIED,NEEDS_REVIEW,false,ORDER,0,1,true,1
7,science,15,respiration,जीवों में श्वसन,https://scert.bihar.gov.in/eresources/%E0%A4%B5%E0%A4%BF%E0%A4%9C%E0%A5%8D%E0%A4%9E%E0%A4%BE%E0%A4%A8-%E0%A4%AD%E0%A4%BE%E0%A4%97-2-1708062711,UNVERIFIED,NEEDS_REVIEW,false,ASSERTION_REASON,0,1,true,1
7,science,15,respiration,जीवों में श्वसन,https://scert.bihar.gov.in/eresources/%E0%A4%B5%E0%A4%BF%E0%A4%9C%E0%A5%8D%E0%A4%9E%E0%A4%BE%E0%A4%A8-%E0%A4%AD%E0%A4%BE%E0%A4%97-2-1708062711,UNVERIFIED,NEEDS_REVIEW,false,CASE_BASED,0,1,true,1
7,science,15,respiration,जीवों में श्वसन,https://scert.bihar.gov.in/eresources/%E0%A4%B5%E0%A4%BF%E0%A4%9C%E0%A5%8D%E0%A4%9E%E0%A4%BE%E0%A4%A8-%E0%A4%AD%E0%A4%BE%E0%A4%97-2-1708062711,UNVERIFIED,NEEDS_REVIEW,false,SHORT_ANSWER,0,1,true,1
7,science,15,respiration,जीवों में श्वसन,https://scert.bihar.gov.in/eresources/%E0%A4%B5%E0%A4%BF%E0%A4%9C%E0%A5%8D%E0%A4%9E%E0%A4%BE%E0%A4%A8-%E0%A4%AD%E0%A4%BE%E0%A4%97-2-1708062711,UNVERIFIED,NEEDS_REVIEW,false,LONG_ANSWER,0,1,true,1
7,science,15,respiration,जीवों में श्वसन,https://scert.bihar.gov.in/eresources/%E0%A4%B5%E0%A4%BF%E0%A4%9C%E0%A5%8D%E0%A4%9E%E0%A4%BE%E0%A4%A8-%E0%A4%AD%E0%A4%BE%E0%A4%97-2-1708062711,UNVERIFIED,NEEDS_REVIEW,false,NUMERICAL,0,1,false,0
7,science,15,respiration,जीवों में श्वसन,https://scert.bihar.gov.in/eresources/%E0%A4%B5%E0%A4%BF%E0%A4%9C%E0%A5%8D%E0%A4%9E%E0%A4%BE%E0%A4%A8-%E0%A4%AD%E0%A4%BE%E0%A4%97-2-1708062711,UNVERIFIED,NEEDS_REVIEW,false,DIAGRAM,0,1,true,1
7,science,15,respiration,जीवों में श्वसन,https://scert.bihar.gov.in/eresources/%E0%A4%B5%E0%A4%BF%E0%A4%9C%E0%A5%8D%E0%A4%9E%E0%A4%BE%E0%A4%A8-%E0%A4%AD%E0%A4%BE%E0%A4%97-2-1708062711,UNVERIFIED,NEEDS_REVIEW,false,MAP,0,1,false,0
7,science,15,respiration,जीवों में श्वसन,https://scert.bihar.gov.in/eresources/%E0%A4%B5%E0%A4%BF%E0%A4%9C%E0%A5%8D%E0%A4%9E%E0%A4%BE%E0%A4%A8-%E0%A4%AD%E0%A4%BE%E0%A4%97-2-1708062711,UNVERIFIED,NEEDS_REVIEW,false,SOURCE_BASED,0,1,false,0
7,science,16,light,प्रकाश,https://scert.bihar.gov.in/eresources/%E0%A4%B5%E0%A4%BF%E0%A4%9C%E0%A5%8D%E0%A4%9E%E0%A4%BE%E0%A4%A8-%E0%A4%AD%E0%A4%BE%E0%A4%97-2-1708062711,UNVERIFIED,NEEDS_REVIEW,false,MCQ,0,1,true,1
7,science,16,light,प्रकाश,https://scert.bihar.gov.in/eresources/%E0%A4%B5%E0%A4%BF%E0%A4%9C%E0%A5%8D%E0%A4%9E%E0%A4%BE%E0%A4%A8-%E0%A4%AD%E0%A4%BE%E0%A4%97-2-1708062711,UNVERIFIED,NEEDS_REVIEW,false,TRUE_FALSE,0,1,true,1
7,science,16,light,प्रकाश,https://scert.bihar.gov.in/eresources/%E0%A4%B5%E0%A4%BF%E0%A4%9C%E0%A5%8D%E0%A4%9E%E0%A4%BE%E0%A4%A8-%E0%A4%AD%E0%A4%BE%E0%A4%97-2-1708062711,UNVERIFIED,NEEDS_REVIEW,false,INPUT,0,1,true,1
7,science,16,light,प्रकाश,https://scert.bihar.gov.in/eresources/%E0%A4%B5%E0%A4%BF%E0%A4%9C%E0%A5%8D%E0%A4%9E%E0%A4%BE%E0%A4%A8-%E0%A4%AD%E0%A4%BE%E0%A4%97-2-1708062711,UNVERIFIED,NEEDS_REVIEW,false,MATCH,0,1,true,1
7,science,16,light,प्रकाश,https://scert.bihar.gov.in/eresources/%E0%A4%B5%E0%A4%BF%E0%A4%9C%E0%A5%8D%E0%A4%9E%E0%A4%BE%E0%A4%A8-%E0%A4%AD%E0%A4%BE%E0%A4%97-2-1708062711,UNVERIFIED,NEEDS_REVIEW,false,ORDER,0,1,true,1
7,science,16,light,प्रकाश,https://scert.bihar.gov.in/eresources/%E0%A4%B5%E0%A4%BF%E0%A4%9C%E0%A5%8D%E0%A4%9E%E0%A4%BE%E0%A4%A8-%E0%A4%AD%E0%A4%BE%E0%A4%97-2-1708062711,UNVERIFIED,NEEDS_REVIEW,false,ASSERTION_REASON,0,1,true,1
7,science,16,light,प्रकाश,https://scert.bihar.gov.in/eresources/%E0%A4%B5%E0%A4%BF%E0%A4%9C%E0%A5%8D%E0%A4%9E%E0%A4%BE%E0%A4%A8-%E0%A4%AD%E0%A4%BE%E0%A4%97-2-1708062711,UNVERIFIED,NEEDS_REVIEW,false,CASE_BASED,0,1,true,1
7,science,16,light,प्रकाश,https://scert.bihar.gov.in/eresources/%E0%A4%B5%E0%A4%BF%E0%A4%9C%E0%A5%8D%E0%A4%9E%E0%A4%BE%E0%A4%A8-%E0%A4%AD%E0%A4%BE%E0%A4%97-2-1708062711,UNVERIFIED,NEEDS_REVIEW,false,SHORT_ANSWER,0,1,true,1
7,science,16,light,प्रकाश,https://scert.bihar.gov.in/eresources/%E0%A4%B5%E0%A4%BF%E0%A4%9C%E0%A5%8D%E0%A4%9E%E0%A4%BE%E0%A4%A8-%E0%A4%AD%E0%A4%BE%E0%A4%97-2-1708062711,UNVERIFIED,NEEDS_REVIEW,false,LONG_ANSWER,0,1,true,1
7,science,16,light,प्रकाश,https://scert.bihar.gov.in/eresources/%E0%A4%B5%E0%A4%BF%E0%A4%9C%E0%A5%8D%E0%A4%9E%E0%A4%BE%E0%A4%A8-%E0%A4%AD%E0%A4%BE%E0%A4%97-2-1708062711,UNVERIFIED,NEEDS_REVIEW,false,NUMERICAL,0,1,false,0
7,science,16,light,प्रकाश,https://scert.bihar.gov.in/eresources/%E0%A4%B5%E0%A4%BF%E0%A4%9C%E0%A5%8D%E0%A4%9E%E0%A4%BE%E0%A4%A8-%E0%A4%AD%E0%A4%BE%E0%A4%97-2-1708062711,UNVERIFIED,NEEDS_REVIEW,false,DIAGRAM,0,1,true,1
7,science,16,light,प्रकाश,https://scert.bihar.gov.in/eresources/%E0%A4%B5%E0%A4%BF%E0%A4%9C%E0%A5%8D%E0%A4%9E%E0%A4%BE%E0%A4%A8-%E0%A4%AD%E0%A4%BE%E0%A4%97-2-1708062711,UNVERIFIED,NEEDS_REVIEW,false,MAP,0,1,false,0
7,science,16,light,प्रकाश,https://scert.bihar.gov.in/eresources/%E0%A4%B5%E0%A4%BF%E0%A4%9C%E0%A5%8D%E0%A4%9E%E0%A4%BE%E0%A4%A8-%E0%A4%AD%E0%A4%BE%E0%A4%97-2-1708062711,UNVERIFIED,NEEDS_REVIEW,false,SOURCE_BASED,0,1,false,0
7,science,17,reproduction-plants,पौधों में जनन,https://scert.bihar.gov.in/eresources/%E0%A4%B5%E0%A4%BF%E0%A4%9C%E0%A5%8D%E0%A4%9E%E0%A4%BE%E0%A4%A8-%E0%A4%AD%E0%A4%BE%E0%A4%97-2-1708062711,UNVERIFIED,NEEDS_REVIEW,false,MCQ,0,1,true,1
7,science,17,reproduction-plants,पौधों में जनन,https://scert.bihar.gov.in/eresources/%E0%A4%B5%E0%A4%BF%E0%A4%9C%E0%A5%8D%E0%A4%9E%E0%A4%BE%E0%A4%A8-%E0%A4%AD%E0%A4%BE%E0%A4%97-2-1708062711,UNVERIFIED,NEEDS_REVIEW,false,TRUE_FALSE,0,1,true,1
7,science,17,reproduction-plants,पौधों में जनन,https://scert.bihar.gov.in/eresources/%E0%A4%B5%E0%A4%BF%E0%A4%9C%E0%A5%8D%E0%A4%9E%E0%A4%BE%E0%A4%A8-%E0%A4%AD%E0%A4%BE%E0%A4%97-2-1708062711,UNVERIFIED,NEEDS_REVIEW,false,INPUT,0,1,true,1
7,science,17,reproduction-plants,पौधों में जनन,https://scert.bihar.gov.in/eresources/%E0%A4%B5%E0%A4%BF%E0%A4%9C%E0%A5%8D%E0%A4%9E%E0%A4%BE%E0%A4%A8-%E0%A4%AD%E0%A4%BE%E0%A4%97-2-1708062711,UNVERIFIED,NEEDS_REVIEW,false,MATCH,0,1,true,1
7,science,17,reproduction-plants,पौधों में जनन,https://scert.bihar.gov.in/eresources/%E0%A4%B5%E0%A4%BF%E0%A4%9C%E0%A5%8D%E0%A4%9E%E0%A4%BE%E0%A4%A8-%E0%A4%AD%E0%A4%BE%E0%A4%97-2-1708062711,UNVERIFIED,NEEDS_REVIEW,false,ORDER,0,1,true,1
7,science,17,reproduction-plants,पौधों में जनन,https://scert.bihar.gov.in/eresources/%E0%A4%B5%E0%A4%BF%E0%A4%9C%E0%A5%8D%E0%A4%9E%E0%A4%BE%E0%A4%A8-%E0%A4%AD%E0%A4%BE%E0%A4%97-2-1708062711,UNVERIFIED,NEEDS_REVIEW,false,ASSERTION_REASON,0,1,true,1
7,science,17,reproduction-plants,पौधों में जनन,https://scert.bihar.gov.in/eresources/%E0%A4%B5%E0%A4%BF%E0%A4%9C%E0%A5%8D%E0%A4%9E%E0%A4%BE%E0%A4%A8-%E0%A4%AD%E0%A4%BE%E0%A4%97-2-1708062711,UNVERIFIED,NEEDS_REVIEW,false,CASE_BASED,0,1,true,1
7,science,17,reproduction-plants,पौधों में जनन,https://scert.bihar.gov.in/eresources/%E0%A4%B5%E0%A4%BF%E0%A4%9C%E0%A5%8D%E0%A4%9E%E0%A4%BE%E0%A4%A8-%E0%A4%AD%E0%A4%BE%E0%A4%97-2-1708062711,UNVERIFIED,NEEDS_REVIEW,false,SHORT_ANSWER,0,1,true,1
7,science,17,reproduction-plants,पौधों में जनन,https://scert.bihar.gov.in/eresources/%E0%A4%B5%E0%A4%BF%E0%A4%9C%E0%A5%8D%E0%A4%9E%E0%A4%BE%E0%A4%A8-%E0%A4%AD%E0%A4%BE%E0%A4%97-2-1708062711,UNVERIFIED,NEEDS_REVIEW,false,LONG_ANSWER,0,1,true,1
7,science,17,reproduction-plants,पौधों में जनन,https://scert.bihar.gov.in/eresources/%E0%A4%B5%E0%A4%BF%E0%A4%9C%E0%A5%8D%E0%A4%9E%E0%A4%BE%E0%A4%A8-%E0%A4%AD%E0%A4%BE%E0%A4%97-2-1708062711,UNVERIFIED,NEEDS_REVIEW,false,NUMERICAL,0,1,false,0
7,science,17,reproduction-plants,पौधों में जनन,https://scert.bihar.gov.in/eresources/%E0%A4%B5%E0%A4%BF%E0%A4%9C%E0%A5%8D%E0%A4%9E%E0%A4%BE%E0%A4%A8-%E0%A4%AD%E0%A4%BE%E0%A4%97-2-1708062711,UNVERIFIED,NEEDS_REVIEW,false,DIAGRAM,0,1,true,1
7,science,17,reproduction-plants,पौधों में जनन,https://scert.bihar.gov.in/eresources/%E0%A4%B5%E0%A4%BF%E0%A4%9C%E0%A5%8D%E0%A4%9E%E0%A4%BE%E0%A4%A8-%E0%A4%AD%E0%A4%BE%E0%A4%97-2-1708062711,UNVERIFIED,NEEDS_REVIEW,false,MAP,0,1,false,0
7,science,17,reproduction-plants,पौधों में जनन,https://scert.bihar.gov.in/eresources/%E0%A4%B5%E0%A4%BF%E0%A4%9C%E0%A5%8D%E0%A4%9E%E0%A4%BE%E0%A4%A8-%E0%A4%AD%E0%A4%BE%E0%A4%97-2-1708062711,UNVERIFIED,NEEDS_REVIEW,false,SOURCE_BASED,0,1,false,0
7,science,18,circulation-excretion,जंतुओं में रक्त परिसंचरण एवं उत्सर्जन,https://scert.bihar.gov.in/eresources/%E0%A4%B5%E0%A4%BF%E0%A4%9C%E0%A5%8D%E0%A4%9E%E0%A4%BE%E0%A4%A8-%E0%A4%AD%E0%A4%BE%E0%A4%97-2-1708062711,UNVERIFIED,NEEDS_REVIEW,false,MCQ,0,1,true,1
7,science,18,circulation-excretion,जंतुओं में रक्त परिसंचरण एवं उत्सर्जन,https://scert.bihar.gov.in/eresources/%E0%A4%B5%E0%A4%BF%E0%A4%9C%E0%A5%8D%E0%A4%9E%E0%A4%BE%E0%A4%A8-%E0%A4%AD%E0%A4%BE%E0%A4%97-2-1708062711,UNVERIFIED,NEEDS_REVIEW,false,TRUE_FALSE,0,1,true,1
7,science,18,circulation-excretion,जंतुओं में रक्त परिसंचरण एवं उत्सर्जन,https://scert.bihar.gov.in/eresources/%E0%A4%B5%E0%A4%BF%E0%A4%9C%E0%A5%8D%E0%A4%9E%E0%A4%BE%E0%A4%A8-%E0%A4%AD%E0%A4%BE%E0%A4%97-2-1708062711,UNVERIFIED,NEEDS_REVIEW,false,INPUT,0,1,true,1
7,science,18,circulation-excretion,जंतुओं में रक्त परिसंचरण एवं उत्सर्जन,https://scert.bihar.gov.in/eresources/%E0%A4%B5%E0%A4%BF%E0%A4%9C%E0%A5%8D%E0%A4%9E%E0%A4%BE%E0%A4%A8-%E0%A4%AD%E0%A4%BE%E0%A4%97-2-1708062711,UNVERIFIED,NEEDS_REVIEW,false,MATCH,0,1,true,1
7,science,18,circulation-excretion,जंतुओं में रक्त परिसंचरण एवं उत्सर्जन,https://scert.bihar.gov.in/eresources/%E0%A4%B5%E0%A4%BF%E0%A4%9C%E0%A5%8D%E0%A4%9E%E0%A4%BE%E0%A4%A8-%E0%A4%AD%E0%A4%BE%E0%A4%97-2-1708062711,UNVERIFIED,NEEDS_REVIEW,false,ORDER,0,1,true,1
7,science,18,circulation-excretion,जंतुओं में रक्त परिसंचरण एवं उत्सर्जन,https://scert.bihar.gov.in/eresources/%E0%A4%B5%E0%A4%BF%E0%A4%9C%E0%A5%8D%E0%A4%9E%E0%A4%BE%E0%A4%A8-%E0%A4%AD%E0%A4%BE%E0%A4%97-2-1708062711,UNVERIFIED,NEEDS_REVIEW,false,ASSERTION_REASON,0,1,true,1
7,science,18,circulation-excretion,जंतुओं में रक्त परिसंचरण एवं उत्सर्जन,https://scert.bihar.gov.in/eresources/%E0%A4%B5%E0%A4%BF%E0%A4%9C%E0%A5%8D%E0%A4%9E%E0%A4%BE%E0%A4%A8-%E0%A4%AD%E0%A4%BE%E0%A4%97-2-1708062711,UNVERIFIED,NEEDS_REVIEW,false,CASE_BASED,0,1,true,1
7,science,18,circulation-excretion,जंतुओं में रक्त परिसंचरण एवं उत्सर्जन,https://scert.bihar.gov.in/eresources/%E0%A4%B5%E0%A4%BF%E0%A4%9C%E0%A5%8D%E0%A4%9E%E0%A4%BE%E0%A4%A8-%E0%A4%AD%E0%A4%BE%E0%A4%97-2-1708062711,UNVERIFIED,NEEDS_REVIEW,false,SHORT_ANSWER,0,1,true,1
7,science,18,circulation-excretion,जंतुओं में रक्त परिसंचरण एवं उत्सर्जन,https://scert.bihar.gov.in/eresources/%E0%A4%B5%E0%A4%BF%E0%A4%9C%E0%A5%8D%E0%A4%9E%E0%A4%BE%E0%A4%A8-%E0%A4%AD%E0%A4%BE%E0%A4%97-2-1708062711,UNVERIFIED,NEEDS_REVIEW,false,LONG_ANSWER,0,1,true,1
7,science,18,circulation-excretion,जंतुओं में रक्त परिसंचरण एवं उत्सर्जन,https://scert.bihar.gov.in/eresources/%E0%A4%B5%E0%A4%BF%E0%A4%9C%E0%A5%8D%E0%A4%9E%E0%A4%BE%E0%A4%A8-%E0%A4%AD%E0%A4%BE%E0%A4%97-2-1708062711,UNVERIFIED,NEEDS_REVIEW,false,NUMERICAL,0,1,false,0
7,science,18,circulation-excretion,जंतुओं में रक्त परिसंचरण एवं उत्सर्जन,https://scert.bihar.gov.in/eresources/%E0%A4%B5%E0%A4%BF%E0%A4%9C%E0%A5%8D%E0%A4%9E%E0%A4%BE%E0%A4%A8-%E0%A4%AD%E0%A4%BE%E0%A4%97-2-1708062711,UNVERIFIED,NEEDS_REVIEW,false,DIAGRAM,0,1,true,1
7,science,18,circulation-excretion,जंतुओं में रक्त परिसंचरण एवं उत्सर्जन,https://scert.bihar.gov.in/eresources/%E0%A4%B5%E0%A4%BF%E0%A4%9C%E0%A5%8D%E0%A4%9E%E0%A4%BE%E0%A4%A8-%E0%A4%AD%E0%A4%BE%E0%A4%97-2-1708062711,UNVERIFIED,NEEDS_REVIEW,false,MAP,0,1,false,0
7,science,18,circulation-excretion,जंतुओं में रक्त परिसंचरण एवं उत्सर्जन,https://scert.bihar.gov.in/eresources/%E0%A4%B5%E0%A4%BF%E0%A4%9C%E0%A5%8D%E0%A4%9E%E0%A4%BE%E0%A4%A8-%E0%A4%AD%E0%A4%BE%E0%A4%97-2-1708062711,UNVERIFIED,NEEDS_REVIEW,false,SOURCE_BASED,0,1,false,0
8,science,1,combustion-flame,दहन और ज्वाला : चीजों का जलना,https://scert.bihar.gov.in/eresources/%E0%A4%B5%E0%A4%BF%E0%A4%9C%E0%A5%A4%E0%A4%A8-%E0%A4%AD%E0%A4%BE%E0%A4%97-3-1708404249,UNVERIFIED,NEEDS_REVIEW,false,MCQ,0,1,true,1
8,science,1,combustion-flame,दहन और ज्वाला : चीजों का जलना,https://scert.bihar.gov.in/eresources/%E0%A4%B5%E0%A4%BF%E0%A4%9C%E0%A5%A4%E0%A4%A8-%E0%A4%AD%E0%A4%BE%E0%A4%97-3-1708404249,UNVERIFIED,NEEDS_REVIEW,false,TRUE_FALSE,0,1,true,1
8,science,1,combustion-flame,दहन और ज्वाला : चीजों का जलना,https://scert.bihar.gov.in/eresources/%E0%A4%B5%E0%A4%BF%E0%A4%9C%E0%A5%A4%E0%A4%A8-%E0%A4%AD%E0%A4%BE%E0%A4%97-3-1708404249,UNVERIFIED,NEEDS_REVIEW,false,INPUT,0,1,true,1
8,science,1,combustion-flame,दहन और ज्वाला : चीजों का जलना,https://scert.bihar.gov.in/eresources/%E0%A4%B5%E0%A4%BF%E0%A4%9C%E0%A5%A4%E0%A4%A8-%E0%A4%AD%E0%A4%BE%E0%A4%97-3-1708404249,UNVERIFIED,NEEDS_REVIEW,false,MATCH,0,1,true,1
8,science,1,combustion-flame,दहन और ज्वाला : चीजों का जलना,https://scert.bihar.gov.in/eresources/%E0%A4%B5%E0%A4%BF%E0%A4%9C%E0%A5%A4%E0%A4%A8-%E0%A4%AD%E0%A4%BE%E0%A4%97-3-1708404249,UNVERIFIED,NEEDS_REVIEW,false,ORDER,0,1,true,1
8,science,1,combustion-flame,दहन और ज्वाला : चीजों का जलना,https://scert.bihar.gov.in/eresources/%E0%A4%B5%E0%A4%BF%E0%A4%9C%E0%A5%A4%E0%A4%A8-%E0%A4%AD%E0%A4%BE%E0%A4%97-3-1708404249,UNVERIFIED,NEEDS_REVIEW,false,ASSERTION_REASON,0,1,true,1
8,science,1,combustion-flame,दहन और ज्वाला : चीजों का जलना,https://scert.bihar.gov.in/eresources/%E0%A4%B5%E0%A4%BF%E0%A4%9C%E0%A5%A4%E0%A4%A8-%E0%A4%AD%E0%A4%BE%E0%A4%97-3-1708404249,UNVERIFIED,NEEDS_REVIEW,false,CASE_BASED,0,1,true,1
8,science,1,combustion-flame,दहन और ज्वाला : चीजों का जलना,https://scert.bihar.gov.in/eresources/%E0%A4%B5%E0%A4%BF%E0%A4%9C%E0%A5%A4%E0%A4%A8-%E0%A4%AD%E0%A4%BE%E0%A4%97-3-1708404249,UNVERIFIED,NEEDS_REVIEW,false,SHORT_ANSWER,0,1,true,1
8,science,1,combustion-flame,दहन और ज्वाला : चीजों का जलना,https://scert.bihar.gov.in/eresources/%E0%A4%B5%E0%A4%BF%E0%A4%9C%E0%A5%A4%E0%A4%A8-%E0%A4%AD%E0%A4%BE%E0%A4%97-3-1708404249,UNVERIFIED,NEEDS_REVIEW,false,LONG_ANSWER,0,1,true,1
8,science,1,combustion-flame,दहन और ज्वाला : चीजों का जलना,https://scert.bihar.gov.in/eresources/%E0%A4%B5%E0%A4%BF%E0%A4%9C%E0%A5%A4%E0%A4%A8-%E0%A4%AD%E0%A4%BE%E0%A4%97-3-1708404249,UNVERIFIED,NEEDS_REVIEW,false,NUMERICAL,0,1,false,0
8,science,1,combustion-flame,दहन और ज्वाला : चीजों का जलना,https://scert.bihar.gov.in/eresources/%E0%A4%B5%E0%A4%BF%E0%A4%9C%E0%A5%A4%E0%A4%A8-%E0%A4%AD%E0%A4%BE%E0%A4%97-3-1708404249,UNVERIFIED,NEEDS_REVIEW,false,DIAGRAM,0,1,true,1
8,science,1,combustion-flame,दहन और ज्वाला : चीजों का जलना,https://scert.bihar.gov.in/eresources/%E0%A4%B5%E0%A4%BF%E0%A4%9C%E0%A5%A4%E0%A4%A8-%E0%A4%AD%E0%A4%BE%E0%A4%97-3-1708404249,UNVERIFIED,NEEDS_REVIEW,false,MAP,0,1,false,0
8,science,1,combustion-flame,दहन और ज्वाला : चीजों का जलना,https://scert.bihar.gov.in/eresources/%E0%A4%B5%E0%A4%BF%E0%A4%9C%E0%A5%A4%E0%A4%A8-%E0%A4%AD%E0%A4%BE%E0%A4%97-3-1708404249,UNVERIFIED,NEEDS_REVIEW,false,SOURCE_BASED,0,1,false,0
8,science,2,natural-phenomena,तड़ित और भूकंप : प्रकृति के दो भयानक रूप,https://scert.bihar.gov.in/eresources/%E0%A4%B5%E0%A4%BF%E0%A4%9C%E0%A5%A4%E0%A4%A8-%E0%A4%AD%E0%A4%BE%E0%A4%97-3-1708404249,UNVERIFIED,NEEDS_REVIEW,false,MCQ,0,1,true,1
8,science,2,natural-phenomena,तड़ित और भूकंप : प्रकृति के दो भयानक रूप,https://scert.bihar.gov.in/eresources/%E0%A4%B5%E0%A4%BF%E0%A4%9C%E0%A5%A4%E0%A4%A8-%E0%A4%AD%E0%A4%BE%E0%A4%97-3-1708404249,UNVERIFIED,NEEDS_REVIEW,false,TRUE_FALSE,0,1,true,1
8,science,2,natural-phenomena,तड़ित और भूकंप : प्रकृति के दो भयानक रूप,https://scert.bihar.gov.in/eresources/%E0%A4%B5%E0%A4%BF%E0%A4%9C%E0%A5%A4%E0%A4%A8-%E0%A4%AD%E0%A4%BE%E0%A4%97-3-1708404249,UNVERIFIED,NEEDS_REVIEW,false,INPUT,0,1,true,1
8,science,2,natural-phenomena,तड़ित और भूकंप : प्रकृति के दो भयानक रूप,https://scert.bihar.gov.in/eresources/%E0%A4%B5%E0%A4%BF%E0%A4%9C%E0%A5%A4%E0%A4%A8-%E0%A4%AD%E0%A4%BE%E0%A4%97-3-1708404249,UNVERIFIED,NEEDS_REVIEW,false,MATCH,0,1,true,1
8,science,2,natural-phenomena,तड़ित और भूकंप : प्रकृति के दो भयानक रूप,https://scert.bihar.gov.in/eresources/%E0%A4%B5%E0%A4%BF%E0%A4%9C%E0%A5%A4%E0%A4%A8-%E0%A4%AD%E0%A4%BE%E0%A4%97-3-1708404249,UNVERIFIED,NEEDS_REVIEW,false,ORDER,0,1,true,1
8,science,2,natural-phenomena,तड़ित और भूकंप : प्रकृति के दो भयानक रूप,https://scert.bihar.gov.in/eresources/%E0%A4%B5%E0%A4%BF%E0%A4%9C%E0%A5%A4%E0%A4%A8-%E0%A4%AD%E0%A4%BE%E0%A4%97-3-1708404249,UNVERIFIED,NEEDS_REVIEW,false,ASSERTION_REASON,0,1,true,1
8,science,2,natural-phenomena,तड़ित और भूकंप : प्रकृति के दो भयानक रूप,https://scert.bihar.gov.in/eresources/%E0%A4%B5%E0%A4%BF%E0%A4%9C%E0%A5%A4%E0%A4%A8-%E0%A4%AD%E0%A4%BE%E0%A4%97-3-1708404249,UNVERIFIED,NEEDS_REVIEW,false,CASE_BASED,0,1,true,1
8,science,2,natural-phenomena,तड़ित और भूकंप : प्रकृति के दो भयानक रूप,https://scert.bihar.gov.in/eresources/%E0%A4%B5%E0%A4%BF%E0%A4%9C%E0%A5%A4%E0%A4%A8-%E0%A4%AD%E0%A4%BE%E0%A4%97-3-1708404249,UNVERIFIED,NEEDS_REVIEW,false,SHORT_ANSWER,0,1,true,1
8,science,2,natural-phenomena,तड़ित और भूकंप : प्रकृति के दो भयानक रूप,https://scert.bihar.gov.in/eresources/%E0%A4%B5%E0%A4%BF%E0%A4%9C%E0%A5%A4%E0%A4%A8-%E0%A4%AD%E0%A4%BE%E0%A4%97-3-1708404249,UNVERIFIED,NEEDS_REVIEW,false,LONG_ANSWER,0,1,true,1
8,science,2,natural-phenomena,तड़ित और भूकंप : प्रकृति के दो भयानक रूप,https://scert.bihar.gov.in/eresources/%E0%A4%B5%E0%A4%BF%E0%A4%9C%E0%A5%A4%E0%A4%A8-%E0%A4%AD%E0%A4%BE%E0%A4%97-3-1708404249,UNVERIFIED,NEEDS_REVIEW,false,NUMERICAL,0,1,false,0
8,science,2,natural-phenomena,तड़ित और भूकंप : प्रकृति के दो भयानक रूप,https://scert.bihar.gov.in/eresources/%E0%A4%B5%E0%A4%BF%E0%A4%9C%E0%A5%A4%E0%A4%A8-%E0%A4%AD%E0%A4%BE%E0%A4%97-3-1708404249,UNVERIFIED,NEEDS_REVIEW,false,DIAGRAM,0,1,true,1
8,science,2,natural-phenomena,तड़ित और भूकंप : प्रकृति के दो भयानक रूप,https://scert.bihar.gov.in/eresources/%E0%A4%B5%E0%A4%BF%E0%A4%9C%E0%A5%A4%E0%A4%A8-%E0%A4%AD%E0%A4%BE%E0%A4%97-3-1708404249,UNVERIFIED,NEEDS_REVIEW,false,MAP,0,1,false,0
8,science,2,natural-phenomena,तड़ित और भूकंप : प्रकृति के दो भयानक रूप,https://scert.bihar.gov.in/eresources/%E0%A4%B5%E0%A4%BF%E0%A4%9C%E0%A5%A4%E0%A4%A8-%E0%A4%AD%E0%A4%BE%E0%A4%97-3-1708404249,UNVERIFIED,NEEDS_REVIEW,false,SOURCE_BASED,0,1,false,0
8,science,3,crop-production,फसल : उत्पादन एवं प्रबंधन,https://scert.bihar.gov.in/eresources/%E0%A4%B5%E0%A4%BF%E0%A4%9C%E0%A5%A4%E0%A4%A8-%E0%A4%AD%E0%A4%BE%E0%A4%97-3-1708404249,UNVERIFIED,NEEDS_REVIEW,false,MCQ,0,1,true,1
8,science,3,crop-production,फसल : उत्पादन एवं प्रबंधन,https://scert.bihar.gov.in/eresources/%E0%A4%B5%E0%A4%BF%E0%A4%9C%E0%A5%A4%E0%A4%A8-%E0%A4%AD%E0%A4%BE%E0%A4%97-3-1708404249,UNVERIFIED,NEEDS_REVIEW,false,TRUE_FALSE,0,1,true,1
8,science,3,crop-production,फसल : उत्पादन एवं प्रबंधन,https://scert.bihar.gov.in/eresources/%E0%A4%B5%E0%A4%BF%E0%A4%9C%E0%A5%A4%E0%A4%A8-%E0%A4%AD%E0%A4%BE%E0%A4%97-3-1708404249,UNVERIFIED,NEEDS_REVIEW,false,INPUT,0,1,true,1
8,science,3,crop-production,फसल : उत्पादन एवं प्रबंधन,https://scert.bihar.gov.in/eresources/%E0%A4%B5%E0%A4%BF%E0%A4%9C%E0%A5%A4%E0%A4%A8-%E0%A4%AD%E0%A4%BE%E0%A4%97-3-1708404249,UNVERIFIED,NEEDS_REVIEW,false,MATCH,0,1,true,1
8,science,3,crop-production,फसल : उत्पादन एवं प्रबंधन,https://scert.bihar.gov.in/eresources/%E0%A4%B5%E0%A4%BF%E0%A4%9C%E0%A5%A4%E0%A4%A8-%E0%A4%AD%E0%A4%BE%E0%A4%97-3-1708404249,UNVERIFIED,NEEDS_REVIEW,false,ORDER,0,1,true,1
8,science,3,crop-production,फसल : उत्पादन एवं प्रबंधन,https://scert.bihar.gov.in/eresources/%E0%A4%B5%E0%A4%BF%E0%A4%9C%E0%A5%A4%E0%A4%A8-%E0%A4%AD%E0%A4%BE%E0%A4%97-3-1708404249,UNVERIFIED,NEEDS_REVIEW,false,ASSERTION_REASON,0,1,true,1
8,science,3,crop-production,फसल : उत्पादन एवं प्रबंधन,https://scert.bihar.gov.in/eresources/%E0%A4%B5%E0%A4%BF%E0%A4%9C%E0%A5%A4%E0%A4%A8-%E0%A4%AD%E0%A4%BE%E0%A4%97-3-1708404249,UNVERIFIED,NEEDS_REVIEW,false,CASE_BASED,0,1,true,1
8,science,3,crop-production,फसल : उत्पादन एवं प्रबंधन,https://scert.bihar.gov.in/eresources/%E0%A4%B5%E0%A4%BF%E0%A4%9C%E0%A5%A4%E0%A4%A8-%E0%A4%AD%E0%A4%BE%E0%A4%97-3-1708404249,UNVERIFIED,NEEDS_REVIEW,false,SHORT_ANSWER,0,1,true,1
8,science,3,crop-production,फसल : उत्पादन एवं प्रबंधन,https://scert.bihar.gov.in/eresources/%E0%A4%B5%E0%A4%BF%E0%A4%9C%E0%A5%A4%E0%A4%A8-%E0%A4%AD%E0%A4%BE%E0%A4%97-3-1708404249,UNVERIFIED,NEEDS_REVIEW,false,LONG_ANSWER,0,1,true,1
8,science,3,crop-production,फसल : उत्पादन एवं प्रबंधन,https://scert.bihar.gov.in/eresources/%E0%A4%B5%E0%A4%BF%E0%A4%9C%E0%A5%A4%E0%A4%A8-%E0%A4%AD%E0%A4%BE%E0%A4%97-3-1708404249,UNVERIFIED,NEEDS_REVIEW,false,NUMERICAL,0,1,false,0
8,science,3,crop-production,फसल : उत्पादन एवं प्रबंधन,https://scert.bihar.gov.in/eresources/%E0%A4%B5%E0%A4%BF%E0%A4%9C%E0%A5%A4%E0%A4%A8-%E0%A4%AD%E0%A4%BE%E0%A4%97-3-1708404249,UNVERIFIED,NEEDS_REVIEW,false,DIAGRAM,0,1,true,1
8,science,3,crop-production,फसल : उत्पादन एवं प्रबंधन,https://scert.bihar.gov.in/eresources/%E0%A4%B5%E0%A4%BF%E0%A4%9C%E0%A5%A4%E0%A4%A8-%E0%A4%AD%E0%A4%BE%E0%A4%97-3-1708404249,UNVERIFIED,NEEDS_REVIEW,false,MAP,0,1,false,0
8,science,3,crop-production,फसल : उत्पादन एवं प्रबंधन,https://scert.bihar.gov.in/eresources/%E0%A4%B5%E0%A4%BF%E0%A4%9C%E0%A5%A4%E0%A4%A8-%E0%A4%AD%E0%A4%BE%E0%A4%97-3-1708404249,UNVERIFIED,NEEDS_REVIEW,false,SOURCE_BASED,0,1,false,0
8,science,4,fibre-clothing,कपड़े तरह-तरह के : रेशे तरह-तरह के,https://scert.bihar.gov.in/eresources/%E0%A4%B5%E0%A4%BF%E0%A4%9C%E0%A5%A4%E0%A4%A8-%E0%A4%AD%E0%A4%BE%E0%A4%97-3-1708404249,UNVERIFIED,NEEDS_REVIEW,false,MCQ,0,1,true,1
8,science,4,fibre-clothing,कपड़े तरह-तरह के : रेशे तरह-तरह के,https://scert.bihar.gov.in/eresources/%E0%A4%B5%E0%A4%BF%E0%A4%9C%E0%A5%A4%E0%A4%A8-%E0%A4%AD%E0%A4%BE%E0%A4%97-3-1708404249,UNVERIFIED,NEEDS_REVIEW,false,TRUE_FALSE,0,1,true,1
8,science,4,fibre-clothing,कपड़े तरह-तरह के : रेशे तरह-तरह के,https://scert.bihar.gov.in/eresources/%E0%A4%B5%E0%A4%BF%E0%A4%9C%E0%A5%A4%E0%A4%A8-%E0%A4%AD%E0%A4%BE%E0%A4%97-3-1708404249,UNVERIFIED,NEEDS_REVIEW,false,INPUT,0,1,true,1
8,science,4,fibre-clothing,कपड़े तरह-तरह के : रेशे तरह-तरह के,https://scert.bihar.gov.in/eresources/%E0%A4%B5%E0%A4%BF%E0%A4%9C%E0%A5%A4%E0%A4%A8-%E0%A4%AD%E0%A4%BE%E0%A4%97-3-1708404249,UNVERIFIED,NEEDS_REVIEW,false,MATCH,0,1,true,1
8,science,4,fibre-clothing,कपड़े तरह-तरह के : रेशे तरह-तरह के,https://scert.bihar.gov.in/eresources/%E0%A4%B5%E0%A4%BF%E0%A4%9C%E0%A5%A4%E0%A4%A8-%E0%A4%AD%E0%A4%BE%E0%A4%97-3-1708404249,UNVERIFIED,NEEDS_REVIEW,false,ORDER,0,1,true,1
8,science,4,fibre-clothing,कपड़े तरह-तरह के : रेशे तरह-तरह के,https://scert.bihar.gov.in/eresources/%E0%A4%B5%E0%A4%BF%E0%A4%9C%E0%A5%A4%E0%A4%A8-%E0%A4%AD%E0%A4%BE%E0%A4%97-3-1708404249,UNVERIFIED,NEEDS_REVIEW,false,ASSERTION_REASON,0,1,true,1
8,science,4,fibre-clothing,कपड़े तरह-तरह के : रेशे तरह-तरह के,https://scert.bihar.gov.in/eresources/%E0%A4%B5%E0%A4%BF%E0%A4%9C%E0%A5%A4%E0%A4%A8-%E0%A4%AD%E0%A4%BE%E0%A4%97-3-1708404249,UNVERIFIED,NEEDS_REVIEW,false,CASE_BASED,0,1,true,1
8,science,4,fibre-clothing,कपड़े तरह-तरह के : रेशे तरह-तरह के,https://scert.bihar.gov.in/eresources/%E0%A4%B5%E0%A4%BF%E0%A4%9C%E0%A5%A4%E0%A4%A8-%E0%A4%AD%E0%A4%BE%E0%A4%97-3-1708404249,UNVERIFIED,NEEDS_REVIEW,false,SHORT_ANSWER,0,1,true,1
8,science,4,fibre-clothing,कपड़े तरह-तरह के : रेशे तरह-तरह के,https://scert.bihar.gov.in/eresources/%E0%A4%B5%E0%A4%BF%E0%A4%9C%E0%A5%A4%E0%A4%A8-%E0%A4%AD%E0%A4%BE%E0%A4%97-3-1708404249,UNVERIFIED,NEEDS_REVIEW,false,LONG_ANSWER,0,1,true,1
8,science,4,fibre-clothing,कपड़े तरह-तरह के : रेशे तरह-तरह के,https://scert.bihar.gov.in/eresources/%E0%A4%B5%E0%A4%BF%E0%A4%9C%E0%A5%A4%E0%A4%A8-%E0%A4%AD%E0%A4%BE%E0%A4%97-3-1708404249,UNVERIFIED,NEEDS_REVIEW,false,NUMERICAL,0,1,false,0
8,science,4,fibre-clothing,कपड़े तरह-तरह के : रेशे तरह-तरह के,https://scert.bihar.gov.in/eresources/%E0%A4%B5%E0%A4%BF%E0%A4%9C%E0%A5%A4%E0%A4%A8-%E0%A4%AD%E0%A4%BE%E0%A4%97-3-1708404249,UNVERIFIED,NEEDS_REVIEW,false,DIAGRAM,0,1,true,1
8,science,4,fibre-clothing,कपड़े तरह-तरह के : रेशे तरह-तरह के,https://scert.bihar.gov.in/eresources/%E0%A4%B5%E0%A4%BF%E0%A4%9C%E0%A5%A4%E0%A4%A8-%E0%A4%AD%E0%A4%BE%E0%A4%97-3-1708404249,UNVERIFIED,NEEDS_REVIEW,false,MAP,0,1,false,0
8,science,4,fibre-clothing,कपड़े तरह-तरह के : रेशे तरह-तरह के,https://scert.bihar.gov.in/eresources/%E0%A4%B5%E0%A4%BF%E0%A4%9C%E0%A5%A4%E0%A4%A8-%E0%A4%AD%E0%A4%BE%E0%A4%97-3-1708404249,UNVERIFIED,NEEDS_REVIEW,false,SOURCE_BASED,0,1,false,0
8,science,5,force-pressure,बल से ज़ोर आजमाइश,https://scert.bihar.gov.in/eresources/%E0%A4%B5%E0%A4%BF%E0%A4%9C%E0%A5%A4%E0%A4%A8-%E0%A4%AD%E0%A4%BE%E0%A4%97-3-1708404249,UNVERIFIED,NEEDS_REVIEW,false,MCQ,0,1,true,1
8,science,5,force-pressure,बल से ज़ोर आजमाइश,https://scert.bihar.gov.in/eresources/%E0%A4%B5%E0%A4%BF%E0%A4%9C%E0%A5%A4%E0%A4%A8-%E0%A4%AD%E0%A4%BE%E0%A4%97-3-1708404249,UNVERIFIED,NEEDS_REVIEW,false,TRUE_FALSE,0,1,true,1
8,science,5,force-pressure,बल से ज़ोर आजमाइश,https://scert.bihar.gov.in/eresources/%E0%A4%B5%E0%A4%BF%E0%A4%9C%E0%A5%A4%E0%A4%A8-%E0%A4%AD%E0%A4%BE%E0%A4%97-3-1708404249,UNVERIFIED,NEEDS_REVIEW,false,INPUT,0,1,true,1
8,science,5,force-pressure,बल से ज़ोर आजमाइश,https://scert.bihar.gov.in/eresources/%E0%A4%B5%E0%A4%BF%E0%A4%9C%E0%A5%A4%E0%A4%A8-%E0%A4%AD%E0%A4%BE%E0%A4%97-3-1708404249,UNVERIFIED,NEEDS_REVIEW,false,MATCH,0,1,true,1
8,science,5,force-pressure,बल से ज़ोर आजमाइश,https://scert.bihar.gov.in/eresources/%E0%A4%B5%E0%A4%BF%E0%A4%9C%E0%A5%A4%E0%A4%A8-%E0%A4%AD%E0%A4%BE%E0%A4%97-3-1708404249,UNVERIFIED,NEEDS_REVIEW,false,ORDER,0,1,true,1
8,science,5,force-pressure,बल से ज़ोर आजमाइश,https://scert.bihar.gov.in/eresources/%E0%A4%B5%E0%A4%BF%E0%A4%9C%E0%A5%A4%E0%A4%A8-%E0%A4%AD%E0%A4%BE%E0%A4%97-3-1708404249,UNVERIFIED,NEEDS_REVIEW,false,ASSERTION_REASON,0,1,true,1
8,science,5,force-pressure,बल से ज़ोर आजमाइश,https://scert.bihar.gov.in/eresources/%E0%A4%B5%E0%A4%BF%E0%A4%9C%E0%A5%A4%E0%A4%A8-%E0%A4%AD%E0%A4%BE%E0%A4%97-3-1708404249,UNVERIFIED,NEEDS_REVIEW,false,CASE_BASED,0,1,true,1
8,science,5,force-pressure,बल से ज़ोर आजमाइश,https://scert.bihar.gov.in/eresources/%E0%A4%B5%E0%A4%BF%E0%A4%9C%E0%A5%A4%E0%A4%A8-%E0%A4%AD%E0%A4%BE%E0%A4%97-3-1708404249,UNVERIFIED,NEEDS_REVIEW,false,SHORT_ANSWER,0,1,true,1
8,science,5,force-pressure,बल से ज़ोर आजमाइश,https://scert.bihar.gov.in/eresources/%E0%A4%B5%E0%A4%BF%E0%A4%9C%E0%A5%A4%E0%A4%A8-%E0%A4%AD%E0%A4%BE%E0%A4%97-3-1708404249,UNVERIFIED,NEEDS_REVIEW,false,LONG_ANSWER,0,1,true,1
8,science,5,force-pressure,बल से ज़ोर आजमाइश,https://scert.bihar.gov.in/eresources/%E0%A4%B5%E0%A4%BF%E0%A4%9C%E0%A5%A4%E0%A4%A8-%E0%A4%AD%E0%A4%BE%E0%A4%97-3-1708404249,UNVERIFIED,NEEDS_REVIEW,false,NUMERICAL,0,1,false,0
8,science,5,force-pressure,बल से ज़ोर आजमाइश,https://scert.bihar.gov.in/eresources/%E0%A4%B5%E0%A4%BF%E0%A4%9C%E0%A5%A4%E0%A4%A8-%E0%A4%AD%E0%A4%BE%E0%A4%97-3-1708404249,UNVERIFIED,NEEDS_REVIEW,false,DIAGRAM,0,1,true,1
8,science,5,force-pressure,बल से ज़ोर आजमाइश,https://scert.bihar.gov.in/eresources/%E0%A4%B5%E0%A4%BF%E0%A4%9C%E0%A5%A4%E0%A4%A8-%E0%A4%AD%E0%A4%BE%E0%A4%97-3-1708404249,UNVERIFIED,NEEDS_REVIEW,false,MAP,0,1,false,0
8,science,5,force-pressure,बल से ज़ोर आजमाइश,https://scert.bihar.gov.in/eresources/%E0%A4%B5%E0%A4%BF%E0%A4%9C%E0%A5%A4%E0%A4%A8-%E0%A4%AD%E0%A4%BE%E0%A4%97-3-1708404249,UNVERIFIED,NEEDS_REVIEW,false,SOURCE_BASED,0,1,false,0
8,science,6,friction,घर्षण के कारण,https://scert.bihar.gov.in/eresources/%E0%A4%B5%E0%A4%BF%E0%A4%9C%E0%A5%A4%E0%A4%A8-%E0%A4%AD%E0%A4%BE%E0%A4%97-3-1708404249,UNVERIFIED,NEEDS_REVIEW,false,MCQ,0,1,true,1
8,science,6,friction,घर्षण के कारण,https://scert.bihar.gov.in/eresources/%E0%A4%B5%E0%A4%BF%E0%A4%9C%E0%A5%A4%E0%A4%A8-%E0%A4%AD%E0%A4%BE%E0%A4%97-3-1708404249,UNVERIFIED,NEEDS_REVIEW,false,TRUE_FALSE,0,1,true,1
8,science,6,friction,घर्षण के कारण,https://scert.bihar.gov.in/eresources/%E0%A4%B5%E0%A4%BF%E0%A4%9C%E0%A5%A4%E0%A4%A8-%E0%A4%AD%E0%A4%BE%E0%A4%97-3-1708404249,UNVERIFIED,NEEDS_REVIEW,false,INPUT,0,1,true,1
8,science,6,friction,घर्षण के कारण,https://scert.bihar.gov.in/eresources/%E0%A4%B5%E0%A4%BF%E0%A4%9C%E0%A5%A4%E0%A4%A8-%E0%A4%AD%E0%A4%BE%E0%A4%97-3-1708404249,UNVERIFIED,NEEDS_REVIEW,false,MATCH,0,1,true,1
8,science,6,friction,घर्षण के कारण,https://scert.bihar.gov.in/eresources/%E0%A4%B5%E0%A4%BF%E0%A4%9C%E0%A5%A4%E0%A4%A8-%E0%A4%AD%E0%A4%BE%E0%A4%97-3-1708404249,UNVERIFIED,NEEDS_REVIEW,false,ORDER,0,1,true,1
8,science,6,friction,घर्षण के कारण,https://scert.bihar.gov.in/eresources/%E0%A4%B5%E0%A4%BF%E0%A4%9C%E0%A5%A4%E0%A4%A8-%E0%A4%AD%E0%A4%BE%E0%A4%97-3-1708404249,UNVERIFIED,NEEDS_REVIEW,false,ASSERTION_REASON,0,1,true,1
8,science,6,friction,घर्षण के कारण,https://scert.bihar.gov.in/eresources/%E0%A4%B5%E0%A4%BF%E0%A4%9C%E0%A5%A4%E0%A4%A8-%E0%A4%AD%E0%A4%BE%E0%A4%97-3-1708404249,UNVERIFIED,NEEDS_REVIEW,false,CASE_BASED,0,1,true,1
8,science,6,friction,घर्षण के कारण,https://scert.bihar.gov.in/eresources/%E0%A4%B5%E0%A4%BF%E0%A4%9C%E0%A5%A4%E0%A4%A8-%E0%A4%AD%E0%A4%BE%E0%A4%97-3-1708404249,UNVERIFIED,NEEDS_REVIEW,false,SHORT_ANSWER,0,1,true,1
8,science,6,friction,घर्षण के कारण,https://scert.bihar.gov.in/eresources/%E0%A4%B5%E0%A4%BF%E0%A4%9C%E0%A5%A4%E0%A4%A8-%E0%A4%AD%E0%A4%BE%E0%A4%97-3-1708404249,UNVERIFIED,NEEDS_REVIEW,false,LONG_ANSWER,0,1,true,1
8,science,6,friction,घर्षण के कारण,https://scert.bihar.gov.in/eresources/%E0%A4%B5%E0%A4%BF%E0%A4%9C%E0%A5%A4%E0%A4%A8-%E0%A4%AD%E0%A4%BE%E0%A4%97-3-1708404249,UNVERIFIED,NEEDS_REVIEW,false,NUMERICAL,0,1,false,0
8,science,6,friction,घर्षण के कारण,https://scert.bihar.gov.in/eresources/%E0%A4%B5%E0%A4%BF%E0%A4%9C%E0%A5%A4%E0%A4%A8-%E0%A4%AD%E0%A4%BE%E0%A4%97-3-1708404249,UNVERIFIED,NEEDS_REVIEW,false,DIAGRAM,0,1,true,1
8,science,6,friction,घर्षण के कारण,https://scert.bihar.gov.in/eresources/%E0%A4%B5%E0%A4%BF%E0%A4%9C%E0%A5%A4%E0%A4%A8-%E0%A4%AD%E0%A4%BE%E0%A4%97-3-1708404249,UNVERIFIED,NEEDS_REVIEW,false,MAP,0,1,false,0
8,science,6,friction,घर्षण के कारण,https://scert.bihar.gov.in/eresources/%E0%A4%B5%E0%A4%BF%E0%A4%9C%E0%A5%A4%E0%A4%A8-%E0%A4%AD%E0%A4%BE%E0%A4%97-3-1708404249,UNVERIFIED,NEEDS_REVIEW,false,SOURCE_BASED,0,1,false,0
8,science,7,microorganisms,सूक्ष्मजीवों का संसार : सूक्ष्मदर्शी द्वारा आँखों देखा,https://scert.bihar.gov.in/eresources/%E0%A4%B5%E0%A4%BF%E0%A4%9C%E0%A5%A4%E0%A4%A8-%E0%A4%AD%E0%A4%BE%E0%A4%97-3-1708404249,UNVERIFIED,NEEDS_REVIEW,false,MCQ,0,1,true,1
8,science,7,microorganisms,सूक्ष्मजीवों का संसार : सूक्ष्मदर्शी द्वारा आँखों देखा,https://scert.bihar.gov.in/eresources/%E0%A4%B5%E0%A4%BF%E0%A4%9C%E0%A5%A4%E0%A4%A8-%E0%A4%AD%E0%A4%BE%E0%A4%97-3-1708404249,UNVERIFIED,NEEDS_REVIEW,false,TRUE_FALSE,0,1,true,1
8,science,7,microorganisms,सूक्ष्मजीवों का संसार : सूक्ष्मदर्शी द्वारा आँखों देखा,https://scert.bihar.gov.in/eresources/%E0%A4%B5%E0%A4%BF%E0%A4%9C%E0%A5%A4%E0%A4%A8-%E0%A4%AD%E0%A4%BE%E0%A4%97-3-1708404249,UNVERIFIED,NEEDS_REVIEW,false,INPUT,0,1,true,1
8,science,7,microorganisms,सूक्ष्मजीवों का संसार : सूक्ष्मदर्शी द्वारा आँखों देखा,https://scert.bihar.gov.in/eresources/%E0%A4%B5%E0%A4%BF%E0%A4%9C%E0%A5%A4%E0%A4%A8-%E0%A4%AD%E0%A4%BE%E0%A4%97-3-1708404249,UNVERIFIED,NEEDS_REVIEW,false,MATCH,0,1,true,1
8,science,7,microorganisms,सूक्ष्मजीवों का संसार : सूक्ष्मदर्शी द्वारा आँखों देखा,https://scert.bihar.gov.in/eresources/%E0%A4%B5%E0%A4%BF%E0%A4%9C%E0%A5%A4%E0%A4%A8-%E0%A4%AD%E0%A4%BE%E0%A4%97-3-1708404249,UNVERIFIED,NEEDS_REVIEW,false,ORDER,0,1,true,1
8,science,7,microorganisms,सूक्ष्मजीवों का संसार : सूक्ष्मदर्शी द्वारा आँखों देखा,https://scert.bihar.gov.in/eresources/%E0%A4%B5%E0%A4%BF%E0%A4%9C%E0%A5%A4%E0%A4%A8-%E0%A4%AD%E0%A4%BE%E0%A4%97-3-1708404249,UNVERIFIED,NEEDS_REVIEW,false,ASSERTION_REASON,0,1,true,1
8,science,7,microorganisms,सूक्ष्मजीवों का संसार : सूक्ष्मदर्शी द्वारा आँखों देखा,https://scert.bihar.gov.in/eresources/%E0%A4%B5%E0%A4%BF%E0%A4%9C%E0%A5%A4%E0%A4%A8-%E0%A4%AD%E0%A4%BE%E0%A4%97-3-1708404249,UNVERIFIED,NEEDS_REVIEW,false,CASE_BASED,0,1,true,1
8,science,7,microorganisms,सूक्ष्मजीवों का संसार : सूक्ष्मदर्शी द्वारा आँखों देखा,https://scert.bihar.gov.in/eresources/%E0%A4%B5%E0%A4%BF%E0%A4%9C%E0%A5%A4%E0%A4%A8-%E0%A4%AD%E0%A4%BE%E0%A4%97-3-1708404249,UNVERIFIED,NEEDS_REVIEW,false,SHORT_ANSWER,0,1,true,1
8,science,7,microorganisms,सूक्ष्मजीवों का संसार : सूक्ष्मदर्शी द्वारा आँखों देखा,https://scert.bihar.gov.in/eresources/%E0%A4%B5%E0%A4%BF%E0%A4%9C%E0%A5%A4%E0%A4%A8-%E0%A4%AD%E0%A4%BE%E0%A4%97-3-1708404249,UNVERIFIED,NEEDS_REVIEW,false,LONG_ANSWER,0,1,true,1
8,science,7,microorganisms,सूक्ष्मजीवों का संसार : सूक्ष्मदर्शी द्वारा आँखों देखा,https://scert.bihar.gov.in/eresources/%E0%A4%B5%E0%A4%BF%E0%A4%9C%E0%A5%A4%E0%A4%A8-%E0%A4%AD%E0%A4%BE%E0%A4%97-3-1708404249,UNVERIFIED,NEEDS_REVIEW,false,NUMERICAL,0,1,false,0
8,science,7,microorganisms,सूक्ष्मजीवों का संसार : सूक्ष्मदर्शी द्वारा आँखों देखा,https://scert.bihar.gov.in/eresources/%E0%A4%B5%E0%A4%BF%E0%A4%9C%E0%A5%A4%E0%A4%A8-%E0%A4%AD%E0%A4%BE%E0%A4%97-3-1708404249,UNVERIFIED,NEEDS_REVIEW,false,DIAGRAM,0,1,true,1
8,science,7,microorganisms,सूक्ष्मजीवों का संसार : सूक्ष्मदर्शी द्वारा आँखों देखा,https://scert.bihar.gov.in/eresources/%E0%A4%B5%E0%A4%BF%E0%A4%9C%E0%A5%A4%E0%A4%A8-%E0%A4%AD%E0%A4%BE%E0%A4%97-3-1708404249,UNVERIFIED,NEEDS_REVIEW,false,MAP,0,1,false,0
8,science,7,microorganisms,सूक्ष्मजीवों का संसार : सूक्ष्मदर्शी द्वारा आँखों देखा,https://scert.bihar.gov.in/eresources/%E0%A4%B5%E0%A4%BF%E0%A4%9C%E0%A5%A4%E0%A4%A8-%E0%A4%AD%E0%A4%BE%E0%A4%97-3-1708404249,UNVERIFIED,NEEDS_REVIEW,false,SOURCE_BASED,0,1,false,0
8,science,8,pressure-force,दाब और बल का आपसी संबंध,https://scert.bihar.gov.in/eresources/%E0%A4%B5%E0%A4%BF%E0%A4%9C%E0%A5%A4%E0%A4%A8-%E0%A4%AD%E0%A4%BE%E0%A4%97-3-1708404249,UNVERIFIED,NEEDS_REVIEW,false,MCQ,0,1,true,1
8,science,8,pressure-force,दाब और बल का आपसी संबंध,https://scert.bihar.gov.in/eresources/%E0%A4%B5%E0%A4%BF%E0%A4%9C%E0%A5%A4%E0%A4%A8-%E0%A4%AD%E0%A4%BE%E0%A4%97-3-1708404249,UNVERIFIED,NEEDS_REVIEW,false,TRUE_FALSE,0,1,true,1
8,science,8,pressure-force,दाब और बल का आपसी संबंध,https://scert.bihar.gov.in/eresources/%E0%A4%B5%E0%A4%BF%E0%A4%9C%E0%A5%A4%E0%A4%A8-%E0%A4%AD%E0%A4%BE%E0%A4%97-3-1708404249,UNVERIFIED,NEEDS_REVIEW,false,INPUT,0,1,true,1
8,science,8,pressure-force,दाब और बल का आपसी संबंध,https://scert.bihar.gov.in/eresources/%E0%A4%B5%E0%A4%BF%E0%A4%9C%E0%A5%A4%E0%A4%A8-%E0%A4%AD%E0%A4%BE%E0%A4%97-3-1708404249,UNVERIFIED,NEEDS_REVIEW,false,MATCH,0,1,true,1
8,science,8,pressure-force,दाब और बल का आपसी संबंध,https://scert.bihar.gov.in/eresources/%E0%A4%B5%E0%A4%BF%E0%A4%9C%E0%A5%A4%E0%A4%A8-%E0%A4%AD%E0%A4%BE%E0%A4%97-3-1708404249,UNVERIFIED,NEEDS_REVIEW,false,ORDER,0,1,true,1
8,science,8,pressure-force,दाब और बल का आपसी संबंध,https://scert.bihar.gov.in/eresources/%E0%A4%B5%E0%A4%BF%E0%A4%9C%E0%A5%A4%E0%A4%A8-%E0%A4%AD%E0%A4%BE%E0%A4%97-3-1708404249,UNVERIFIED,NEEDS_REVIEW,false,ASSERTION_REASON,0,1,true,1
8,science,8,pressure-force,दाब और बल का आपसी संबंध,https://scert.bihar.gov.in/eresources/%E0%A4%B5%E0%A4%BF%E0%A4%9C%E0%A5%A4%E0%A4%A8-%E0%A4%AD%E0%A4%BE%E0%A4%97-3-1708404249,UNVERIFIED,NEEDS_REVIEW,false,CASE_BASED,0,1,true,1
8,science,8,pressure-force,दाब और बल का आपसी संबंध,https://scert.bihar.gov.in/eresources/%E0%A4%B5%E0%A4%BF%E0%A4%9C%E0%A5%A4%E0%A4%A8-%E0%A4%AD%E0%A4%BE%E0%A4%97-3-1708404249,UNVERIFIED,NEEDS_REVIEW,false,SHORT_ANSWER,0,1,true,1
8,science,8,pressure-force,दाब और बल का आपसी संबंध,https://scert.bihar.gov.in/eresources/%E0%A4%B5%E0%A4%BF%E0%A4%9C%E0%A5%A4%E0%A4%A8-%E0%A4%AD%E0%A4%BE%E0%A4%97-3-1708404249,UNVERIFIED,NEEDS_REVIEW,false,LONG_ANSWER,0,1,true,1
8,science,8,pressure-force,दाब और बल का आपसी संबंध,https://scert.bihar.gov.in/eresources/%E0%A4%B5%E0%A4%BF%E0%A4%9C%E0%A5%A4%E0%A4%A8-%E0%A4%AD%E0%A4%BE%E0%A4%97-3-1708404249,UNVERIFIED,NEEDS_REVIEW,false,NUMERICAL,0,1,false,0
8,science,8,pressure-force,दाब और बल का आपसी संबंध,https://scert.bihar.gov.in/eresources/%E0%A4%B5%E0%A4%BF%E0%A4%9C%E0%A5%A4%E0%A4%A8-%E0%A4%AD%E0%A4%BE%E0%A4%97-3-1708404249,UNVERIFIED,NEEDS_REVIEW,false,DIAGRAM,0,1,true,1
8,science,8,pressure-force,दाब और बल का आपसी संबंध,https://scert.bihar.gov.in/eresources/%E0%A4%B5%E0%A4%BF%E0%A4%9C%E0%A5%A4%E0%A4%A8-%E0%A4%AD%E0%A4%BE%E0%A4%97-3-1708404249,UNVERIFIED,NEEDS_REVIEW,false,MAP,0,1,false,0
8,science,8,pressure-force,दाब और बल का आपसी संबंध,https://scert.bihar.gov.in/eresources/%E0%A4%B5%E0%A4%BF%E0%A4%9C%E0%A5%A4%E0%A4%A8-%E0%A4%AD%E0%A4%BE%E0%A4%97-3-1708404249,UNVERIFIED,NEEDS_REVIEW,false,SOURCE_BASED,0,1,false,0
8,science,9,coal-petroleum,ईंधन : हमारी जरूरत,https://scert.bihar.gov.in/eresources/%E0%A4%B5%E0%A4%BF%E0%A4%9C%E0%A5%A4%E0%A4%A8-%E0%A4%AD%E0%A4%BE%E0%A4%97-3-1708404249,UNVERIFIED,NEEDS_REVIEW,false,MCQ,0,1,true,1
8,science,9,coal-petroleum,ईंधन : हमारी जरूरत,https://scert.bihar.gov.in/eresources/%E0%A4%B5%E0%A4%BF%E0%A4%9C%E0%A5%A4%E0%A4%A8-%E0%A4%AD%E0%A4%BE%E0%A4%97-3-1708404249,UNVERIFIED,NEEDS_REVIEW,false,TRUE_FALSE,0,1,true,1
8,science,9,coal-petroleum,ईंधन : हमारी जरूरत,https://scert.bihar.gov.in/eresources/%E0%A4%B5%E0%A4%BF%E0%A4%9C%E0%A5%A4%E0%A4%A8-%E0%A4%AD%E0%A4%BE%E0%A4%97-3-1708404249,UNVERIFIED,NEEDS_REVIEW,false,INPUT,0,1,true,1
8,science,9,coal-petroleum,ईंधन : हमारी जरूरत,https://scert.bihar.gov.in/eresources/%E0%A4%B5%E0%A4%BF%E0%A4%9C%E0%A5%A4%E0%A4%A8-%E0%A4%AD%E0%A4%BE%E0%A4%97-3-1708404249,UNVERIFIED,NEEDS_REVIEW,false,MATCH,0,1,true,1
8,science,9,coal-petroleum,ईंधन : हमारी जरूरत,https://scert.bihar.gov.in/eresources/%E0%A4%B5%E0%A4%BF%E0%A4%9C%E0%A5%A4%E0%A4%A8-%E0%A4%AD%E0%A4%BE%E0%A4%97-3-1708404249,UNVERIFIED,NEEDS_REVIEW,false,ORDER,0,1,true,1
8,science,9,coal-petroleum,ईंधन : हमारी जरूरत,https://scert.bihar.gov.in/eresources/%E0%A4%B5%E0%A4%BF%E0%A4%9C%E0%A5%A4%E0%A4%A8-%E0%A4%AD%E0%A4%BE%E0%A4%97-3-1708404249,UNVERIFIED,NEEDS_REVIEW,false,ASSERTION_REASON,0,1,true,1
8,science,9,coal-petroleum,ईंधन : हमारी जरूरत,https://scert.bihar.gov.in/eresources/%E0%A4%B5%E0%A4%BF%E0%A4%9C%E0%A5%A4%E0%A4%A8-%E0%A4%AD%E0%A4%BE%E0%A4%97-3-1708404249,UNVERIFIED,NEEDS_REVIEW,false,CASE_BASED,0,1,true,1
8,science,9,coal-petroleum,ईंधन : हमारी जरूरत,https://scert.bihar.gov.in/eresources/%E0%A4%B5%E0%A4%BF%E0%A4%9C%E0%A5%A4%E0%A4%A8-%E0%A4%AD%E0%A4%BE%E0%A4%97-3-1708404249,UNVERIFIED,NEEDS_REVIEW,false,SHORT_ANSWER,0,1,true,1
8,science,9,coal-petroleum,ईंधन : हमारी जरूरत,https://scert.bihar.gov.in/eresources/%E0%A4%B5%E0%A4%BF%E0%A4%9C%E0%A5%A4%E0%A4%A8-%E0%A4%AD%E0%A4%BE%E0%A4%97-3-1708404249,UNVERIFIED,NEEDS_REVIEW,false,LONG_ANSWER,0,1,true,1
8,science,9,coal-petroleum,ईंधन : हमारी जरूरत,https://scert.bihar.gov.in/eresources/%E0%A4%B5%E0%A4%BF%E0%A4%9C%E0%A5%A4%E0%A4%A8-%E0%A4%AD%E0%A4%BE%E0%A4%97-3-1708404249,UNVERIFIED,NEEDS_REVIEW,false,NUMERICAL,0,1,false,0
8,science,9,coal-petroleum,ईंधन : हमारी जरूरत,https://scert.bihar.gov.in/eresources/%E0%A4%B5%E0%A4%BF%E0%A4%9C%E0%A5%A4%E0%A4%A8-%E0%A4%AD%E0%A4%BE%E0%A4%97-3-1708404249,UNVERIFIED,NEEDS_REVIEW,false,DIAGRAM,0,1,true,1
8,science,9,coal-petroleum,ईंधन : हमारी जरूरत,https://scert.bihar.gov.in/eresources/%E0%A4%B5%E0%A4%BF%E0%A4%9C%E0%A5%A4%E0%A4%A8-%E0%A4%AD%E0%A4%BE%E0%A4%97-3-1708404249,UNVERIFIED,NEEDS_REVIEW,false,MAP,0,1,false,0
8,science,9,coal-petroleum,ईंधन : हमारी जरूरत,https://scert.bihar.gov.in/eresources/%E0%A4%B5%E0%A4%BF%E0%A4%9C%E0%A5%A4%E0%A4%A8-%E0%A4%AD%E0%A4%BE%E0%A4%97-3-1708404249,UNVERIFIED,NEEDS_REVIEW,false,SOURCE_BASED,0,1,false,0
8,science,10,chemical-effects-electricity,विद्युत धारा के रासायनिक प्रभाव,https://scert.bihar.gov.in/eresources/%E0%A4%B5%E0%A4%BF%E0%A4%9C%E0%A5%A4%E0%A4%A8-%E0%A4%AD%E0%A4%BE%E0%A4%97-3-1708404249,UNVERIFIED,NEEDS_REVIEW,false,MCQ,0,1,true,1
8,science,10,chemical-effects-electricity,विद्युत धारा के रासायनिक प्रभाव,https://scert.bihar.gov.in/eresources/%E0%A4%B5%E0%A4%BF%E0%A4%9C%E0%A5%A4%E0%A4%A8-%E0%A4%AD%E0%A4%BE%E0%A4%97-3-1708404249,UNVERIFIED,NEEDS_REVIEW,false,TRUE_FALSE,0,1,true,1
8,science,10,chemical-effects-electricity,विद्युत धारा के रासायनिक प्रभाव,https://scert.bihar.gov.in/eresources/%E0%A4%B5%E0%A4%BF%E0%A4%9C%E0%A5%A4%E0%A4%A8-%E0%A4%AD%E0%A4%BE%E0%A4%97-3-1708404249,UNVERIFIED,NEEDS_REVIEW,false,INPUT,0,1,true,1
8,science,10,chemical-effects-electricity,विद्युत धारा के रासायनिक प्रभाव,https://scert.bihar.gov.in/eresources/%E0%A4%B5%E0%A4%BF%E0%A4%9C%E0%A5%A4%E0%A4%A8-%E0%A4%AD%E0%A4%BE%E0%A4%97-3-1708404249,UNVERIFIED,NEEDS_REVIEW,false,MATCH,0,1,true,1
8,science,10,chemical-effects-electricity,विद्युत धारा के रासायनिक प्रभाव,https://scert.bihar.gov.in/eresources/%E0%A4%B5%E0%A4%BF%E0%A4%9C%E0%A5%A4%E0%A4%A8-%E0%A4%AD%E0%A4%BE%E0%A4%97-3-1708404249,UNVERIFIED,NEEDS_REVIEW,false,ORDER,0,1,true,1
8,science,10,chemical-effects-electricity,विद्युत धारा के रासायनिक प्रभाव,https://scert.bihar.gov.in/eresources/%E0%A4%B5%E0%A4%BF%E0%A4%9C%E0%A5%A4%E0%A4%A8-%E0%A4%AD%E0%A4%BE%E0%A4%97-3-1708404249,UNVERIFIED,NEEDS_REVIEW,false,ASSERTION_REASON,0,1,true,1
8,science,10,chemical-effects-electricity,विद्युत धारा के रासायनिक प्रभाव,https://scert.bihar.gov.in/eresources/%E0%A4%B5%E0%A4%BF%E0%A4%9C%E0%A5%A4%E0%A4%A8-%E0%A4%AD%E0%A4%BE%E0%A4%97-3-1708404249,UNVERIFIED,NEEDS_REVIEW,false,CASE_BASED,0,1,true,1
8,science,10,chemical-effects-electricity,विद्युत धारा के रासायनिक प्रभाव,https://scert.bihar.gov.in/eresources/%E0%A4%B5%E0%A4%BF%E0%A4%9C%E0%A5%A4%E0%A4%A8-%E0%A4%AD%E0%A4%BE%E0%A4%97-3-1708404249,UNVERIFIED,NEEDS_REVIEW,false,SHORT_ANSWER,0,1,true,1
8,science,10,chemical-effects-electricity,विद्युत धारा के रासायनिक प्रभाव,https://scert.bihar.gov.in/eresources/%E0%A4%B5%E0%A4%BF%E0%A4%9C%E0%A5%A4%E0%A4%A8-%E0%A4%AD%E0%A4%BE%E0%A4%97-3-1708404249,UNVERIFIED,NEEDS_REVIEW,false,LONG_ANSWER,0,1,true,1
8,science,10,chemical-effects-electricity,विद्युत धारा के रासायनिक प्रभाव,https://scert.bihar.gov.in/eresources/%E0%A4%B5%E0%A4%BF%E0%A4%9C%E0%A5%A4%E0%A4%A8-%E0%A4%AD%E0%A4%BE%E0%A4%97-3-1708404249,UNVERIFIED,NEEDS_REVIEW,false,NUMERICAL,0,1,false,0
8,science,10,chemical-effects-electricity,विद्युत धारा के रासायनिक प्रभाव,https://scert.bihar.gov.in/eresources/%E0%A4%B5%E0%A4%BF%E0%A4%9C%E0%A5%A4%E0%A4%A8-%E0%A4%AD%E0%A4%BE%E0%A4%97-3-1708404249,UNVERIFIED,NEEDS_REVIEW,false,DIAGRAM,0,1,true,1
8,science,10,chemical-effects-electricity,विद्युत धारा के रासायनिक प्रभाव,https://scert.bihar.gov.in/eresources/%E0%A4%B5%E0%A4%BF%E0%A4%9C%E0%A5%A4%E0%A4%A8-%E0%A4%AD%E0%A4%BE%E0%A4%97-3-1708404249,UNVERIFIED,NEEDS_REVIEW,false,MAP,0,1,false,0
8,science,10,chemical-effects-electricity,विद्युत धारा के रासायनिक प्रभाव,https://scert.bihar.gov.in/eresources/%E0%A4%B5%E0%A4%BF%E0%A4%9C%E0%A5%A4%E0%A4%A8-%E0%A4%AD%E0%A4%BE%E0%A4%97-3-1708404249,UNVERIFIED,NEEDS_REVIEW,false,SOURCE_BASED,0,1,false,0
8,science,11,light,प्रकाश के खेल,https://scert.bihar.gov.in/eresources/%E0%A4%B5%E0%A4%BF%E0%A4%9C%E0%A5%A4%E0%A4%A8-%E0%A4%AD%E0%A4%BE%E0%A4%97-3-1708404249,UNVERIFIED,NEEDS_REVIEW,false,MCQ,0,1,true,1
8,science,11,light,प्रकाश के खेल,https://scert.bihar.gov.in/eresources/%E0%A4%B5%E0%A4%BF%E0%A4%9C%E0%A5%A4%E0%A4%A8-%E0%A4%AD%E0%A4%BE%E0%A4%97-3-1708404249,UNVERIFIED,NEEDS_REVIEW,false,TRUE_FALSE,0,1,true,1
8,science,11,light,प्रकाश के खेल,https://scert.bihar.gov.in/eresources/%E0%A4%B5%E0%A4%BF%E0%A4%9C%E0%A5%A4%E0%A4%A8-%E0%A4%AD%E0%A4%BE%E0%A4%97-3-1708404249,UNVERIFIED,NEEDS_REVIEW,false,INPUT,0,1,true,1
8,science,11,light,प्रकाश के खेल,https://scert.bihar.gov.in/eresources/%E0%A4%B5%E0%A4%BF%E0%A4%9C%E0%A5%A4%E0%A4%A8-%E0%A4%AD%E0%A4%BE%E0%A4%97-3-1708404249,UNVERIFIED,NEEDS_REVIEW,false,MATCH,0,1,true,1
8,science,11,light,प्रकाश के खेल,https://scert.bihar.gov.in/eresources/%E0%A4%B5%E0%A4%BF%E0%A4%9C%E0%A5%A4%E0%A4%A8-%E0%A4%AD%E0%A4%BE%E0%A4%97-3-1708404249,UNVERIFIED,NEEDS_REVIEW,false,ORDER,0,1,true,1
8,science,11,light,प्रकाश के खेल,https://scert.bihar.gov.in/eresources/%E0%A4%B5%E0%A4%BF%E0%A4%9C%E0%A5%A4%E0%A4%A8-%E0%A4%AD%E0%A4%BE%E0%A4%97-3-1708404249,UNVERIFIED,NEEDS_REVIEW,false,ASSERTION_REASON,0,1,true,1
8,science,11,light,प्रकाश के खेल,https://scert.bihar.gov.in/eresources/%E0%A4%B5%E0%A4%BF%E0%A4%9C%E0%A5%A4%E0%A4%A8-%E0%A4%AD%E0%A4%BE%E0%A4%97-3-1708404249,UNVERIFIED,NEEDS_REVIEW,false,CASE_BASED,0,1,true,1
8,science,11,light,प्रकाश के खेल,https://scert.bihar.gov.in/eresources/%E0%A4%B5%E0%A4%BF%E0%A4%9C%E0%A5%A4%E0%A4%A8-%E0%A4%AD%E0%A4%BE%E0%A4%97-3-1708404249,UNVERIFIED,NEEDS_REVIEW,false,SHORT_ANSWER,0,1,true,1
8,science,11,light,प्रकाश के खेल,https://scert.bihar.gov.in/eresources/%E0%A4%B5%E0%A4%BF%E0%A4%9C%E0%A5%A4%E0%A4%A8-%E0%A4%AD%E0%A4%BE%E0%A4%97-3-1708404249,UNVERIFIED,NEEDS_REVIEW,false,LONG_ANSWER,0,1,true,1
8,science,11,light,प्रकाश के खेल,https://scert.bihar.gov.in/eresources/%E0%A4%B5%E0%A4%BF%E0%A4%9C%E0%A5%A4%E0%A4%A8-%E0%A4%AD%E0%A4%BE%E0%A4%97-3-1708404249,UNVERIFIED,NEEDS_REVIEW,false,NUMERICAL,0,1,false,0
8,science,11,light,प्रकाश के खेल,https://scert.bihar.gov.in/eresources/%E0%A4%B5%E0%A4%BF%E0%A4%9C%E0%A5%A4%E0%A4%A8-%E0%A4%AD%E0%A4%BE%E0%A4%97-3-1708404249,UNVERIFIED,NEEDS_REVIEW,false,DIAGRAM,0,1,true,1
8,science,11,light,प्रकाश के खेल,https://scert.bihar.gov.in/eresources/%E0%A4%B5%E0%A4%BF%E0%A4%9C%E0%A5%A4%E0%A4%A8-%E0%A4%AD%E0%A4%BE%E0%A4%97-3-1708404249,UNVERIFIED,NEEDS_REVIEW,false,MAP,0,1,false,0
8,science,11,light,प्रकाश के खेल,https://scert.bihar.gov.in/eresources/%E0%A4%B5%E0%A4%BF%E0%A4%9C%E0%A5%A4%E0%A4%A8-%E0%A4%AD%E0%A4%BE%E0%A4%97-3-1708404249,UNVERIFIED,NEEDS_REVIEW,false,SOURCE_BASED,0,1,false,0
8,science,12,conservation,पौधों और जंतुओं का संरक्षण : जैव विविधता,https://scert.bihar.gov.in/eresources/%E0%A4%B5%E0%A4%BF%E0%A4%9C%E0%A5%A4%E0%A4%A8-%E0%A4%AD%E0%A4%BE%E0%A4%97-3-1708404249,UNVERIFIED,NEEDS_REVIEW,false,MCQ,0,1,true,1
8,science,12,conservation,पौधों और जंतुओं का संरक्षण : जैव विविधता,https://scert.bihar.gov.in/eresources/%E0%A4%B5%E0%A4%BF%E0%A4%9C%E0%A5%A4%E0%A4%A8-%E0%A4%AD%E0%A4%BE%E0%A4%97-3-1708404249,UNVERIFIED,NEEDS_REVIEW,false,TRUE_FALSE,0,1,true,1
8,science,12,conservation,पौधों और जंतुओं का संरक्षण : जैव विविधता,https://scert.bihar.gov.in/eresources/%E0%A4%B5%E0%A4%BF%E0%A4%9C%E0%A5%A4%E0%A4%A8-%E0%A4%AD%E0%A4%BE%E0%A4%97-3-1708404249,UNVERIFIED,NEEDS_REVIEW,false,INPUT,0,1,true,1
8,science,12,conservation,पौधों और जंतुओं का संरक्षण : जैव विविधता,https://scert.bihar.gov.in/eresources/%E0%A4%B5%E0%A4%BF%E0%A4%9C%E0%A5%A4%E0%A4%A8-%E0%A4%AD%E0%A4%BE%E0%A4%97-3-1708404249,UNVERIFIED,NEEDS_REVIEW,false,MATCH,0,1,true,1
8,science,12,conservation,पौधों और जंतुओं का संरक्षण : जैव विविधता,https://scert.bihar.gov.in/eresources/%E0%A4%B5%E0%A4%BF%E0%A4%9C%E0%A5%A4%E0%A4%A8-%E0%A4%AD%E0%A4%BE%E0%A4%97-3-1708404249,UNVERIFIED,NEEDS_REVIEW,false,ORDER,0,1,true,1
8,science,12,conservation,पौधों और जंतुओं का संरक्षण : जैव विविधता,https://scert.bihar.gov.in/eresources/%E0%A4%B5%E0%A4%BF%E0%A4%9C%E0%A5%A4%E0%A4%A8-%E0%A4%AD%E0%A4%BE%E0%A4%97-3-1708404249,UNVERIFIED,NEEDS_REVIEW,false,ASSERTION_REASON,0,1,true,1
8,science,12,conservation,पौधों और जंतुओं का संरक्षण : जैव विविधता,https://scert.bihar.gov.in/eresources/%E0%A4%B5%E0%A4%BF%E0%A4%9C%E0%A5%A4%E0%A4%A8-%E0%A4%AD%E0%A4%BE%E0%A4%97-3-1708404249,UNVERIFIED,NEEDS_REVIEW,false,CASE_BASED,0,1,true,1
8,science,12,conservation,पौधों और जंतुओं का संरक्षण : जैव विविधता,https://scert.bihar.gov.in/eresources/%E0%A4%B5%E0%A4%BF%E0%A4%9C%E0%A5%A4%E0%A4%A8-%E0%A4%AD%E0%A4%BE%E0%A4%97-3-1708404249,UNVERIFIED,NEEDS_REVIEW,false,SHORT_ANSWER,0,1,true,1
8,science,12,conservation,पौधों और जंतुओं का संरक्षण : जैव विविधता,https://scert.bihar.gov.in/eresources/%E0%A4%B5%E0%A4%BF%E0%A4%9C%E0%A5%A4%E0%A4%A8-%E0%A4%AD%E0%A4%BE%E0%A4%97-3-1708404249,UNVERIFIED,NEEDS_REVIEW,false,LONG_ANSWER,0,1,true,1
8,science,12,conservation,पौधों और जंतुओं का संरक्षण : जैव विविधता,https://scert.bihar.gov.in/eresources/%E0%A4%B5%E0%A4%BF%E0%A4%9C%E0%A5%A4%E0%A4%A8-%E0%A4%AD%E0%A4%BE%E0%A4%97-3-1708404249,UNVERIFIED,NEEDS_REVIEW,false,NUMERICAL,0,1,false,0
8,science,12,conservation,पौधों और जंतुओं का संरक्षण : जैव विविधता,https://scert.bihar.gov.in/eresources/%E0%A4%B5%E0%A4%BF%E0%A4%9C%E0%A5%A4%E0%A4%A8-%E0%A4%AD%E0%A4%BE%E0%A4%97-3-1708404249,UNVERIFIED,NEEDS_REVIEW,false,DIAGRAM,0,1,true,1
8,science,12,conservation,पौधों और जंतुओं का संरक्षण : जैव विविधता,https://scert.bihar.gov.in/eresources/%E0%A4%B5%E0%A4%BF%E0%A4%9C%E0%A5%A4%E0%A4%A8-%E0%A4%AD%E0%A4%BE%E0%A4%97-3-1708404249,UNVERIFIED,NEEDS_REVIEW,false,MAP,0,1,false,0
8,science,12,conservation,पौधों और जंतुओं का संरक्षण : जैव विविधता,https://scert.bihar.gov.in/eresources/%E0%A4%B5%E0%A4%BF%E0%A4%9C%E0%A5%A4%E0%A4%A8-%E0%A4%AD%E0%A4%BE%E0%A4%97-3-1708404249,UNVERIFIED,NEEDS_REVIEW,false,SOURCE_BASED,0,1,false,0
8,science,13,stars-sun,तारे और सूर्य का परिवार,https://scert.bihar.gov.in/eresources/%E0%A4%B5%E0%A4%BF%E0%A4%9C%E0%A5%A4%E0%A4%A8-%E0%A4%AD%E0%A4%BE%E0%A4%97-3-1708404249,UNVERIFIED,NEEDS_REVIEW,false,MCQ,0,1,true,1
8,science,13,stars-sun,तारे और सूर्य का परिवार,https://scert.bihar.gov.in/eresources/%E0%A4%B5%E0%A4%BF%E0%A4%9C%E0%A5%A4%E0%A4%A8-%E0%A4%AD%E0%A4%BE%E0%A4%97-3-1708404249,UNVERIFIED,NEEDS_REVIEW,false,TRUE_FALSE,0,1,true,1
8,science,13,stars-sun,तारे और सूर्य का परिवार,https://scert.bihar.gov.in/eresources/%E0%A4%B5%E0%A4%BF%E0%A4%9C%E0%A5%A4%E0%A4%A8-%E0%A4%AD%E0%A4%BE%E0%A4%97-3-1708404249,UNVERIFIED,NEEDS_REVIEW,false,INPUT,0,1,true,1
8,science,13,stars-sun,तारे और सूर्य का परिवार,https://scert.bihar.gov.in/eresources/%E0%A4%B5%E0%A4%BF%E0%A4%9C%E0%A5%A4%E0%A4%A8-%E0%A4%AD%E0%A4%BE%E0%A4%97-3-1708404249,UNVERIFIED,NEEDS_REVIEW,false,MATCH,0,1,true,1
8,science,13,stars-sun,तारे और सूर्य का परिवार,https://scert.bihar.gov.in/eresources/%E0%A4%B5%E0%A4%BF%E0%A4%9C%E0%A5%A4%E0%A4%A8-%E0%A4%AD%E0%A4%BE%E0%A4%97-3-1708404249,UNVERIFIED,NEEDS_REVIEW,false,ORDER,0,1,true,1
8,science,13,stars-sun,तारे और सूर्य का परिवार,https://scert.bihar.gov.in/eresources/%E0%A4%B5%E0%A4%BF%E0%A4%9C%E0%A5%A4%E0%A4%A8-%E0%A4%AD%E0%A4%BE%E0%A4%97-3-1708404249,UNVERIFIED,NEEDS_REVIEW,false,ASSERTION_REASON,0,1,true,1
8,science,13,stars-sun,तारे और सूर्य का परिवार,https://scert.bihar.gov.in/eresources/%E0%A4%B5%E0%A4%BF%E0%A4%9C%E0%A5%A4%E0%A4%A8-%E0%A4%AD%E0%A4%BE%E0%A4%97-3-1708404249,UNVERIFIED,NEEDS_REVIEW,false,CASE_BASED,0,1,true,1
8,science,13,stars-sun,तारे और सूर्य का परिवार,https://scert.bihar.gov.in/eresources/%E0%A4%B5%E0%A4%BF%E0%A4%9C%E0%A5%A4%E0%A4%A8-%E0%A4%AD%E0%A4%BE%E0%A4%97-3-1708404249,UNVERIFIED,NEEDS_REVIEW,false,SHORT_ANSWER,0,1,true,1
8,science,13,stars-sun,तारे और सूर्य का परिवार,https://scert.bihar.gov.in/eresources/%E0%A4%B5%E0%A4%BF%E0%A4%9C%E0%A5%A4%E0%A4%A8-%E0%A4%AD%E0%A4%BE%E0%A4%97-3-1708404249,UNVERIFIED,NEEDS_REVIEW,false,LONG_ANSWER,0,1,true,1
8,science,13,stars-sun,तारे और सूर्य का परिवार,https://scert.bihar.gov.in/eresources/%E0%A4%B5%E0%A4%BF%E0%A4%9C%E0%A5%A4%E0%A4%A8-%E0%A4%AD%E0%A4%BE%E0%A4%97-3-1708404249,UNVERIFIED,NEEDS_REVIEW,false,NUMERICAL,0,1,false,0
8,science,13,stars-sun,तारे और सूर्य का परिवार,https://scert.bihar.gov.in/eresources/%E0%A4%B5%E0%A4%BF%E0%A4%9C%E0%A5%A4%E0%A4%A8-%E0%A4%AD%E0%A4%BE%E0%A4%97-3-1708404249,UNVERIFIED,NEEDS_REVIEW,false,DIAGRAM,0,1,true,1
8,science,13,stars-sun,तारे और सूर्य का परिवार,https://scert.bihar.gov.in/eresources/%E0%A4%B5%E0%A4%BF%E0%A4%9C%E0%A5%A4%E0%A4%A8-%E0%A4%AD%E0%A4%BE%E0%A4%97-3-1708404249,UNVERIFIED,NEEDS_REVIEW,false,MAP,0,1,false,0
8,science,13,stars-sun,तारे और सूर्य का परिवार,https://scert.bihar.gov.in/eresources/%E0%A4%B5%E0%A4%BF%E0%A4%9C%E0%A5%A4%E0%A4%A8-%E0%A4%AD%E0%A4%BE%E0%A4%97-3-1708404249,UNVERIFIED,NEEDS_REVIEW,false,SOURCE_BASED,0,1,false,0
8,science,14,cells,कोशिकाएँ : हर जीव की आधारभूत संरचना,https://scert.bihar.gov.in/eresources/%E0%A4%B5%E0%A4%BF%E0%A4%9C%E0%A5%A4%E0%A4%A8-%E0%A4%AD%E0%A4%BE%E0%A4%97-3-1708404249,UNVERIFIED,NEEDS_REVIEW,false,MCQ,0,1,true,1
8,science,14,cells,कोशिकाएँ : हर जीव की आधारभूत संरचना,https://scert.bihar.gov.in/eresources/%E0%A4%B5%E0%A4%BF%E0%A4%9C%E0%A5%A4%E0%A4%A8-%E0%A4%AD%E0%A4%BE%E0%A4%97-3-1708404249,UNVERIFIED,NEEDS_REVIEW,false,TRUE_FALSE,0,1,true,1
8,science,14,cells,कोशिकाएँ : हर जीव की आधारभूत संरचना,https://scert.bihar.gov.in/eresources/%E0%A4%B5%E0%A4%BF%E0%A4%9C%E0%A5%A4%E0%A4%A8-%E0%A4%AD%E0%A4%BE%E0%A4%97-3-1708404249,UNVERIFIED,NEEDS_REVIEW,false,INPUT,0,1,true,1
8,science,14,cells,कोशिकाएँ : हर जीव की आधारभूत संरचना,https://scert.bihar.gov.in/eresources/%E0%A4%B5%E0%A4%BF%E0%A4%9C%E0%A5%A4%E0%A4%A8-%E0%A4%AD%E0%A4%BE%E0%A4%97-3-1708404249,UNVERIFIED,NEEDS_REVIEW,false,MATCH,0,1,true,1
8,science,14,cells,कोशिकाएँ : हर जीव की आधारभूत संरचना,https://scert.bihar.gov.in/eresources/%E0%A4%B5%E0%A4%BF%E0%A4%9C%E0%A5%A4%E0%A4%A8-%E0%A4%AD%E0%A4%BE%E0%A4%97-3-1708404249,UNVERIFIED,NEEDS_REVIEW,false,ORDER,0,1,true,1
8,science,14,cells,कोशिकाएँ : हर जीव की आधारभूत संरचना,https://scert.bihar.gov.in/eresources/%E0%A4%B5%E0%A4%BF%E0%A4%9C%E0%A5%A4%E0%A4%A8-%E0%A4%AD%E0%A4%BE%E0%A4%97-3-1708404249,UNVERIFIED,NEEDS_REVIEW,false,ASSERTION_REASON,0,1,true,1
8,science,14,cells,कोशिकाएँ : हर जीव की आधारभूत संरचना,https://scert.bihar.gov.in/eresources/%E0%A4%B5%E0%A4%BF%E0%A4%9C%E0%A5%A4%E0%A4%A8-%E0%A4%AD%E0%A4%BE%E0%A4%97-3-1708404249,UNVERIFIED,NEEDS_REVIEW,false,CASE_BASED,0,1,true,1
8,science,14,cells,कोशिकाएँ : हर जीव की आधारभूत संरचना,https://scert.bihar.gov.in/eresources/%E0%A4%B5%E0%A4%BF%E0%A4%9C%E0%A5%A4%E0%A4%A8-%E0%A4%AD%E0%A4%BE%E0%A4%97-3-1708404249,UNVERIFIED,NEEDS_REVIEW,false,SHORT_ANSWER,0,1,true,1
8,science,14,cells,कोशिकाएँ : हर जीव की आधारभूत संरचना,https://scert.bihar.gov.in/eresources/%E0%A4%B5%E0%A4%BF%E0%A4%9C%E0%A5%A4%E0%A4%A8-%E0%A4%AD%E0%A4%BE%E0%A4%97-3-1708404249,UNVERIFIED,NEEDS_REVIEW,false,LONG_ANSWER,0,1,true,1
8,science,14,cells,कोशिकाएँ : हर जीव की आधारभूत संरचना,https://scert.bihar.gov.in/eresources/%E0%A4%B5%E0%A4%BF%E0%A4%9C%E0%A5%A4%E0%A4%A8-%E0%A4%AD%E0%A4%BE%E0%A4%97-3-1708404249,UNVERIFIED,NEEDS_REVIEW,false,NUMERICAL,0,1,false,0
8,science,14,cells,कोशिकाएँ : हर जीव की आधारभूत संरचना,https://scert.bihar.gov.in/eresources/%E0%A4%B5%E0%A4%BF%E0%A4%9C%E0%A5%A4%E0%A4%A8-%E0%A4%AD%E0%A4%BE%E0%A4%97-3-1708404249,UNVERIFIED,NEEDS_REVIEW,false,DIAGRAM,0,1,true,1
8,science,14,cells,कोशिकाएँ : हर जीव की आधारभूत संरचना,https://scert.bihar.gov.in/eresources/%E0%A4%B5%E0%A4%BF%E0%A4%9C%E0%A5%A4%E0%A4%A8-%E0%A4%AD%E0%A4%BE%E0%A4%97-3-1708404249,UNVERIFIED,NEEDS_REVIEW,false,MAP,0,1,false,0
8,science,14,cells,कोशिकाएँ : हर जीव की आधारभूत संरचना,https://scert.bihar.gov.in/eresources/%E0%A4%B5%E0%A4%BF%E0%A4%9C%E0%A5%A4%E0%A4%A8-%E0%A4%AD%E0%A4%BE%E0%A4%97-3-1708404249,UNVERIFIED,NEEDS_REVIEW,false,SOURCE_BASED,0,1,false,0
8,science,15,reproduction-animals,जंतुओं में प्रजनन,https://scert.bihar.gov.in/eresources/%E0%A4%B5%E0%A4%BF%E0%A4%9C%E0%A5%A4%E0%A4%A8-%E0%A4%AD%E0%A4%BE%E0%A4%97-3-1708404249,UNVERIFIED,NEEDS_REVIEW,false,MCQ,0,1,true,1
8,science,15,reproduction-animals,जंतुओं में प्रजनन,https://scert.bihar.gov.in/eresources/%E0%A4%B5%E0%A4%BF%E0%A4%9C%E0%A5%A4%E0%A4%A8-%E0%A4%AD%E0%A4%BE%E0%A4%97-3-1708404249,UNVERIFIED,NEEDS_REVIEW,false,TRUE_FALSE,0,1,true,1
8,science,15,reproduction-animals,जंतुओं में प्रजनन,https://scert.bihar.gov.in/eresources/%E0%A4%B5%E0%A4%BF%E0%A4%9C%E0%A5%A4%E0%A4%A8-%E0%A4%AD%E0%A4%BE%E0%A4%97-3-1708404249,UNVERIFIED,NEEDS_REVIEW,false,INPUT,0,1,true,1
8,science,15,reproduction-animals,जंतुओं में प्रजनन,https://scert.bihar.gov.in/eresources/%E0%A4%B5%E0%A4%BF%E0%A4%9C%E0%A5%A4%E0%A4%A8-%E0%A4%AD%E0%A4%BE%E0%A4%97-3-1708404249,UNVERIFIED,NEEDS_REVIEW,false,MATCH,0,1,true,1
8,science,15,reproduction-animals,जंतुओं में प्रजनन,https://scert.bihar.gov.in/eresources/%E0%A4%B5%E0%A4%BF%E0%A4%9C%E0%A5%A4%E0%A4%A8-%E0%A4%AD%E0%A4%BE%E0%A4%97-3-1708404249,UNVERIFIED,NEEDS_REVIEW,false,ORDER,0,1,true,1
8,science,15,reproduction-animals,जंतुओं में प्रजनन,https://scert.bihar.gov.in/eresources/%E0%A4%B5%E0%A4%BF%E0%A4%9C%E0%A5%A4%E0%A4%A8-%E0%A4%AD%E0%A4%BE%E0%A4%97-3-1708404249,UNVERIFIED,NEEDS_REVIEW,false,ASSERTION_REASON,0,1,true,1
8,science,15,reproduction-animals,जंतुओं में प्रजनन,https://scert.bihar.gov.in/eresources/%E0%A4%B5%E0%A4%BF%E0%A4%9C%E0%A5%A4%E0%A4%A8-%E0%A4%AD%E0%A4%BE%E0%A4%97-3-1708404249,UNVERIFIED,NEEDS_REVIEW,false,CASE_BASED,0,1,true,1
8,science,15,reproduction-animals,जंतुओं में प्रजनन,https://scert.bihar.gov.in/eresources/%E0%A4%B5%E0%A4%BF%E0%A4%9C%E0%A5%A4%E0%A4%A8-%E0%A4%AD%E0%A4%BE%E0%A4%97-3-1708404249,UNVERIFIED,NEEDS_REVIEW,false,SHORT_ANSWER,0,1,true,1
8,science,15,reproduction-animals,जंतुओं में प्रजनन,https://scert.bihar.gov.in/eresources/%E0%A4%B5%E0%A4%BF%E0%A4%9C%E0%A5%A4%E0%A4%A8-%E0%A4%AD%E0%A4%BE%E0%A4%97-3-1708404249,UNVERIFIED,NEEDS_REVIEW,false,LONG_ANSWER,0,1,true,1
8,science,15,reproduction-animals,जंतुओं में प्रजनन,https://scert.bihar.gov.in/eresources/%E0%A4%B5%E0%A4%BF%E0%A4%9C%E0%A5%A4%E0%A4%A8-%E0%A4%AD%E0%A4%BE%E0%A4%97-3-1708404249,UNVERIFIED,NEEDS_REVIEW,false,NUMERICAL,0,1,false,0
8,science,15,reproduction-animals,जंतुओं में प्रजनन,https://scert.bihar.gov.in/eresources/%E0%A4%B5%E0%A4%BF%E0%A4%9C%E0%A5%A4%E0%A4%A8-%E0%A4%AD%E0%A4%BE%E0%A4%97-3-1708404249,UNVERIFIED,NEEDS_REVIEW,false,DIAGRAM,0,1,true,1
8,science,15,reproduction-animals,जंतुओं में प्रजनन,https://scert.bihar.gov.in/eresources/%E0%A4%B5%E0%A4%BF%E0%A4%9C%E0%A5%A4%E0%A4%A8-%E0%A4%AD%E0%A4%BE%E0%A4%97-3-1708404249,UNVERIFIED,NEEDS_REVIEW,false,MAP,0,1,false,0
8,science,15,reproduction-animals,जंतुओं में प्रजनन,https://scert.bihar.gov.in/eresources/%E0%A4%B5%E0%A4%BF%E0%A4%9C%E0%A5%A4%E0%A4%A8-%E0%A4%AD%E0%A4%BE%E0%A4%97-3-1708404249,UNVERIFIED,NEEDS_REVIEW,false,SOURCE_BASED,0,1,false,0
8,science,16,metals-nonmetals,धातु और अधातु,https://scert.bihar.gov.in/eresources/%E0%A4%B5%E0%A4%BF%E0%A4%9C%E0%A5%A4%E0%A4%A8-%E0%A4%AD%E0%A4%BE%E0%A4%97-3-1708404249,UNVERIFIED,NEEDS_REVIEW,false,MCQ,0,1,true,1
8,science,16,metals-nonmetals,धातु और अधातु,https://scert.bihar.gov.in/eresources/%E0%A4%B5%E0%A4%BF%E0%A4%9C%E0%A5%A4%E0%A4%A8-%E0%A4%AD%E0%A4%BE%E0%A4%97-3-1708404249,UNVERIFIED,NEEDS_REVIEW,false,TRUE_FALSE,0,1,true,1
8,science,16,metals-nonmetals,धातु और अधातु,https://scert.bihar.gov.in/eresources/%E0%A4%B5%E0%A4%BF%E0%A4%9C%E0%A5%A4%E0%A4%A8-%E0%A4%AD%E0%A4%BE%E0%A4%97-3-1708404249,UNVERIFIED,NEEDS_REVIEW,false,INPUT,0,1,true,1
8,science,16,metals-nonmetals,धातु और अधातु,https://scert.bihar.gov.in/eresources/%E0%A4%B5%E0%A4%BF%E0%A4%9C%E0%A5%A4%E0%A4%A8-%E0%A4%AD%E0%A4%BE%E0%A4%97-3-1708404249,UNVERIFIED,NEEDS_REVIEW,false,MATCH,0,1,true,1
8,science,16,metals-nonmetals,धातु और अधातु,https://scert.bihar.gov.in/eresources/%E0%A4%B5%E0%A4%BF%E0%A4%9C%E0%A5%A4%E0%A4%A8-%E0%A4%AD%E0%A4%BE%E0%A4%97-3-1708404249,UNVERIFIED,NEEDS_REVIEW,false,ORDER,0,1,true,1
8,science,16,metals-nonmetals,धातु और अधातु,https://scert.bihar.gov.in/eresources/%E0%A4%B5%E0%A4%BF%E0%A4%9C%E0%A5%A4%E0%A4%A8-%E0%A4%AD%E0%A4%BE%E0%A4%97-3-1708404249,UNVERIFIED,NEEDS_REVIEW,false,ASSERTION_REASON,0,1,true,1
8,science,16,metals-nonmetals,धातु और अधातु,https://scert.bihar.gov.in/eresources/%E0%A4%B5%E0%A4%BF%E0%A4%9C%E0%A5%A4%E0%A4%A8-%E0%A4%AD%E0%A4%BE%E0%A4%97-3-1708404249,UNVERIFIED,NEEDS_REVIEW,false,CASE_BASED,0,1,true,1
8,science,16,metals-nonmetals,धातु और अधातु,https://scert.bihar.gov.in/eresources/%E0%A4%B5%E0%A4%BF%E0%A4%9C%E0%A5%A4%E0%A4%A8-%E0%A4%AD%E0%A4%BE%E0%A4%97-3-1708404249,UNVERIFIED,NEEDS_REVIEW,false,SHORT_ANSWER,0,1,true,1
8,science,16,metals-nonmetals,धातु और अधातु,https://scert.bihar.gov.in/eresources/%E0%A4%B5%E0%A4%BF%E0%A4%9C%E0%A5%A4%E0%A4%A8-%E0%A4%AD%E0%A4%BE%E0%A4%97-3-1708404249,UNVERIFIED,NEEDS_REVIEW,false,LONG_ANSWER,0,1,true,1
8,science,16,metals-nonmetals,धातु और अधातु,https://scert.bihar.gov.in/eresources/%E0%A4%B5%E0%A4%BF%E0%A4%9C%E0%A5%A4%E0%A4%A8-%E0%A4%AD%E0%A4%BE%E0%A4%97-3-1708404249,UNVERIFIED,NEEDS_REVIEW,false,NUMERICAL,0,1,false,0
8,science,16,metals-nonmetals,धातु और अधातु,https://scert.bihar.gov.in/eresources/%E0%A4%B5%E0%A4%BF%E0%A4%9C%E0%A5%A4%E0%A4%A8-%E0%A4%AD%E0%A4%BE%E0%A4%97-3-1708404249,UNVERIFIED,NEEDS_REVIEW,false,DIAGRAM,0,1,true,1
8,science,16,metals-nonmetals,धातु और अधातु,https://scert.bihar.gov.in/eresources/%E0%A4%B5%E0%A4%BF%E0%A4%9C%E0%A5%A4%E0%A4%A8-%E0%A4%AD%E0%A4%BE%E0%A4%97-3-1708404249,UNVERIFIED,NEEDS_REVIEW,false,MAP,0,1,false,0
8,science,16,metals-nonmetals,धातु और अधातु,https://scert.bihar.gov.in/eresources/%E0%A4%B5%E0%A4%BF%E0%A4%9C%E0%A5%A4%E0%A4%A8-%E0%A4%AD%E0%A4%BE%E0%A4%97-3-1708404249,UNVERIFIED,NEEDS_REVIEW,false,SOURCE_BASED,0,1,false,0
8,science,17,adolescence,किशोरावस्था की ओर,https://scert.bihar.gov.in/eresources/%E0%A4%B5%E0%A4%BF%E0%A4%9C%E0%A5%A4%E0%A4%A8-%E0%A4%AD%E0%A4%BE%E0%A4%97-3-1708404249,UNVERIFIED,NEEDS_REVIEW,false,MCQ,0,1,true,1
8,science,17,adolescence,किशोरावस्था की ओर,https://scert.bihar.gov.in/eresources/%E0%A4%B5%E0%A4%BF%E0%A4%9C%E0%A5%A4%E0%A4%A8-%E0%A4%AD%E0%A4%BE%E0%A4%97-3-1708404249,UNVERIFIED,NEEDS_REVIEW,false,TRUE_FALSE,0,1,true,1
8,science,17,adolescence,किशोरावस्था की ओर,https://scert.bihar.gov.in/eresources/%E0%A4%B5%E0%A4%BF%E0%A4%9C%E0%A5%A4%E0%A4%A8-%E0%A4%AD%E0%A4%BE%E0%A4%97-3-1708404249,UNVERIFIED,NEEDS_REVIEW,false,INPUT,0,1,true,1
8,science,17,adolescence,किशोरावस्था की ओर,https://scert.bihar.gov.in/eresources/%E0%A4%B5%E0%A4%BF%E0%A4%9C%E0%A5%A4%E0%A4%A8-%E0%A4%AD%E0%A4%BE%E0%A4%97-3-1708404249,UNVERIFIED,NEEDS_REVIEW,false,MATCH,0,1,true,1
8,science,17,adolescence,किशोरावस्था की ओर,https://scert.bihar.gov.in/eresources/%E0%A4%B5%E0%A4%BF%E0%A4%9C%E0%A5%A4%E0%A4%A8-%E0%A4%AD%E0%A4%BE%E0%A4%97-3-1708404249,UNVERIFIED,NEEDS_REVIEW,false,ORDER,0,1,true,1
8,science,17,adolescence,किशोरावस्था की ओर,https://scert.bihar.gov.in/eresources/%E0%A4%B5%E0%A4%BF%E0%A4%9C%E0%A5%A4%E0%A4%A8-%E0%A4%AD%E0%A4%BE%E0%A4%97-3-1708404249,UNVERIFIED,NEEDS_REVIEW,false,ASSERTION_REASON,0,1,true,1
8,science,17,adolescence,किशोरावस्था की ओर,https://scert.bihar.gov.in/eresources/%E0%A4%B5%E0%A4%BF%E0%A4%9C%E0%A5%A4%E0%A4%A8-%E0%A4%AD%E0%A4%BE%E0%A4%97-3-1708404249,UNVERIFIED,NEEDS_REVIEW,false,CASE_BASED,0,1,true,1
8,science,17,adolescence,किशोरावस्था की ओर,https://scert.bihar.gov.in/eresources/%E0%A4%B5%E0%A4%BF%E0%A4%9C%E0%A5%A4%E0%A4%A8-%E0%A4%AD%E0%A4%BE%E0%A4%97-3-1708404249,UNVERIFIED,NEEDS_REVIEW,false,SHORT_ANSWER,0,1,true,1
8,science,17,adolescence,किशोरावस्था की ओर,https://scert.bihar.gov.in/eresources/%E0%A4%B5%E0%A4%BF%E0%A4%9C%E0%A5%A4%E0%A4%A8-%E0%A4%AD%E0%A4%BE%E0%A4%97-3-1708404249,UNVERIFIED,NEEDS_REVIEW,false,LONG_ANSWER,0,1,true,1
8,science,17,adolescence,किशोरावस्था की ओर,https://scert.bihar.gov.in/eresources/%E0%A4%B5%E0%A4%BF%E0%A4%9C%E0%A5%A4%E0%A4%A8-%E0%A4%AD%E0%A4%BE%E0%A4%97-3-1708404249,UNVERIFIED,NEEDS_REVIEW,false,NUMERICAL,0,1,false,0
8,science,17,adolescence,किशोरावस्था की ओर,https://scert.bihar.gov.in/eresources/%E0%A4%B5%E0%A4%BF%E0%A4%9C%E0%A5%A4%E0%A4%A8-%E0%A4%AD%E0%A4%BE%E0%A4%97-3-1708404249,UNVERIFIED,NEEDS_REVIEW,false,DIAGRAM,0,1,true,1
8,science,17,adolescence,किशोरावस्था की ओर,https://scert.bihar.gov.in/eresources/%E0%A4%B5%E0%A4%BF%E0%A4%9C%E0%A5%A4%E0%A4%A8-%E0%A4%AD%E0%A4%BE%E0%A4%97-3-1708404249,UNVERIFIED,NEEDS_REVIEW,false,MAP,0,1,false,0
8,science,17,adolescence,किशोरावस्था की ओर,https://scert.bihar.gov.in/eresources/%E0%A4%B5%E0%A4%BF%E0%A4%9C%E0%A5%A4%E0%A4%A8-%E0%A4%AD%E0%A4%BE%E0%A4%97-3-1708404249,UNVERIFIED,NEEDS_REVIEW,false,SOURCE_BASED,0,1,false,0
8,science,18,sound,ध्वनियाँ तरह-तरह की,https://scert.bihar.gov.in/eresources/%E0%A4%B5%E0%A4%BF%E0%A4%9C%E0%A5%A4%E0%A4%A8-%E0%A4%AD%E0%A4%BE%E0%A4%97-3-1708404249,UNVERIFIED,NEEDS_REVIEW,false,MCQ,0,1,true,1
8,science,18,sound,ध्वनियाँ तरह-तरह की,https://scert.bihar.gov.in/eresources/%E0%A4%B5%E0%A4%BF%E0%A4%9C%E0%A5%A4%E0%A4%A8-%E0%A4%AD%E0%A4%BE%E0%A4%97-3-1708404249,UNVERIFIED,NEEDS_REVIEW,false,TRUE_FALSE,0,1,true,1
8,science,18,sound,ध्वनियाँ तरह-तरह की,https://scert.bihar.gov.in/eresources/%E0%A4%B5%E0%A4%BF%E0%A4%9C%E0%A5%A4%E0%A4%A8-%E0%A4%AD%E0%A4%BE%E0%A4%97-3-1708404249,UNVERIFIED,NEEDS_REVIEW,false,INPUT,0,1,true,1
8,science,18,sound,ध्वनियाँ तरह-तरह की,https://scert.bihar.gov.in/eresources/%E0%A4%B5%E0%A4%BF%E0%A4%9C%E0%A5%A4%E0%A4%A8-%E0%A4%AD%E0%A4%BE%E0%A4%97-3-1708404249,UNVERIFIED,NEEDS_REVIEW,false,MATCH,0,1,true,1
8,science,18,sound,ध्वनियाँ तरह-तरह की,https://scert.bihar.gov.in/eresources/%E0%A4%B5%E0%A4%BF%E0%A4%9C%E0%A5%A4%E0%A4%A8-%E0%A4%AD%E0%A4%BE%E0%A4%97-3-1708404249,UNVERIFIED,NEEDS_REVIEW,false,ORDER,0,1,true,1
8,science,18,sound,ध्वनियाँ तरह-तरह की,https://scert.bihar.gov.in/eresources/%E0%A4%B5%E0%A4%BF%E0%A4%9C%E0%A5%A4%E0%A4%A8-%E0%A4%AD%E0%A4%BE%E0%A4%97-3-1708404249,UNVERIFIED,NEEDS_REVIEW,false,ASSERTION_REASON,0,1,true,1
8,science,18,sound,ध्वनियाँ तरह-तरह की,https://scert.bihar.gov.in/eresources/%E0%A4%B5%E0%A4%BF%E0%A4%9C%E0%A5%A4%E0%A4%A8-%E0%A4%AD%E0%A4%BE%E0%A4%97-3-1708404249,UNVERIFIED,NEEDS_REVIEW,false,CASE_BASED,0,1,true,1
8,science,18,sound,ध्वनियाँ तरह-तरह की,https://scert.bihar.gov.in/eresources/%E0%A4%B5%E0%A4%BF%E0%A4%9C%E0%A5%A4%E0%A4%A8-%E0%A4%AD%E0%A4%BE%E0%A4%97-3-1708404249,UNVERIFIED,NEEDS_REVIEW,false,SHORT_ANSWER,0,1,true,1
8,science,18,sound,ध्वनियाँ तरह-तरह की,https://scert.bihar.gov.in/eresources/%E0%A4%B5%E0%A4%BF%E0%A4%9C%E0%A5%A4%E0%A4%A8-%E0%A4%AD%E0%A4%BE%E0%A4%97-3-1708404249,UNVERIFIED,NEEDS_REVIEW,false,LONG_ANSWER,0,1,true,1
8,science,18,sound,ध्वनियाँ तरह-तरह की,https://scert.bihar.gov.in/eresources/%E0%A4%B5%E0%A4%BF%E0%A4%9C%E0%A5%A4%E0%A4%A8-%E0%A4%AD%E0%A4%BE%E0%A4%97-3-1708404249,UNVERIFIED,NEEDS_REVIEW,false,NUMERICAL,0,1,false,0
8,science,18,sound,ध्वनियाँ तरह-तरह की,https://scert.bihar.gov.in/eresources/%E0%A4%B5%E0%A4%BF%E0%A4%9C%E0%A5%A4%E0%A4%A8-%E0%A4%AD%E0%A4%BE%E0%A4%97-3-1708404249,UNVERIFIED,NEEDS_REVIEW,false,DIAGRAM,0,1,true,1
8,science,18,sound,ध्वनियाँ तरह-तरह की,https://scert.bihar.gov.in/eresources/%E0%A4%B5%E0%A4%BF%E0%A4%9C%E0%A5%A4%E0%A4%A8-%E0%A4%AD%E0%A4%BE%E0%A4%97-3-1708404249,UNVERIFIED,NEEDS_REVIEW,false,MAP,0,1,false,0
8,science,18,sound,ध्वनियाँ तरह-तरह की,https://scert.bihar.gov.in/eresources/%E0%A4%B5%E0%A4%BF%E0%A4%9C%E0%A5%A4%E0%A4%A8-%E0%A4%AD%E0%A4%BE%E0%A4%97-3-1708404249,UNVERIFIED,NEEDS_REVIEW,false,SOURCE_BASED,0,1,false,0
8,science,19,air-water-pollution,वायु एवं जल-प्रदूषण की समस्या,https://scert.bihar.gov.in/eresources/%E0%A4%B5%E0%A4%BF%E0%A4%9C%E0%A5%A4%E0%A4%A8-%E0%A4%AD%E0%A4%BE%E0%A4%97-3-1708404249,UNVERIFIED,NEEDS_REVIEW,false,MCQ,0,1,true,1
8,science,19,air-water-pollution,वायु एवं जल-प्रदूषण की समस्या,https://scert.bihar.gov.in/eresources/%E0%A4%B5%E0%A4%BF%E0%A4%9C%E0%A5%A4%E0%A4%A8-%E0%A4%AD%E0%A4%BE%E0%A4%97-3-1708404249,UNVERIFIED,NEEDS_REVIEW,false,TRUE_FALSE,0,1,true,1
8,science,19,air-water-pollution,वायु एवं जल-प्रदूषण की समस्या,https://scert.bihar.gov.in/eresources/%E0%A4%B5%E0%A4%BF%E0%A4%9C%E0%A5%A4%E0%A4%A8-%E0%A4%AD%E0%A4%BE%E0%A4%97-3-1708404249,UNVERIFIED,NEEDS_REVIEW,false,INPUT,0,1,true,1
8,science,19,air-water-pollution,वायु एवं जल-प्रदूषण की समस्या,https://scert.bihar.gov.in/eresources/%E0%A4%B5%E0%A4%BF%E0%A4%9C%E0%A5%A4%E0%A4%A8-%E0%A4%AD%E0%A4%BE%E0%A4%97-3-1708404249,UNVERIFIED,NEEDS_REVIEW,false,MATCH,0,1,true,1
8,science,19,air-water-pollution,वायु एवं जल-प्रदूषण की समस्या,https://scert.bihar.gov.in/eresources/%E0%A4%B5%E0%A4%BF%E0%A4%9C%E0%A5%A4%E0%A4%A8-%E0%A4%AD%E0%A4%BE%E0%A4%97-3-1708404249,UNVERIFIED,NEEDS_REVIEW,false,ORDER,0,1,true,1
8,science,19,air-water-pollution,वायु एवं जल-प्रदूषण की समस्या,https://scert.bihar.gov.in/eresources/%E0%A4%B5%E0%A4%BF%E0%A4%9C%E0%A5%A4%E0%A4%A8-%E0%A4%AD%E0%A4%BE%E0%A4%97-3-1708404249,UNVERIFIED,NEEDS_REVIEW,false,ASSERTION_REASON,0,1,true,1
8,science,19,air-water-pollution,वायु एवं जल-प्रदूषण की समस्या,https://scert.bihar.gov.in/eresources/%E0%A4%B5%E0%A4%BF%E0%A4%9C%E0%A5%A4%E0%A4%A8-%E0%A4%AD%E0%A4%BE%E0%A4%97-3-1708404249,UNVERIFIED,NEEDS_REVIEW,false,CASE_BASED,0,1,true,1
8,science,19,air-water-pollution,वायु एवं जल-प्रदूषण की समस्या,https://scert.bihar.gov.in/eresources/%E0%A4%B5%E0%A4%BF%E0%A4%9C%E0%A5%A4%E0%A4%A8-%E0%A4%AD%E0%A4%BE%E0%A4%97-3-1708404249,UNVERIFIED,NEEDS_REVIEW,false,SHORT_ANSWER,0,1,true,1
8,science,19,air-water-pollution,वायु एवं जल-प्रदूषण की समस्या,https://scert.bihar.gov.in/eresources/%E0%A4%B5%E0%A4%BF%E0%A4%9C%E0%A5%A4%E0%A4%A8-%E0%A4%AD%E0%A4%BE%E0%A4%97-3-1708404249,UNVERIFIED,NEEDS_REVIEW,false,LONG_ANSWER,0,1,true,1
8,science,19,air-water-pollution,वायु एवं जल-प्रदूषण की समस्या,https://scert.bihar.gov.in/eresources/%E0%A4%B5%E0%A4%BF%E0%A4%9C%E0%A5%A4%E0%A4%A8-%E0%A4%AD%E0%A4%BE%E0%A4%97-3-1708404249,UNVERIFIED,NEEDS_REVIEW,false,NUMERICAL,0,1,false,0
8,science,19,air-water-pollution,वायु एवं जल-प्रदूषण की समस्या,https://scert.bihar.gov.in/eresources/%E0%A4%B5%E0%A4%BF%E0%A4%9C%E0%A5%A4%E0%A4%A8-%E0%A4%AD%E0%A4%BE%E0%A4%97-3-1708404249,UNVERIFIED,NEEDS_REVIEW,false,DIAGRAM,0,1,true,1
8,science,19,air-water-pollution,वायु एवं जल-प्रदूषण की समस्या,https://scert.bihar.gov.in/eresources/%E0%A4%B5%E0%A4%BF%E0%A4%9C%E0%A5%A4%E0%A4%A8-%E0%A4%AD%E0%A4%BE%E0%A4%97-3-1708404249,UNVERIFIED,NEEDS_REVIEW,false,MAP,0,1,false,0
8,science,19,air-water-pollution,वायु एवं जल-प्रदूषण की समस्या,https://scert.bihar.gov.in/eresources/%E0%A4%B5%E0%A4%BF%E0%A4%9C%E0%A5%A4%E0%A4%A8-%E0%A4%AD%E0%A4%BE%E0%A4%97-3-1708404249,UNVERIFIED,NEEDS_REVIEW,false,SOURCE_BASED,0,1,false,0
